filepath,label,sequence_id,condition,material,surface,timestamp_raw,sha256,filename,width,height,brightness,blur_laplacian_var,near_dup_flag,source_split
c:/Users/Rivan/Projects/AI_Grand_Prix/data/_hf_snapshot/test_50k/2022012523414614-dry-asphalt-smooth.jpg,DRY,202201252341,dry,asphalt,smooth,2022012523414614,9d4f9b2098ea554ed0ca720c54e1473ae82bb3887584fc7249bab1902b77103c,2022012523414614-dry-asphalt-smooth.jpg,240,360,134.45747685185185,291.05572285866236,False,train
c:/Users/Rivan/Projects/AI_Grand_Prix/data/_hf_snapshot/test_50k/2022012523433319-wet-asphalt-smooth.jpg,DAMP,202201252343,wet,asphalt,smooth,2022012523433319,37bc5d7b1e16d0ba963b7a3fd05bee4f1b48f5019f7cc604e0d3b45d10a4a46c,2022012523433319-wet-asphalt-smooth.jpg,240,360,113.11121527777777,221.8682203187961,False,train
c:/Users/Rivan/Projects/AI_Grand_Prix/data/_hf_snapshot/test_50k/2022012600471014-dry-asphalt-smooth.jpg,DRY,202201260047,dry,asphalt,smooth,2022012600471014,7cfb9e27ea789fcad1bc2f80113c51be826c50e1bb45f5bad33c37077772b15a,2022012600471014-dry-asphalt-smooth.jpg,240,360,109.33350694444445,276.7158097029321,False,train
c:/Users/Rivan/Projects/AI_Grand_Prix/data/_hf_snapshot/test_50k/202201261342364-dry-asphalt-smooth.jpg,DRY,202201261342,dry,asphalt,smooth,202201261342364,821461708cd624b5fac57fa5bf2d267695b9b137ffdba955e143c35af17b333b,202201261342364-dry-asphalt-smooth.jpg,240,360,148.4118287037037,121.01409488811728,False,train
c:/Users/Rivan/Projects/AI_Grand_Prix/data/_hf_snapshot/test_50k/202201261533378-wet-asphalt-smooth.jpg,DAMP,202201261533,wet,asphalt,smooth,202201261533378,3a071dedfff3c568880b4918a4e23e8de32df5ec40824aedeba2fb3fbcf6f369,202201261533378-wet-asphalt-smooth.jpg,240,360,148.2585185185185,736.5151698811515,False,train
c:/Users/Rivan/Projects/AI_Grand_Prix/data/_hf_snapshot/test_50k/2022012617561410-wet-asphalt-smooth.jpg,DAMP,202201261756,wet,asphalt,smooth,2022012617561410,6b21ecbb15f9f17b077f8cdef146a48eff3e82ada49654c300efceb3c1857c6b,2022012617561410-wet-asphalt-smooth.jpg,240,360,114.87119212962963,1113.6596664575563,False,train
c:/Users/Rivan/Projects/AI_Grand_Prix/data/_hf_snapshot/test_50k/2022012619241010-dry-asphalt-smooth.jpg,DRY,202201261924,dry,asphalt,smooth,2022012619241010,3865da1b8a3b79141971b0e01f04fe04552af84568c06f3901b03afc6760fb01,2022012619241010-dry-asphalt-smooth.jpg,240,360,168.9404976851852,549.251192896412,False,train
c:/Users/Rivan/Projects/AI_Grand_Prix/data/_hf_snapshot/test_50k/2022012619332217-dry-asphalt-smooth.jpg,DRY,202201261933,dry,asphalt,smooth,2022012619332217,9ab9636417799df97d62d8b4ea993a456b9c4b76ece081dc55d4c759e0a2c8e3,2022012619332217-dry-asphalt-smooth.jpg,240,360,147.0814699074074,285.3081093535665,False,train
c:/Users/Rivan/Projects/AI_Grand_Prix/data/_hf_snapshot/test_50k/202201261952033-dry-asphalt-smooth.jpg,DRY,202201261952,dry,asphalt,smooth,202201261952033,387dfae87bcec60e6501daa5369398a20f2f54becc360293a9519301e636548e,202201261952033-dry-asphalt-smooth.jpg,240,360,130.41736111111112,477.44998813001007,False,train
c:/Users/Rivan/Projects/AI_Grand_Prix/data/_hf_snapshot/test_50k/2022012620015910-dry-asphalt-smooth.jpg,DRY,202201262001,dry,asphalt,smooth,2022012620015910,163a27f5e1951b5afccb3a91f5a2840ef53727a4c9e22d632d2594b14e51d1ef,2022012620015910-dry-asphalt-smooth.jpg,240,360,124.15681712962963,335.86475039531354,False,train
c:/Users/Rivan/Projects/AI_Grand_Prix/data/_hf_snapshot/test_50k/2022012621122312-dry-asphalt-smooth.jpg,DRY,202201262112,dry,asphalt,smooth,2022012621122312,4abe6afb1e2ff251ec5bd81dbcc654b5b0b0b5ba3357d340d2a0894011d26269,2022012621122312-dry-asphalt-smooth.jpg,240,360,141.8115162037037,292.01251861282583,False,train
c:/Users/Rivan/Projects/AI_Grand_Prix/data/_hf_snapshot/test_50k/2022012621152415-dry-asphalt-smooth.jpg,DRY,202201262115,dry,asphalt,smooth,2022012621152415,25d0b16309cfa5cbfc18161e5c919fb55e62ef9fb3efe5bb321ca5b00d9002e1,2022012621152415-dry-asphalt-smooth.jpg,240,360,128.09184027777778,500.84081856781546,False,train
c:/Users/Rivan/Projects/AI_Grand_Prix/data/_hf_snapshot/test_50k/2022012621191011-dry-asphalt-smooth.jpg,DRY,202201262119,dry,asphalt,smooth,2022012621191011,6473a7a0f1226630cf6ed6df566a785ade0a4b6807f8c278eb85daf3ebf6576e,2022012621191011-dry-asphalt-smooth.jpg,240,360,146.8962037037037,547.8199127823859,False,train
c:/Users/Rivan/Projects/AI_Grand_Prix/data/_hf_snapshot/test_50k/202201262141324-dry-asphalt-smooth.jpg,DRY,202201262141,dry,asphalt,smooth,202201262141324,c3df859c5721f5cbb312ae3e7dae3f46701ed37893c5f400968d222d11f539dc,202201262141324-dry-asphalt-smooth.jpg,240,360,140.22167824074074,273.14041338252315,False,train
c:/Users/Rivan/Projects/AI_Grand_Prix/data/_hf_snapshot/test_50k/202201262203026-dry-asphalt-smooth.jpg,DRY,202201262203,dry,asphalt,smooth,202201262203026,1fb33c78c72c0a164b5493cf40fe4fa454a8592dc1f5ecfd74ee010e0bcb2b86,202201262203026-dry-asphalt-smooth.jpg,240,360,103.7749537037037,74.30279930501972,False,train
c:/Users/Rivan/Projects/AI_Grand_Prix/data/_hf_snapshot/test_50k/2022012622340712-dry-asphalt-smooth.jpg,DRY,202201262234,dry,asphalt,smooth,2022012622340712,23a684d3a9e4554ad2180349760936e2afca887f3520da0fa5c78675c6c44f4d,2022012622340712-dry-asphalt-smooth.jpg,240,360,127.05883101851852,91.82327356596686,False,train
c:/Users/Rivan/Projects/AI_Grand_Prix/data/_hf_snapshot/test_50k/202201262250364-dry-asphalt-smooth.jpg,DRY,202201262250,dry,asphalt,smooth,202201262250364,5a6176a74a0f0a889169da19578c6ac2b5873ccc06bc9b43198c95b2395a3d6b,202201262250364-dry-asphalt-smooth.jpg,240,360,135.18462962962963,42.99660987654321,False,train
c:/Users/Rivan/Projects/AI_Grand_Prix/data/_hf_snapshot/test_50k/2022012623255816-dry-concrete-smooth.jpg,DRY,202201262325,dry,concrete,smooth,2022012623255816,d6660b81377fb14591f9eaf3d3d3859acd1191954224cea0572103bec4a10b95,2022012623255816-dry-concrete-smooth.jpg,240,360,166.52690972222223,23.637232375123244,False,train
c:/Users/Rivan/Projects/AI_Grand_Prix/data/_hf_snapshot/test_50k/2022012623261614-dry-concrete-smooth.jpg,DRY,202201262326,dry,concrete,smooth,2022012623261614,0e8b6d34cc385550db2d71df4538c84ef352906bcd0f2c51c5cc20c9989b053f,2022012623261614-dry-concrete-smooth.jpg,240,360,119.37828703703704,8.698228845030648,False,train
c:/Users/Rivan/Projects/AI_Grand_Prix/data/_hf_snapshot/test_50k/2022012623274713-dry-concrete-smooth.jpg,DRY,202201262327,dry,concrete,smooth,2022012623274713,1eec88d4391bfd871f5988e82ae640e6e7a98ee5ba46513ad7c09d1d7abc2b24,2022012623274713-dry-concrete-smooth.jpg,240,360,105.07153935185185,22.253228528886957,False,train
c:/Users/Rivan/Projects/AI_Grand_Prix/data/_hf_snapshot/test_50k/2022012623320517-dry-concrete-smooth.jpg,DRY,202201262332,dry,concrete,smooth,2022012623320517,307ecfbdffc1d51746a422e92c0f1e9766a9ec9bf10237db44663b5d66f2aae3,2022012623320517-dry-concrete-smooth.jpg,240,360,125.65873842592593,25.356096797705547,False,train
c:/Users/Rivan/Projects/AI_Grand_Prix/data/_hf_snapshot/test_50k/202201262332187-dry-asphalt-smooth.jpg,DRY,202201262332,dry,asphalt,smooth,202201262332187,1a2fc08243061d9468d8412625eddd95390eafc19219461a0223128a3309d134,202201262332187-dry-asphalt-smooth.jpg,240,360,112.43045138888888,244.91234640118637,False,train
c:/Users/Rivan/Projects/AI_Grand_Prix/data/_hf_snapshot/test_50k/202201262333227-dry-asphalt-smooth.jpg,DRY,202201262333,dry,asphalt,smooth,202201262333227,4a380e8082459cd3ada6794c00b8d3906341b30143f3cb63ec0ab47849ce5c7b,202201262333227-dry-asphalt-smooth.jpg,240,360,121.32028935185186,141.07233325617284,False,train
c:/Users/Rivan/Projects/AI_Grand_Prix/data/_hf_snapshot/test_50k/2022012700020213-water-concrete-slight.jpg,WET,202201270002,water,concrete,slight,2022012700020213,6a69cc831e7e3d565d2b6d6f35eeb619e86b7aeccdc655651ee3d46415e97260,2022012700020213-water-concrete-slight.jpg,240,360,105.67283564814815,78.4741298513321,False,train
c:/Users/Rivan/Projects/AI_Grand_Prix/data/_hf_snapshot/test_50k/202201270008004-dry-asphalt-slight.jpg,DRY,202201270008,dry,asphalt,slight,202201270008004,5d3a577abc58342a9fd83d15b72e3b6e37687135a780a9cc51facc8ebcaa5a36,202201270008004-dry-asphalt-slight.jpg,240,360,141.0421412037037,314.8342415102023,False,train
c:/Users/Rivan/Projects/AI_Grand_Prix/data/_hf_snapshot/test_50k/202201270028056-dry-asphalt-slight.jpg,DRY,202201270028,dry,asphalt,slight,202201270028056,4bb4bae93c01528d741fa7e7a9b39a59779d034792a22a1c87ca58b21bd66f62,202201270028056-dry-asphalt-slight.jpg,240,360,117.67981481481482,115.8424771470979,False,train
c:/Users/Rivan/Projects/AI_Grand_Prix/data/_hf_snapshot/test_50k/2022012714173119-dry-asphalt-severe.jpg,DRY,202201271417,dry,asphalt,severe,2022012714173119,4056a257fb24c55d5e96bc2a6e1b48419c31ee9ebc873a7c4e10dd873f516c3a,2022012714173119-dry-asphalt-severe.jpg,240,360,96.05535879629629,281.5116685473197,False,train
c:/Users/Rivan/Projects/AI_Grand_Prix/data/_hf_snapshot/test_50k/202201271433506-dry-asphalt-smooth.jpg,DRY,202201271433,dry,asphalt,smooth,202201271433506,37cc7ae4718430140e17c1222d7d9e5cf1283263531c877d2e971425b725d8c2,202201271433506-dry-asphalt-smooth.jpg,240,360,116.18043981481482,227.71978891661843,False,train
c:/Users/Rivan/Projects/AI_Grand_Prix/data/_hf_snapshot/test_50k/2022012716124317-dry-concrete-smooth.jpg,DRY,202201271612,dry,concrete,smooth,2022012716124317,962a5b86c46bdfdc5ebf70dad7f71c001c6c1542d6fc3943175f8df7aa438471,2022012716124317-dry-concrete-smooth.jpg,240,360,132.2922800925926,14.067221527777777,False,train
c:/Users/Rivan/Projects/AI_Grand_Prix/data/_hf_snapshot/test_50k/202201271622387-dry-concrete-smooth.jpg,DRY,202201271622,dry,concrete,smooth,202201271622387,9146f77945bef5de377a9b01ff1cffb068ad991e275a0d1dcd9a06e2ce02b44b,202201271622387-dry-concrete-smooth.jpg,240,360,115.67149305555556,147.28039638189622,False,train
c:/Users/Rivan/Projects/AI_Grand_Prix/data/_hf_snapshot/test_50k/202201271701598-dry-asphalt-slight.jpg,DRY,202201271701,dry,asphalt,slight,202201271701598,2b8ea9a3529e7c4a3d51b1bccff97030e1c16a43c2443f65e997f5bcdaa61791,202201271701598-dry-asphalt-slight.jpg,240,360,115.06570601851851,179.59631087105626,False,train
c:/Users/Rivan/Projects/AI_Grand_Prix/data/_hf_snapshot/test_50k/2022012717123619-dry-asphalt-severe.jpg,DRY,202201271712,dry,asphalt,severe,2022012717123619,b263397fe0a67d5cd9245420b6ebbeaabfeabb9787e7cd548fe3b68d1e50f668,2022012717123619-dry-asphalt-severe.jpg,240,360,103.05177083333334,192.91970783165618,False,train
c:/Users/Rivan/Projects/AI_Grand_Prix/data/_hf_snapshot/test_50k/202201271723278-dry-asphalt-slight.jpg,DRY,202201271723,dry,asphalt,slight,202201271723278,c35d7b976987de5c48d028d8f5b078bcb6facf5b4a4ab99f8f177030e1e9238a,202201271723278-dry-asphalt-slight.jpg,240,360,139.74175925925925,377.3967283950617,False,train
c:/Users/Rivan/Projects/AI_Grand_Prix/data/_hf_snapshot/test_50k/2022012717241311-dry-asphalt-severe.jpg,DRY,202201271724,dry,asphalt,severe,2022012717241311,027373b8686807af6fb364bba409a8741542b75393803bd88682afa534e667f2,2022012717241311-dry-asphalt-severe.jpg,240,360,124.81163194444444,433.83810734833145,False,train
c:/Users/Rivan/Projects/AI_Grand_Prix/data/_hf_snapshot/test_50k/2022012717241318-dry-asphalt-severe.jpg,DRY,202201271724,dry,asphalt,severe,2022012717241318,4308543ba06e10335398e4cda316e27e6c1c941356524fe4b50a3dc5f6a0192c,2022012717241318-dry-asphalt-severe.jpg,240,360,131.04141203703705,331.65286810646006,False,train
c:/Users/Rivan/Projects/AI_Grand_Prix/data/_hf_snapshot/test_50k/202201272053518-dry-asphalt-slight.jpg,DRY,202201272053,dry,asphalt,slight,202201272053518,cf46b7ea461e47409f5ea432e333692a8e9f2c74decf95f461bef3e2d0bfdb2d,202201272053518-dry-asphalt-slight.jpg,240,360,136.00878472222223,119.82691910150892,False,train
c:/Users/Rivan/Projects/AI_Grand_Prix/data/_hf_snapshot/test_50k/202201272058103-dry-asphalt-slight.jpg,DRY,202201272058,dry,asphalt,slight,202201272058103,85c5d2b8cdf08f765956356165a5eecd49d44ceb8cc9882b1034d58476f2e8e9,202201272058103-dry-asphalt-slight.jpg,240,360,124.55976851851852,262.1588766770351,False,train
c:/Users/Rivan/Projects/AI_Grand_Prix/data/_hf_snapshot/test_50k/2022012721181812-dry-concrete-slight.jpg,DRY,202201272118,dry,concrete,slight,2022012721181812,ae114e1fa43649f60462f1991018445b3d631195b625e1b381ad395c868f102f,2022012721181812-dry-concrete-slight.jpg,240,360,133.37386574074074,98.5728491028753,False,train
c:/Users/Rivan/Projects/AI_Grand_Prix/data/_hf_snapshot/test_50k/202201272323316-wet-concrete-smooth.jpg,DAMP,202201272323,wet,concrete,smooth,202201272323316,709891746e65a97f707f0baf518774ec12827601a640c6f46ad3859862bc5b63,202201272323316-wet-concrete-smooth.jpg,240,360,105.78760416666667,46.9098018838681,False,train
c:/Users/Rivan/Projects/AI_Grand_Prix/data/_hf_snapshot/test_50k/2022012812412914-wet-asphalt-slight.jpg,DAMP,202201281241,wet,asphalt,slight,2022012812412914,40d2ebd86ffc73d3b3ca20cbcd0fc6d266f36cd7351a98c5572d303ea1d82030,2022012812412914-wet-asphalt-slight.jpg,240,360,86.87273148148148,29.896802805507328,False,train
c:/Users/Rivan/Projects/AI_Grand_Prix/data/_hf_snapshot/test_50k/2022012816053113-wet-asphalt-severe.jpg,DAMP,202201281605,wet,asphalt,severe,2022012816053113,8773be76f9c0a514f2e2a908981c67bb1209469c2504c476f627348d08e8e2d0,2022012816053113-wet-asphalt-severe.jpg,240,360,70.35049768518519,76.24023109085648,False,train
c:/Users/Rivan/Projects/AI_Grand_Prix/data/_hf_snapshot/test_50k/202201281830382-wet-asphalt-slight.jpg,DAMP,202201281830,wet,asphalt,slight,202201281830382,b33cdf3846090f46f6a8ec81e8de17bb33858e6df9ee45074a77845e9c5da80e,202201281830382-wet-asphalt-slight.jpg,240,360,94.35028935185186,89.76062273608967,False,train
c:/Users/Rivan/Projects/AI_Grand_Prix/data/_hf_snapshot/test_50k/202201281836141-wet-asphalt-severe.jpg,DAMP,202201281836,wet,asphalt,severe,202201281836141,cb43be7eadab60e4382f3dd43b48d4a648821fd38f5f6d6ea1eb265596b60186,202201281836141-wet-asphalt-severe.jpg,240,360,115.48344907407407,454.06713661895037,False,train
c:/Users/Rivan/Projects/AI_Grand_Prix/data/_hf_snapshot/test_50k/202201281958371-wet-asphalt-severe.jpg,DAMP,202201281958,wet,asphalt,severe,202201281958371,d94f98996ed8ff151e397316ca27b47c8e1c514cd16157e914e8eb6d4dd38801,202201281958371-wet-asphalt-severe.jpg,240,360,101.5359375,371.3883289930555,False,train
c:/Users/Rivan/Projects/AI_Grand_Prix/data/_hf_snapshot/test_50k/202201282018012-water-asphalt-severe.jpg,WET,202201282018,water,asphalt,severe,202201282018012,a2acb0bba53b9045c769fc414e8f55754f276dc3d84222ebfcc4862cbc3cad80,202201282018012-water-asphalt-severe.jpg,240,360,105.68097222222222,149.09268482295957,False,train
c:/Users/Rivan/Projects/AI_Grand_Prix/data/_hf_snapshot/test_50k/2022012820183715-water-asphalt-severe.jpg,WET,202201282018,water,asphalt,severe,2022012820183715,ec2c189880f4a9d9680712d8db6b761b30979d0f7dc97d7b1e413607e85c437a,2022012820183715-water-asphalt-severe.jpg,240,360,90.71827546296296,63.941861127052256,False,train
c:/Users/Rivan/Projects/AI_Grand_Prix/data/_hf_snapshot/test_50k/2022012820584912-water-concrete-smooth.jpg,WET,202201282058,water,concrete,smooth,2022012820584912,8616cb955dbf89b7995d2168a912e3f5a019c919e86b5903b583c8e7b0e8c17a,2022012820584912-water-concrete-smooth.jpg,240,360,94.5497337962963,141.1026841337395,False,train
c:/Users/Rivan/Projects/AI_Grand_Prix/data/_hf_snapshot/test_50k/202201282116116-wet-concrete-smooth.jpg,DAMP,202201282116,wet,concrete,smooth,202201282116116,7dce40d1b1f91cc4f55f7aa2445cd20b3d19a46db45235d41047509ab7fe6f85,202201282116116-wet-concrete-smooth.jpg,240,360,106.29393518518519,44.658610026041664,False,train
c:/Users/Rivan/Projects/AI_Grand_Prix/data/_hf_snapshot/test_50k/202201282119518-wet-concrete-smooth.jpg,DAMP,202201282119,wet,concrete,smooth,202201282119518,b41b4d02a2146c2d3735043f8ea0601f02664365b8a6d29c4f1ac619f742f130,202201282119518-wet-concrete-smooth.jpg,240,360,120.07921296296297,2.4196872523094566,False,train
c:/Users/Rivan/Projects/AI_Grand_Prix/data/_hf_snapshot/test_50k/2022012821243015-wet-concrete-smooth.jpg,DAMP,202201282124,wet,concrete,smooth,2022012821243015,2c49af6b8adec4c0bc37911c6c77f65d1f19f0c9457772f574b93e6744748a2d,2022012821243015-wet-concrete-smooth.jpg,240,360,95.30356481481482,3.71372682559585,False,train
c:/Users/Rivan/Projects/AI_Grand_Prix/data/_hf_snapshot/test_50k/202201282142199-wet-asphalt-slight.jpg,DAMP,202201282142,wet,asphalt,slight,202201282142199,55e22e6b503c15a5e712db778dff66cb5fc27530629a3b7618c1416c8c828e47,202201282142199-wet-asphalt-slight.jpg,240,360,84.2959837962963,124.73419728638868,False,train
c:/Users/Rivan/Projects/AI_Grand_Prix/data/_hf_snapshot/test_50k/2022012822344116-wet-concrete-smooth.jpg,DAMP,202201282234,wet,concrete,smooth,2022012822344116,7b48a0a7066563ebfc2f0d4e18593ff73147cc6686eb5d8b8baaded0bd694099,2022012822344116-wet-concrete-smooth.jpg,240,360,102.99688657407407,19.7977430554216,False,train
c:/Users/Rivan/Projects/AI_Grand_Prix/data/_hf_snapshot/test_50k/2022012822351917-wet-concrete-smooth.jpg,DAMP,202201282235,wet,concrete,smooth,2022012822351917,5438d8c6671d0a6404041c3f0fd98810341b26d79ccea44d7cc7a0d454a684f1,2022012822351917-wet-concrete-smooth.jpg,240,360,102.33184027777777,19.235496890941143,False,train
c:/Users/Rivan/Projects/AI_Grand_Prix/data/_hf_snapshot/test_50k/2022012822440915-wet-concrete-smooth.jpg,DAMP,202201282244,wet,concrete,smooth,2022012822440915,b5b04904d2a7f461b773fc3e63a46deabfd0b798b9ae3f7f5866f7da25afd1f2,2022012822440915-wet-concrete-smooth.jpg,240,360,104.45449074074074,31.832029449052644,False,train
c:/Users/Rivan/Projects/AI_Grand_Prix/data/_hf_snapshot/test_50k/202202072239415-water-concrete-smooth.jpg,WET,202202072239,water,concrete,smooth,202202072239415,2b133405368571ae23c462fa343cb09a98e41283ea1a1e11fa4b6b84fbaa5669,202202072239415-water-concrete-smooth.jpg,240,360,159.9145601851852,1087.6705150161556,False,train
c:/Users/Rivan/Projects/AI_Grand_Prix/data/_hf_snapshot/test_50k/2022020817151211-water-concrete-smooth.jpg,WET,202202081715,water,concrete,smooth,2022020817151211,2dedac08b7efabd398e0b506f451c40f0c05794e44c57848b5f2873f4291f7a0,2022020817151211-water-concrete-smooth.jpg,240,360,109.64439814814814,82.70606655079196,False,train
c:/Users/Rivan/Projects/AI_Grand_Prix/data/_hf_snapshot/test_50k/2022020817151217-wet-concrete-smooth.jpg,DAMP,202202081715,wet,concrete,smooth,2022020817151217,3d1e1661711a7bda83601fc2d55a558d780a0fe02eb4725ccdae1ba766508f64,2022020817151217-wet-concrete-smooth.jpg,240,360,102.81385416666667,17.71217474226252,False,train
c:/Users/Rivan/Projects/AI_Grand_Prix/data/_hf_snapshot/test_50k/202202081722599-wet-asphalt-severe.jpg,DAMP,202202081722,wet,asphalt,severe,202202081722599,ed7bd910b2ec239813d16979ca30e3750540454a79ed80a5ab688d1ef86e1e67,202202081722599-wet-asphalt-severe.jpg,240,360,82.43240740740741,106.65735526928475,False,train
c:/Users/Rivan/Projects/AI_Grand_Prix/data/_hf_snapshot/test_50k/2022020819070118-wet-asphalt-smooth.jpg,DAMP,202202081907,wet,asphalt,smooth,2022020819070118,b070a482fec26783c5c3567ed5d11cdeebc1b0ed027e14532022cbc47082783f,2022020819070118-wet-asphalt-smooth.jpg,240,360,87.97225694444444,12.0145013008777,False,train
c:/Users/Rivan/Projects/AI_Grand_Prix/data/_hf_snapshot/test_50k/2022020820183010-wet-asphalt-smooth.jpg,DAMP,202202082018,wet,asphalt,smooth,2022020820183010,c3cd100b801b5a428b5db634b4c879fa8680564a73df2823d046f654d16891b0,2022020820183010-wet-asphalt-smooth.jpg,240,360,85.74413194444445,51.584004436192565,False,train
c:/Users/Rivan/Projects/AI_Grand_Prix/data/_hf_snapshot/test_50k/202202082031211-water-asphalt-severe.jpg,WET,202202082031,water,asphalt,severe,202202082031211,8c708ca4c695e61ebd40f5b1469c24ea78f83af45dceabe43509fc72b630702c,202202082031211-water-asphalt-severe.jpg,240,360,140.17181712962963,229.20105709876546,False,train
c:/Users/Rivan/Projects/AI_Grand_Prix/data/_hf_snapshot/test_50k/202202082043286-water-asphalt-smooth.jpg,WET,202202082043,water,asphalt,smooth,202202082043286,8632d7f356b1f41c9280825bddaeab6bebed59155aacfdc1ddfc7c57ace677b4,202202082043286-water-asphalt-smooth.jpg,240,360,127.31569444444445,21.934926311192555,False,train
c:/Users/Rivan/Projects/AI_Grand_Prix/data/_hf_snapshot/test_50k/2022020820505117-wet-asphalt-slight.jpg,DAMP,202202082050,wet,asphalt,slight,2022020820505117,2f1f8f040706760a89badd1fb5f1145de9b2834e024b0e9f7547908a41822e89,2022020820505117-wet-asphalt-slight.jpg,240,360,101.6702662037037,35.014875562494645,False,train
c:/Users/Rivan/Projects/AI_Grand_Prix/data/_hf_snapshot/test_50k/2022020820595914-wet-asphalt-slight.jpg,DAMP,202202082059,wet,asphalt,slight,2022020820595914,2ed7ce70eebe66be8ed22a7fd1aca7e13c62733a54fdb66a97bd212b1ef00f5d,2022020820595914-wet-asphalt-slight.jpg,240,360,96.95417824074075,41.57173285108024,False,train
c:/Users/Rivan/Projects/AI_Grand_Prix/data/_hf_snapshot/test_50k/202202082101073-wet-asphalt-slight.jpg,DAMP,202202082101,wet,asphalt,slight,202202082101073,50c8b9f794d2e9cf0fcb6d3ee542a3ffeb0d6c08c7c6a6356a98d0e54385d75a,202202082101073-wet-asphalt-slight.jpg,240,360,133.74936342592594,318.78497562358007,False,train
c:/Users/Rivan/Projects/AI_Grand_Prix/data/_hf_snapshot/test_50k/2022020821034916-wet-asphalt-slight.jpg,DAMP,202202082103,wet,asphalt,slight,2022020821034916,25e0abf6fe76d21ea03c8f58d2155fa73c53d29232c96f9b24575e4f283720b1,2022020821034916-wet-asphalt-slight.jpg,240,360,95.92627314814816,61.75639849523641,False,train
c:/Users/Rivan/Projects/AI_Grand_Prix/data/_hf_snapshot/test_50k/2022020821223918-water-concrete-smooth.jpg,WET,202202082122,water,concrete,smooth,2022020821223918,63f6e19c200dfa31972e04b2a66785a2cb6fd0399c13f4f350f886eaa8f8774c,2022020821223918-water-concrete-smooth.jpg,240,360,100.8548263888889,7.519687204084147,False,train
c:/Users/Rivan/Projects/AI_Grand_Prix/data/_hf_snapshot/test_50k/2022020821324610-wet-asphalt-smooth.jpg,DAMP,202202082132,wet,asphalt,smooth,2022020821324610,24cd20e60786d9888579a1af44d15e1a045d08e521c8ffa17105455503736d44,2022020821324610-wet-asphalt-smooth.jpg,240,360,97.11697916666667,21.13497391760974,False,train
c:/Users/Rivan/Projects/AI_Grand_Prix/data/_hf_snapshot/test_50k/2022020821391513-wet-asphalt-smooth.jpg,DAMP,202202082139,wet,asphalt,smooth,2022020821391513,29900b22c59c8880a9c59b1252559c51b29462991133266d1de1476ffe1a6ebf,2022020821391513-wet-asphalt-smooth.jpg,240,360,90.56702546296296,12.062868807870371,False,train
c:/Users/Rivan/Projects/AI_Grand_Prix/data/_hf_snapshot/test_50k/202202082207038-water-concrete-slight.jpg,WET,202202082207,water,concrete,slight,202202082207038,fe0a287328109f20f95d80c1ad904002180f10ab8e0c0bb013ed8344af3f3536,202202082207038-water-concrete-slight.jpg,240,360,123.4444212962963,121.56481218921469,False,train
c:/Users/Rivan/Projects/AI_Grand_Prix/data/_hf_snapshot/test_50k/202202082209142-water-concrete-slight.jpg,WET,202202082209,water,concrete,slight,202202082209142,84cc3891ec949b2d78203a1452ca9f83752226690be7fcceb61ed871519a1254,202202082209142-water-concrete-slight.jpg,240,360,132.54694444444445,375.24461970111025,False,train
c:/Users/Rivan/Projects/AI_Grand_Prix/data/_hf_snapshot/test_50k/2022020822230111-water-concrete-smooth.jpg,WET,202202082223,water,concrete,smooth,2022020822230111,03f0158e3ba888abfdbd8e29ad259fe623a9fa3032c1e3b8f7b9758f39abcf0a,2022020822230111-water-concrete-smooth.jpg,240,360,106.51998842592593,44.451133314043204,False,train
c:/Users/Rivan/Projects/AI_Grand_Prix/data/_hf_snapshot/test_50k/202202082223143-water-concrete-smooth.jpg,WET,202202082223,water,concrete,smooth,202202082223143,d741e3b86fe5f295db741748633aa91a12e793834e87d629a49797b9950f3f10,202202082223143-water-concrete-smooth.jpg,240,360,98.36458333333333,95.14833487600738,False,train
c:/Users/Rivan/Projects/AI_Grand_Prix/data/_hf_snapshot/test_50k/202202082225247-water-concrete-smooth.jpg,WET,202202082225,water,concrete,smooth,202202082225247,6b7bf0cfc12ddba19e4e09a1d92ebca34b725eef6788f2e23ea17330b686ae35,202202082225247-water-concrete-smooth.jpg,240,360,100.24667824074074,85.4596868986572,False,train
c:/Users/Rivan/Projects/AI_Grand_Prix/data/_hf_snapshot/test_50k/202202082229532-water-concrete-smooth.jpg,WET,202202082229,water,concrete,smooth,202202082229532,e8c8ef4586cbdb4524a2cdd1df94b62b290e01e545c1eb8b550feea74eabbb39,202202082229532-water-concrete-smooth.jpg,240,360,160.81099537037036,102.18797202275697,False,train
c:/Users/Rivan/Projects/AI_Grand_Prix/data/_hf_snapshot/test_50k/202202082247266-water-concrete-smooth.jpg,WET,202202082247,water,concrete,smooth,202202082247266,0f50e2f30bffad438723d0219adafadadc86a8d4aa33c1b3c6e64e2e1d150c57,202202082247266-water-concrete-smooth.jpg,240,360,108.33678240740741,3.269750041661309,False,train
c:/Users/Rivan/Projects/AI_Grand_Prix/data/_hf_snapshot/test_50k/202202082249029-water-concrete-smooth.jpg,WET,202202082249,water,concrete,smooth,202202082249029,d6200338f9c0ca1b6fe13812868cb7d7c0a1327ce3925e4ce5f6f40c8a71be73,202202082249029-water-concrete-smooth.jpg,240,360,121.119375,599.2518771667899,False,train
c:/Users/Rivan/Projects/AI_Grand_Prix/data/_hf_snapshot/test_50k/2022020822575811-wet-asphalt-smooth.jpg,DAMP,202202082257,wet,asphalt,smooth,2022020822575811,54c3ec404156894b10441341cb6d3c2139d0bd9e4befcbae6fb3844d12a29aae,2022020822575811-wet-asphalt-smooth.jpg,240,360,106.979375,50.25899245421275,False,train
c:/Users/Rivan/Projects/AI_Grand_Prix/data/_hf_snapshot/test_50k/202202082302153-water-concrete-smooth.jpg,WET,202202082302,water,concrete,smooth,202202082302153,b3286d91d37e195861a21f664c3f29f3d61ce3afbdcc789e609556bacf2cdaee,202202082302153-water-concrete-smooth.jpg,240,360,78.97722222222222,339.7396625180844,False,train
c:/Users/Rivan/Projects/AI_Grand_Prix/data/_hf_snapshot/test_50k/2022020823055714-water-concrete-smooth.jpg,WET,202202082305,water,concrete,smooth,2022020823055714,a2bd8e9bbb9644f25e2f7b2e540b45046f2ec00fed23a84560d358e0f39c7b1f,2022020823055714-water-concrete-smooth.jpg,240,360,111.09945601851852,3.0233671766493058,False,train
c:/Users/Rivan/Projects/AI_Grand_Prix/data/_hf_snapshot/test_50k/2022020823092112-wet-concrete-smooth.jpg,DAMP,202202082309,wet,concrete,smooth,2022020823092112,03a2b357f49e9962a2c0758f6b0cd59dee8d45b43dda606e854fd416cb46e0b4,2022020823092112-wet-concrete-smooth.jpg,240,360,74.9321875,41.94902189415617,False,train
c:/Users/Rivan/Projects/AI_Grand_Prix/data/_hf_snapshot/test_50k/2022020823181816-water-concrete-severe.jpg,WET,202202082318,water,concrete,severe,2022020823181816,3f9730fb2cd6bc192b1bd98cc2a5066f75311d46fe3f64de33b2e68ecca8b146,2022020823181816-water-concrete-severe.jpg,240,360,89.04039351851851,35.74879303626544,False,train
c:/Users/Rivan/Projects/AI_Grand_Prix/data/_hf_snapshot/test_50k/2022020823195717-wet-concrete-slight.jpg,DAMP,202202082319,wet,concrete,slight,2022020823195717,4f0863b7f22d7044a7fbd2195d7f046941a1d57e3e54b62baedb3d2db1acdca3,2022020823195717-wet-concrete-slight.jpg,240,360,98.83105324074074,141.82984157865548,False,train
c:/Users/Rivan/Projects/AI_Grand_Prix/data/_hf_snapshot/test_50k/202202082331427-wet-asphalt-slight.jpg,DAMP,202202082331,wet,asphalt,slight,202202082331427,346649d5e0449a7153e194a224bc9378816375d4f3a46998587fe25e15d9bc14,202202082331427-wet-asphalt-slight.jpg,240,360,100.61174768518518,205.31470030649862,False,train
c:/Users/Rivan/Projects/AI_Grand_Prix/data/_hf_snapshot/test_50k/2022020920134511-water-asphalt-severe.jpg,WET,202202092013,water,asphalt,severe,2022020920134511,e92413154e11e859e70946f915dd1d0e2b344b24330f31f125202bfb888e2866,2022020920134511-water-asphalt-severe.jpg,240,360,87.7070138888889,74.48636333898641,False,train
c:/Users/Rivan/Projects/AI_Grand_Prix/data/_hf_snapshot/test_50k/2022020920161114-wet-concrete-smooth.jpg,DAMP,202202092016,wet,concrete,smooth,2022020920161114,069f366daaa202786013dd78884f9b9c713da6cf4e2514a006c403dbcb39bb72,2022020920161114-wet-concrete-smooth.jpg,240,360,96.95771990740741,4.292638652584877,False,train
c:/Users/Rivan/Projects/AI_Grand_Prix/data/_hf_snapshot/test_50k/2022020920225613-water-concrete-smooth.jpg,WET,202202092022,water,concrete,smooth,2022020920225613,6e0eef8a97bdcac9e6263b5003927ed4b3e55d5c8b3c7fe307d94000d2d6dce4,2022020920225613-water-concrete-smooth.jpg,240,360,102.42039351851852,19.344177993050195,False,train
c:/Users/Rivan/Projects/AI_Grand_Prix/data/_hf_snapshot/test_50k/20220209214659919-wet-concrete-severe.jpg,DAMP,202202092146,wet,concrete,severe,20220209214659919,7324d5a6e74a26a40fd027ad99e80ba6a8cb0acc6c927759c0d20d5ba0ad673b,20220209214659919-wet-concrete-severe.jpg,240,360,100.17582175925926,167.78947710691017,False,train
c:/Users/Rivan/Projects/AI_Grand_Prix/data/_hf_snapshot/test_50k/2022020921535211-wet-asphalt-severe.jpg,DAMP,202202092153,wet,asphalt,severe,2022020921535211,29a570aa6c3cb94af6050082e0ef119e253aa91c4ce33d4bb3ae4f3c19af9b40,2022020921535211-wet-asphalt-severe.jpg,240,360,96.42744212962963,214.20431351152584,False,train
c:/Users/Rivan/Projects/AI_Grand_Prix/data/_hf_snapshot/test_50k/2022020921542718-wet-asphalt-severe.jpg,DAMP,202202092154,wet,asphalt,severe,2022020921542718,502cecc2780d4828d4753042e94756738c6f2fd3dd4096eea40bc369c6bc69b0,2022020921542718-wet-asphalt-severe.jpg,240,360,80.86396990740741,68.18901490429955,False,train
c:/Users/Rivan/Projects/AI_Grand_Prix/data/_hf_snapshot/test_50k/2022021010504213-dry-concrete-smooth.jpg,DRY,202202101050,dry,concrete,smooth,2022021010504213,aad76563407c3bbe6cb1f00dc6f5810312290b53a7cdaceefa6072e12be1ac52,2022021010504213-dry-concrete-smooth.jpg,240,360,132.36761574074075,17.795489379581404,False,train
c:/Users/Rivan/Projects/AI_Grand_Prix/data/_hf_snapshot/test_50k/202202101130259-dry-asphalt-smooth.jpg,DRY,202202101130,dry,asphalt,smooth,202202101130259,9241694c2a930681340f930b3081399f20933fef5a3f12af7e1e3ffe4db0bb4c,202202101130259-dry-asphalt-smooth.jpg,240,360,164.3087962962963,436.2405335057388,False,train
c:/Users/Rivan/Projects/AI_Grand_Prix/data/_hf_snapshot/test_50k/2022021012041117-dry-asphalt-smooth.jpg,DRY,202202101204,dry,asphalt,smooth,2022021012041117,9a4a58d20b350fea49ad021afb69a3a0e8f7f4f09906955ff0b77b380570643e,2022021012041117-dry-asphalt-smooth.jpg,240,360,116.50568287037036,295.28054385274675,False,train
c:/Users/Rivan/Projects/AI_Grand_Prix/data/_hf_snapshot/test_50k/202202101316152-dry-asphalt-smooth.jpg,DRY,202202101316,dry,asphalt,smooth,202202101316152,7fdb8f48aa1e2ca98e6daf72d5e22c6129c160a15ee8c9f5fb4ce6081ce909ba,202202101316152-dry-asphalt-smooth.jpg,240,360,121.06076388888889,20.354374093230238,False,train
c:/Users/Rivan/Projects/AI_Grand_Prix/data/_hf_snapshot/test_50k/202202101317519-dry-asphalt-smooth.jpg,DRY,202202101317,dry,asphalt,smooth,202202101317519,a6f4bf048a47657b0139622ad688efcd271a2c12b5c1b7c785ca081a4f60e4c9,202202101317519-dry-asphalt-smooth.jpg,240,360,119.79510416666666,81.33062190500686,False,train
c:/Users/Rivan/Projects/AI_Grand_Prix/data/_hf_snapshot/test_50k/202202101340438-dry-asphalt-smooth.jpg,DRY,202202101340,dry,asphalt,smooth,202202101340438,f5c818ab7cdde162fc69fdce3ec153410649728a0db3c3e63cd3fe1472081131,202202101340438-dry-asphalt-smooth.jpg,240,360,111.92172453703704,61.945809528785155,False,train
c:/Users/Rivan/Projects/AI_Grand_Prix/data/_hf_snapshot/test_50k/202202101354437-dry-asphalt-smooth.jpg,DRY,202202101354,dry,asphalt,smooth,202202101354437,e692c5247cb9618660ca001fdaa657bb04f902b108406a6679f37822ea961d86,202202101354437-dry-asphalt-smooth.jpg,240,360,117.22868055555556,313.80385253290035,False,train
c:/Users/Rivan/Projects/AI_Grand_Prix/data/_hf_snapshot/test_50k/202202101358482-dry-asphalt-smooth.jpg,DRY,202202101358,dry,asphalt,smooth,202202101358482,a371048d57024d17b9375af92792efca0c6f49b1711ab8bb637298fdb3ca97ff,202202101358482-dry-asphalt-smooth.jpg,240,360,142.79605324074075,133.9902811855656,False,train
c:/Users/Rivan/Projects/AI_Grand_Prix/data/_hf_snapshot/test_50k/202202101403066-dry-asphalt-smooth.jpg,DRY,202202101403,dry,asphalt,smooth,202202101403066,e66f2f00243cd79b81677ee2879eadf695545fc1a2ab4da9f62df103a6749d4f,202202101403066-dry-asphalt-smooth.jpg,240,360,123.26114583333333,952.2090658414782,False,train
c:/Users/Rivan/Projects/AI_Grand_Prix/data/_hf_snapshot/test_50k/202202101404306-dry-asphalt-smooth.jpg,DRY,202202101404,dry,asphalt,smooth,202202101404306,ed0597d05e9f1be06b13743c2e9eb8835dcd26a55571a7a32a1e46f12749f055,202202101404306-dry-asphalt-smooth.jpg,240,360,132.72721064814814,693.1835985691819,False,train
c:/Users/Rivan/Projects/AI_Grand_Prix/data/_hf_snapshot/test_50k/202202101404328-dry-asphalt-smooth.jpg,DRY,202202101404,dry,asphalt,smooth,202202101404328,91dc8d433157d8eda18a66957fc8ca3951891cc9b1e1c2a77b0c6615a5ed3e96,202202101404328-dry-asphalt-smooth.jpg,240,360,134.99599537037037,711.9735243525753,False,train
c:/Users/Rivan/Projects/AI_Grand_Prix/data/_hf_snapshot/test_50k/2022021014073619-dry-asphalt-smooth.jpg,DRY,202202101407,dry,asphalt,smooth,2022021014073619,046d22740334cf7529d97f944203b3618e122d7fe512de237f5ab46cbab8e4ba,2022021014073619-dry-asphalt-smooth.jpg,240,360,118.74778935185185,57.71203504318844,False,train
c:/Users/Rivan/Projects/AI_Grand_Prix/data/_hf_snapshot/test_50k/2022021014104112-dry-asphalt-smooth.jpg,DRY,202202101410,dry,asphalt,smooth,2022021014104112,59f948b588fccf69c448fc8869959c7b4eed51c8d848163fb9d8b499429af286,2022021014104112-dry-asphalt-smooth.jpg,240,360,118.01282407407408,220.87325951847032,False,train
c:/Users/Rivan/Projects/AI_Grand_Prix/data/_hf_snapshot/test_50k/202202101414043-dry-asphalt-smooth.jpg,DRY,202202101414,dry,asphalt,smooth,202202101414043,c7231cdb708ef71ee39f895e416ad05a4f6d1074f4c8138a25b3436339e380c3,202202101414043-dry-asphalt-smooth.jpg,240,360,152.80228009259258,132.76961301386746,False,train
c:/Users/Rivan/Projects/AI_Grand_Prix/data/_hf_snapshot/test_50k/2022021014140713-dry-asphalt-smooth.jpg,DRY,202202101414,dry,asphalt,smooth,2022021014140713,836d9f60fd732284fb98bb1c262810526d2fc59499557c2f4239af09754b81be,2022021014140713-dry-asphalt-smooth.jpg,240,360,108.62253472222223,181.46997676812737,False,train
c:/Users/Rivan/Projects/AI_Grand_Prix/data/_hf_snapshot/test_50k/2022021014145418-dry-asphalt-smooth.jpg,DRY,202202101414,dry,asphalt,smooth,2022021014145418,56d3a7088da90053de924f215cdcfe3b376f4e5d59027c4c9a9762e90a95d04c,2022021014145418-dry-asphalt-smooth.jpg,240,360,106.05197916666667,111.89203582055362,False,train
c:/Users/Rivan/Projects/AI_Grand_Prix/data/_hf_snapshot/test_50k/202202101422436-dry-asphalt-smooth.jpg,DRY,202202101422,dry,asphalt,smooth,202202101422436,dca05b42e1cac75788ab64840372fcc1f7ae807a8ef14e6805dd84386cd9e487,202202101422436-dry-asphalt-smooth.jpg,240,360,119.7322337962963,699.1504267403978,False,train
c:/Users/Rivan/Projects/AI_Grand_Prix/data/_hf_snapshot/test_50k/2022021014251612-dry-asphalt-smooth.jpg,DRY,202202101425,dry,asphalt,smooth,2022021014251612,6d059facefe63b452448e145edde0aa18adefb027bcee388d172bde80af0e38d,2022021014251612-dry-asphalt-smooth.jpg,240,360,128.4595486111111,391.843587628065,False,train
c:/Users/Rivan/Projects/AI_Grand_Prix/data/_hf_snapshot/test_50k/2022021015102913-dry-concrete-smooth.jpg,DRY,202202101510,dry,concrete,smooth,2022021015102913,36845e30c52e3dacbed61a519f3d02a37737149a7125b3b2fc6892e95ed1e3cc,2022021015102913-dry-concrete-smooth.jpg,240,360,175.83474537037037,1796.449017384688,False,train
c:/Users/Rivan/Projects/AI_Grand_Prix/data/_hf_snapshot/test_50k/2022021015105219-dry-concrete-smooth.jpg,DRY,202202101510,dry,concrete,smooth,2022021015105219,99e7d847d6da893661ee27a1815edda732fd49986d02fddefb50ceffa1a213c0,2022021015105219-dry-concrete-smooth.jpg,240,360,150.49017361111112,79.70058981146583,False,train
c:/Users/Rivan/Projects/AI_Grand_Prix/data/_hf_snapshot/test_50k/2022021015180517-dry-asphalt-severe.jpg,DRY,202202101518,dry,asphalt,severe,2022021015180517,8f4c00f59e36aec2d1ce90f339971f8c1aceec1f120f270ee21a511f4dadad86,2022021015180517-dry-asphalt-severe.jpg,240,360,168.47530092592592,4222.947392913559,False,train
c:/Users/Rivan/Projects/AI_Grand_Prix/data/_hf_snapshot/test_50k/2022021015242912-dry-asphalt-severe.jpg,DRY,202202101524,dry,asphalt,severe,2022021015242912,484529560e0369dc07ae9c3438955ee9e0750653f2be7eb5f7069479da5fea3d,2022021015242912-dry-asphalt-severe.jpg,240,360,184.52180555555555,326.72034636488337,False,train
c:/Users/Rivan/Projects/AI_Grand_Prix/data/_hf_snapshot/test_50k/2022021015320119-dry-asphalt-severe.jpg,DRY,202202101532,dry,asphalt,severe,2022021015320119,94e9495a5c83902f529b946675ca7f1549f6a8b0d06878cb02d681ec9301dd60,2022021015320119-dry-asphalt-severe.jpg,240,360,177.3392824074074,513.5383344001843,False,train
c:/Users/Rivan/Projects/AI_Grand_Prix/data/_hf_snapshot/test_50k/202202101546379-dry-asphalt-severe.jpg,DRY,202202101546,dry,asphalt,severe,202202101546379,088754019445c6e866bb7b87353b11aea447bb97fd5fca63a498383ea9bef295,202202101546379-dry-asphalt-severe.jpg,240,360,160.63836805555556,2390.8885087105623,False,train
c:/Users/Rivan/Projects/AI_Grand_Prix/data/_hf_snapshot/test_50k/202202101600131-dry-asphalt-smooth.jpg,DRY,202202101600,dry,asphalt,smooth,202202101600131,4711ee0144c5b65891d021a8d832fd6e85df26c7d0e37b1b7b549d3491946a44,202202101600131-dry-asphalt-smooth.jpg,240,360,199.65333333333334,1236.596134224966,False,train
c:/Users/Rivan/Projects/AI_Grand_Prix/data/_hf_snapshot/test_50k/2022021016011711-dry-asphalt-smooth.jpg,DRY,202202101601,dry,asphalt,smooth,2022021016011711,f09c0627471914397665191a79bdac86df812e9baf5dff8f6d0be532cb58d76d,2022021016011711-dry-asphalt-smooth.jpg,240,360,159.30159722222223,1135.676701388755,False,train
c:/Users/Rivan/Projects/AI_Grand_Prix/data/_hf_snapshot/test_50k/202202101604292-dry-asphalt-smooth.jpg,DRY,202202101604,dry,asphalt,smooth,202202101604292,9da3299541a6405ae5f01275aab4a5e882fdd217de67c324b6f3f5bb415db019,202202101604292-dry-asphalt-smooth.jpg,240,360,110.60863425925926,4.705335242921596,False,train
c:/Users/Rivan/Projects/AI_Grand_Prix/data/_hf_snapshot/test_50k/2022021016143813-dry-asphalt-smooth.jpg,DRY,202202101614,dry,asphalt,smooth,2022021016143813,3e719f7dda13555bf5d78134d590241489c3f1be4b6c9bcd8fad0d2f6dbd111e,2022021016143813-dry-asphalt-smooth.jpg,240,360,109.75690972222222,922.235867249657,False,train
c:/Users/Rivan/Projects/AI_Grand_Prix/data/_hf_snapshot/test_50k/2022021016153011-dry-asphalt-smooth.jpg,DRY,202202101615,dry,asphalt,smooth,2022021016153011,1dd8cd86dc32a7380f0aae8b03a319c554bbacca0d989e4edb0292bbf4dba248,2022021016153011-dry-asphalt-smooth.jpg,240,360,112.67090277777778,74.28410812100802,False,train
c:/Users/Rivan/Projects/AI_Grand_Prix/data/_hf_snapshot/test_50k/2022021016220310-dry-asphalt-smooth.jpg,DRY,202202101622,dry,asphalt,smooth,2022021016220310,4090e95a58e15d9f217a55cfc6060342e6d1e7058c6162076062440b9d36db4d,2022021016220310-dry-asphalt-smooth.jpg,240,360,127.91530092592592,328.62135411830747,False,train
c:/Users/Rivan/Projects/AI_Grand_Prix/data/_hf_snapshot/test_50k/202202101623329-dry-asphalt-smooth.jpg,DRY,202202101623,dry,asphalt,smooth,202202101623329,13582da6af79b1820b24a2dc968ea9927574f37ee140c95c6eff1dc92372e944,202202101623329-dry-asphalt-smooth.jpg,240,360,136.76506944444444,536.8562946565019,False,train
c:/Users/Rivan/Projects/AI_Grand_Prix/data/_hf_snapshot/test_50k/2022021016362911-dry-asphalt-smooth.jpg,DRY,202202101636,dry,asphalt,smooth,2022021016362911,aad29cfddf9f72fe42e38ce83d1cf2b2110f3f5cf8bcd459e0ea467eb1b934e6,2022021016362911-dry-asphalt-smooth.jpg,240,360,112.71996527777777,3.796897888803155,False,train
c:/Users/Rivan/Projects/AI_Grand_Prix/data/_hf_snapshot/test_50k/2022021016453413-dry-asphalt-smooth.jpg,DRY,202202101645,dry,asphalt,smooth,2022021016453413,26b9944875097249638f398abc5927ac710827e64ed4b4ff192718abbeecb566,2022021016453413-dry-asphalt-smooth.jpg,240,360,118.69789351851851,736.602284824567,False,train
c:/Users/Rivan/Projects/AI_Grand_Prix/data/_hf_snapshot/test_50k/2022021016511413-dry-asphalt-smooth.jpg,DRY,202202101651,dry,asphalt,smooth,2022021016511413,94351ffe2dea5914e24c3f1c6ff2ff863a60c318848ca5c79af28622cdc6c233,2022021016511413-dry-asphalt-smooth.jpg,240,360,116.44597222222222,665.114581972174,False,train
c:/Users/Rivan/Projects/AI_Grand_Prix/data/_hf_snapshot/test_50k/202202101654218-dry-asphalt-smooth.jpg,DRY,202202101654,dry,asphalt,smooth,202202101654218,52f0f456a874f6d61a38c897236a5d93b13239c81724298e0247a71ce7c6082d,202202101654218-dry-asphalt-smooth.jpg,240,360,145.58582175925926,380.30341139925736,False,train
c:/Users/Rivan/Projects/AI_Grand_Prix/data/_hf_snapshot/test_50k/2022021017003915-dry-asphalt-smooth.jpg,DRY,202202101700,dry,asphalt,smooth,2022021017003915,8b0a84f37f99dad6d268c058e1175ac103a021854414957a549607500a2ee321,2022021017003915-dry-asphalt-smooth.jpg,240,360,124.40059027777778,5931.995809734546,False,train
c:/Users/Rivan/Projects/AI_Grand_Prix/data/_hf_snapshot/test_50k/202202101714487-dry-concrete-smooth.jpg,DRY,202202101714,dry,concrete,smooth,202202101714487,bc145f9b012ec7b717a92ad06a692b55dd269eb79b14f0554621180ca82c43bd,202202101714487-dry-concrete-smooth.jpg,240,360,104.58643518518518,46.538742789780514,False,train
c:/Users/Rivan/Projects/AI_Grand_Prix/data/_hf_snapshot/test_50k/2022021017201818-dry-concrete-smooth.jpg,DRY,202202101720,dry,concrete,smooth,2022021017201818,10d778fcbf01f19191db2156eedd02661ed32329013c0f4c65e2d34cadcad484,2022021017201818-dry-concrete-smooth.jpg,240,360,187.69872685185186,77.76975626915616,False,train
c:/Users/Rivan/Projects/AI_Grand_Prix/data/_hf_snapshot/test_50k/2022021017271418-dry-asphalt-smooth.jpg,DRY,202202101727,dry,asphalt,smooth,2022021017271418,823ffc5002845e8ac5916959c9dfeff92b3ff497c6e78288a32e1410aa21c477,2022021017271418-dry-asphalt-smooth.jpg,240,360,89.83164351851852,12.733712763497728,False,train
c:/Users/Rivan/Projects/AI_Grand_Prix/data/_hf_snapshot/test_50k/202202101751409-dry-asphalt-smooth.jpg,DRY,202202101751,dry,asphalt,smooth,202202101751409,9ef2c0c471e2e3928361593e39277fd59d2b7c0e619aae95ac8725edf7e070bc,202202101751409-dry-asphalt-smooth.jpg,240,360,92.86106481481481,9.72586801684135,False,train
c:/Users/Rivan/Projects/AI_Grand_Prix/data/_hf_snapshot/test_50k/2022021018345910-dry-asphalt-smooth.jpg,DRY,202202101834,dry,asphalt,smooth,2022021018345910,4f84320ed17dd6c95b8c7b10c1d03b2d241f6a95fe8b0a7f6f78d70b4860fff5,2022021018345910-dry-asphalt-smooth.jpg,240,360,183.74969907407407,290.1333431278935,False,train
c:/Users/Rivan/Projects/AI_Grand_Prix/data/_hf_snapshot/test_50k/202202101846379-dry-asphalt-smooth.jpg,DRY,202202101846,dry,asphalt,smooth,202202101846379,4242daaf24953b3db3e388c1e12ba411d16ac50dd217cfe0faf92ea77a291a6a,202202101846379-dry-asphalt-smooth.jpg,240,360,173.25489583333334,416.8576181893808,False,train
c:/Users/Rivan/Projects/AI_Grand_Prix/data/_hf_snapshot/test_50k/202202101859467-dry-asphalt-smooth.jpg,DRY,202202101859,dry,asphalt,smooth,202202101859467,b39d05878a7ad2d3f18a46d8ed87684c9a64ac939cb8d882ae81441f6afbcdc8,202202101859467-dry-asphalt-smooth.jpg,240,360,105.29820601851851,126.55510416546103,False,train
c:/Users/Rivan/Projects/AI_Grand_Prix/data/_hf_snapshot/test_50k/202202101900223-dry-asphalt-smooth.jpg,DRY,202202101900,dry,asphalt,smooth,202202101900223,85626db19331ef468936d24a728fc7d4f6d9a05cc720c35a8990a1a5d3ee2731,202202101900223-dry-asphalt-smooth.jpg,240,360,132.14695601851852,38.02886753458826,False,train
c:/Users/Rivan/Projects/AI_Grand_Prix/data/_hf_snapshot/test_50k/2022021019005616-dry-asphalt-smooth.jpg,DRY,202202101900,dry,asphalt,smooth,2022021019005616,c848c4d238f650b055d583e1600a5ad83a1aa09da0da9485c63c4d812c1b9c6f,2022021019005616-dry-asphalt-smooth.jpg,240,360,183.7936226851852,888.1276808147667,False,train
c:/Users/Rivan/Projects/AI_Grand_Prix/data/_hf_snapshot/test_50k/202202101905046-dry-asphalt-smooth.jpg,DRY,202202101905,dry,asphalt,smooth,202202101905046,51d5c00612a5efc7ee3bd74c46a2af22dadf08788cbd2a9173741e7eba51ccea,202202101905046-dry-asphalt-smooth.jpg,240,360,114.67287037037038,565.6603329849054,False,train
c:/Users/Rivan/Projects/AI_Grand_Prix/data/_hf_snapshot/test_50k/2022021020395315-dry-asphalt-smooth.jpg,DRY,202202102039,dry,asphalt,smooth,2022021020395315,8d944068b6af037a384a8e9416cbe1bd1f8a69515fc87cf65230d7fedd6f57d1,2022021020395315-dry-asphalt-smooth.jpg,240,360,162.12673611111111,886.0616024257331,False,train
c:/Users/Rivan/Projects/AI_Grand_Prix/data/_hf_snapshot/test_50k/202202102042351-dry-asphalt-smooth.jpg,DRY,202202102042,dry,asphalt,smooth,202202102042351,dbacecdd0ee548dee8eab5da4a27907150d659e90394504eac131dd63b2def35,202202102042351-dry-asphalt-smooth.jpg,240,360,186.65256944444445,208.22065653077848,False,train
c:/Users/Rivan/Projects/AI_Grand_Prix/data/_hf_snapshot/test_50k/202202102048495-dry-asphalt-smooth.jpg,DRY,202202102048,dry,asphalt,smooth,202202102048495,e2f15022d38dd7304f5100bc139f09d353f3c77e29264379482ba7824d55a7b4,202202102048495-dry-asphalt-smooth.jpg,240,360,171.64921296296296,12.462444508209021,False,train
c:/Users/Rivan/Projects/AI_Grand_Prix/data/_hf_snapshot/test_50k/202202102107176229-dry-asphalt-severe.jpg,DRY,202202102107,dry,asphalt,severe,202202102107176229,1579dc1b9731c8e468d3b25b7b66ff85ac7c5e88a42fb8e4e0b98d68cd280920,202202102107176229-dry-asphalt-severe.jpg,240,360,169.59989583333333,2570.32484567419,False,train
c:/Users/Rivan/Projects/AI_Grand_Prix/data/_hf_snapshot/test_50k/2022021021274117-dry-concrete-smooth.jpg,DRY,202202102127,dry,concrete,smooth,2022021021274117,305a13ecc43bcdc8f01609fff0eb39d0dfe2f53f721803dc3be9735cf6983745,2022021021274117-dry-concrete-smooth.jpg,240,360,163.10182870370372,894.0351851851852,False,train
c:/Users/Rivan/Projects/AI_Grand_Prix/data/_hf_snapshot/test_50k/2022021021552114-dry-concrete-smooth.jpg,DRY,202202102155,dry,concrete,smooth,2022021021552114,ae4b73301f89dd106b35a27c6833f45ebac39f05d11d66f1515f81a4f4bf6a42,2022021021552114-dry-concrete-smooth.jpg,240,360,121.78162037037038,42.83563639068394,False,train
c:/Users/Rivan/Projects/AI_Grand_Prix/data/_hf_snapshot/test_50k/2022021021554118-dry-concrete-smooth.jpg,DRY,202202102155,dry,concrete,smooth,2022021021554118,f9f0e53ab83fc1633648809526742ec4153aed78469872729fc5ce3283676690,2022021021554118-dry-concrete-smooth.jpg,240,360,105.90459490740741,3.9617937102141205,False,train
c:/Users/Rivan/Projects/AI_Grand_Prix/data/_hf_snapshot/test_50k/202202102210129-dry-concrete-smooth.jpg,DRY,202202102210,dry,concrete,smooth,202202102210129,14f46e87b29e134384bedd18ee0f87c513075d03413551359660232816d344f5,202202102210129-dry-concrete-smooth.jpg,240,360,118.26346064814815,2.217685176611797,False,train
c:/Users/Rivan/Projects/AI_Grand_Prix/data/_hf_snapshot/test_50k/2022021022202318-dry-concrete-smooth.jpg,DRY,202202102220,dry,concrete,smooth,2022021022202318,754c7b81e59bc422f533a654c2e7f785a24512a3562114b2953742cffa03e721,2022021022202318-dry-concrete-smooth.jpg,240,360,94.12511574074074,18.592405666473766,False,train
c:/Users/Rivan/Projects/AI_Grand_Prix/data/_hf_snapshot/test_50k/2022021022205415-dry-concrete-smooth.jpg,DRY,202202102220,dry,concrete,smooth,2022021022205415,e70964e032d0f00b6ecaac139c881a79a0cda1a123efedf4f22d97f6fd60f383,2022021022205415-dry-concrete-smooth.jpg,240,360,145.4453587962963,177.28259211033952,False,train
c:/Users/Rivan/Projects/AI_Grand_Prix/data/_hf_snapshot/test_50k/202202102222287-dry-concrete-smooth.jpg,DRY,202202102222,dry,concrete,smooth,202202102222287,8f2d6b7727bf0fc0807cad2bf8f10c1089c86bfde633e1d1a44a0d289abba12f,202202102222287-dry-concrete-smooth.jpg,240,360,175.0277662037037,143.66228101637518,False,train
c:/Users/Rivan/Projects/AI_Grand_Prix/data/_hf_snapshot/test_50k/202202102222589-dry-concrete-smooth.jpg,DRY,202202102222,dry,concrete,smooth,202202102222589,7348c36b163ca15efb01b251c1a051af9cdd1518b5fb2c19cac9079a967c9a20,202202102222589-dry-concrete-smooth.jpg,240,360,206.5501273148148,52.17984321938765,False,train
c:/Users/Rivan/Projects/AI_Grand_Prix/data/_hf_snapshot/test_50k/202202102224533-dry-concrete-smooth.jpg,DRY,202202102224,dry,concrete,smooth,202202102224533,16ee41676b4c4aef091cc31a739a25767335a56af2f3f03dbae67570b28e71ba,202202102224533-dry-concrete-smooth.jpg,240,360,201.67613425925927,17.79049965224194,False,train
c:/Users/Rivan/Projects/AI_Grand_Prix/data/_hf_snapshot/test_50k/2022021022250818-dry-concrete-smooth.jpg,DRY,202202102225,dry,concrete,smooth,2022021022250818,a5bd62ca80187678d9dae7df2be95a46b4ea351a3bcb6575efeb1bf45d819b01,2022021022250818-dry-concrete-smooth.jpg,240,360,197.64422453703705,176.03087316087425,False,train
c:/Users/Rivan/Projects/AI_Grand_Prix/data/_hf_snapshot/test_50k/2022021022322917-dry-asphalt-smooth.jpg,DRY,202202102232,dry,asphalt,smooth,2022021022322917,47107e1801c77c3903df4fbdf83d772ccedd8c0069e6bfe37e04b53536a20d6b,2022021022322917-dry-asphalt-smooth.jpg,240,360,175.12326388888889,527.2824563780649,False,train
c:/Users/Rivan/Projects/AI_Grand_Prix/data/_hf_snapshot/test_50k/202202102242106-dry-asphalt-smooth.jpg,DRY,202202102242,dry,asphalt,smooth,202202102242106,76cc48cb13d36ffad14b33a93f9d4761e10636c2fb3b5251d1ee17c2159d71a2,202202102242106-dry-asphalt-smooth.jpg,240,360,130.7750462962963,521.9640387083119,False,train
c:/Users/Rivan/Projects/AI_Grand_Prix/data/_hf_snapshot/test_50k/202202102243489-dry-asphalt-smooth.jpg,DRY,202202102243,dry,asphalt,smooth,202202102243489,e2d0167ac51baf3c2b53e666efd1364c2bc9fea0763469395e74319c6d898b86,202202102243489-dry-asphalt-smooth.jpg,240,360,133.99474537037037,373.5911183437018,False,train
c:/Users/Rivan/Projects/AI_Grand_Prix/data/_hf_snapshot/test_50k/202202102246092-dry-asphalt-smooth.jpg,DRY,202202102246,dry,asphalt,smooth,202202102246092,fac9e44fb3520dc9b51da598c35a55f766596f580ba02f84df548c0a3a2c88a4,202202102246092-dry-asphalt-smooth.jpg,240,360,145.0116087962963,304.09702377387157,False,train
c:/Users/Rivan/Projects/AI_Grand_Prix/data/_hf_snapshot/test_50k/2022021022463714-dry-asphalt-smooth.jpg,DRY,202202102246,dry,asphalt,smooth,2022021022463714,4db2b7eaa6e1f1a541f6f4476630202c4321ba1f681c75a0e8d0974456a337b9,2022021022463714-dry-asphalt-smooth.jpg,240,360,107.26115740740741,803.722681509211,False,train
c:/Users/Rivan/Projects/AI_Grand_Prix/data/_hf_snapshot/test_50k/2022021022541711-dry-concrete-smooth.jpg,DRY,202202102254,dry,concrete,smooth,2022021022541711,39f6dce2e255da94a12d7ca5fa2c1accf097c5330f75a208a62d7bccd9f7063d,2022021022541711-dry-concrete-smooth.jpg,240,360,160.58728009259258,88.24844436728395,False,train
c:/Users/Rivan/Projects/AI_Grand_Prix/data/_hf_snapshot/test_50k/2022021022544113-dry-concrete-smooth.jpg,DRY,202202102254,dry,concrete,smooth,2022021022544113,974cddc4f687f2f81499ed1a9afda2ffe235f44d21ad2d036ea89be25499a3e9,2022021022544113-dry-concrete-smooth.jpg,240,360,83.33386574074073,58.47211413845487,False,train
c:/Users/Rivan/Projects/AI_Grand_Prix/data/_hf_snapshot/test_50k/2022021022562013-dry-concrete-smooth.jpg,DRY,202202102256,dry,concrete,smooth,2022021022562013,99449b910a9add79b307fc49ed7bc99c3c7dec1b93bfbb19a892ae410a5a1de6,2022021022562013-dry-concrete-smooth.jpg,240,360,97.70431712962963,23.227442128423995,False,train
c:/Users/Rivan/Projects/AI_Grand_Prix/data/_hf_snapshot/test_50k/2022021022593015-dry-concrete-smooth.jpg,DRY,202202102259,dry,concrete,smooth,2022021022593015,183bcf0c51c78ba8f57bc70d88900e63af28acce614df179e685b632f7e71d17,2022021022593015-dry-concrete-smooth.jpg,240,360,110.71153935185185,7.863573334485382,False,train
c:/Users/Rivan/Projects/AI_Grand_Prix/data/_hf_snapshot/test_50k/202202102316018-dry-concrete-severe.jpg,DRY,202202102316,dry,concrete,severe,202202102316018,c96224e17843f85988394c1cb3d447941e293a7d7ef2ddd220ce83f798d8c538,202202102316018-dry-concrete-severe.jpg,240,360,208.30315972222223,557.6548996913581,False,train
c:/Users/Rivan/Projects/AI_Grand_Prix/data/_hf_snapshot/test_50k/2022021023183410-dry-concrete-smooth.jpg,DRY,202202102318,dry,concrete,smooth,2022021023183410,bac9e637f61242da8462141fdd9723763af2f6fb465dd3ddb9a072958aec2ea5,2022021023183410-dry-concrete-smooth.jpg,240,360,219.7437962962963,5.254362004752872,False,train
c:/Users/Rivan/Projects/AI_Grand_Prix/data/_hf_snapshot/test_50k/202202102339304-dry-asphalt-smooth.jpg,DRY,202202102339,dry,asphalt,smooth,202202102339304,1967d9b76c820921ae8dcb89ec90670847a2a51211555314a2a8d8f87ae7e9d1,202202102339304-dry-asphalt-smooth.jpg,240,360,156.00703703703704,76.91253375436708,False,train
c:/Users/Rivan/Projects/AI_Grand_Prix/data/_hf_snapshot/test_50k/202202102353318-dry-asphalt-smooth.jpg,DRY,202202102353,dry,asphalt,smooth,202202102353318,0c58ee537d1eeea2bb0ae65949d3da14bdce828107cdc662c8750f47dcef8d8d,202202102353318-dry-asphalt-smooth.jpg,240,360,201.38077546296296,32.23720512782386,False,train
c:/Users/Rivan/Projects/AI_Grand_Prix/data/_hf_snapshot/test_50k/202202102358137-dry-concrete-smooth.jpg,DRY,202202102358,dry,concrete,smooth,202202102358137,7105fd6a38dcf531f494e0d9fc5368859fb551207491a8f5d132b1b4041133c2,202202102358137-dry-concrete-smooth.jpg,240,360,176.10400462962963,131.9292407395351,False,train
c:/Users/Rivan/Projects/AI_Grand_Prix/data/_hf_snapshot/test_50k/2022021113103812-dry-concrete-slight.jpg,DRY,202202111310,dry,concrete,slight,2022021113103812,6a1778c16f4df5434d75a17a2d7fbd581083fda765dc15e448240048e95bf0b1,2022021113103812-dry-concrete-slight.jpg,240,360,184.24800925925925,52.02428032353824,False,train
c:/Users/Rivan/Projects/AI_Grand_Prix/data/_hf_snapshot/test_50k/2022021113185912-dry-asphalt-severe.jpg,DRY,202202111318,dry,asphalt,severe,2022021113185912,af42ffc7c3b37fbd72e5b49b2729dc574c464d50ffb1904406f598e9e5669b9a,2022021113185912-dry-asphalt-severe.jpg,240,360,196.6132175925926,17.213829057222007,False,train
c:/Users/Rivan/Projects/AI_Grand_Prix/data/_hf_snapshot/test_50k/2022021113245617-dry-concrete-slight.jpg,DRY,202202111324,dry,concrete,slight,2022021113245617,d937187c5ced0425d97e4e7990fbd3c5b09e5dbf43a4e6104dff2e002b8c277a,2022021113245617-dry-concrete-slight.jpg,240,360,206.00908564814816,226.76844708022549,False,train
c:/Users/Rivan/Projects/AI_Grand_Prix/data/_hf_snapshot/test_50k/202202111327012-dry-concrete-smooth.jpg,DRY,202202111327,dry,concrete,smooth,202202111327012,4b977ead05553750d5b581e0c6903525c8ea0dc9e2497adb81312bce74502804,202202111327012-dry-concrete-smooth.jpg,240,360,208.01748842592593,2.604199684794024,False,train
c:/Users/Rivan/Projects/AI_Grand_Prix/data/_hf_snapshot/test_50k/202202111335211-dry-asphalt-severe.jpg,DRY,202202111335,dry,asphalt,severe,202202111335211,91b4703c89a7bc98519f5fdb958e96212abebe150712e5eecf8b826b286f40ad,202202111335211-dry-asphalt-severe.jpg,240,360,163.7522337962963,3567.809611183449,False,train
c:/Users/Rivan/Projects/AI_Grand_Prix/data/_hf_snapshot/test_50k/202202111354061-dry-asphalt-severe.jpg,DRY,202202111354,dry,asphalt,severe,202202111354061,a4b4b59a4ab783e7e822b7264cbd1a5b2a0ab1d09d9dc079760dbdc9b6d4d831,202202111354061-dry-asphalt-severe.jpg,240,360,158.92373842592593,2372.672133616121,False,train
c:/Users/Rivan/Projects/AI_Grand_Prix/data/_hf_snapshot/test_50k/202202111400535-dry-asphalt-severe.jpg,DRY,202202111400,dry,asphalt,severe,202202111400535,123b4759033cc2d0368a1796f96209cf91948b86280db53b08206dadb8211eae,202202111400535-dry-asphalt-severe.jpg,240,360,170.1296875,1252.2541179649993,False,train
c:/Users/Rivan/Projects/AI_Grand_Prix/data/_hf_snapshot/test_50k/202202111422361-dry-asphalt-severe.jpg,DRY,202202111422,dry,asphalt,severe,202202111422361,e6ff9bb9dfdb07d497376a5104788678b0c37780a24c74722a911df5c3c98f2f,202202111422361-dry-asphalt-severe.jpg,240,360,196.3114236111111,10.847682990397805,False,train
c:/Users/Rivan/Projects/AI_Grand_Prix/data/_hf_snapshot/test_50k/202202111447041-dry-asphalt-severe.jpg,DRY,202202111447,dry,asphalt,severe,202202111447041,479d8d4872f249246b344d5d660d3d5c69ff077ca492797e39e77746baac504e,202202111447041-dry-asphalt-severe.jpg,240,360,141.30479166666666,513.0148946243517,False,train
c:/Users/Rivan/Projects/AI_Grand_Prix/data/_hf_snapshot/test_50k/202202111449531-dry-asphalt-severe.jpg,DRY,202202111449,dry,asphalt,severe,202202111449531,fd4425d35968920b3b3fae39688c2c0908099a6df7df99782ae8c70ef1c0e991,202202111449531-dry-asphalt-severe.jpg,240,360,138.79072916666667,1483.0253265089164,False,train
c:/Users/Rivan/Projects/AI_Grand_Prix/data/_hf_snapshot/test_50k/202202111450122-dry-concrete-severe.jpg,DRY,202202111450,dry,concrete,severe,202202111450122,9127fe5559047cd7baa7e88332b3a2dca1e365995abaa916ef97c9a559f4026d,202202111450122-dry-concrete-severe.jpg,240,360,140.89422453703705,931.8981974258402,False,train
c:/Users/Rivan/Projects/AI_Grand_Prix/data/_hf_snapshot/test_50k/202202111512317-dry-concrete-smooth.jpg,DRY,202202111512,dry,concrete,smooth,202202111512317,aa2e80bc8162405556c2a5c788f04f56650794c5dbc869c0805f59e88775a95a,202202111512317-dry-concrete-smooth.jpg,240,360,133.01155092592592,15.422763689423656,False,train
c:/Users/Rivan/Projects/AI_Grand_Prix/data/_hf_snapshot/test_50k/202202111538219-dry-concrete-smooth.jpg,DRY,202202111538,dry,concrete,smooth,202202111538219,d641302c6797f6fc04fba442e85ad787c59558bb83842ae45a843db899316be2,202202111538219-dry-concrete-smooth.jpg,240,360,180.67953703703705,283.7692115719307,False,train
c:/Users/Rivan/Projects/AI_Grand_Prix/data/_hf_snapshot/test_50k/202202121426444-dry-concrete-slight.jpg,DRY,202202121426,dry,concrete,slight,202202121426444,ecc9f208f6a0cc37c51d67ea6b0ae09fab33db5a3ecaf8d01555f9c5aaedcc65,202202121426444-dry-concrete-slight.jpg,240,360,171.47704861111112,47.93218872117198,False,train
c:/Users/Rivan/Projects/AI_Grand_Prix/data/_hf_snapshot/test_50k/202202121438332-dry-concrete-severe.jpg,DRY,202202121438,dry,concrete,severe,202202121438332,ed24749a116d723dd5e06cec1bd165fa13954648bf7f0b08a26698148975b3f2,202202121438332-dry-concrete-severe.jpg,240,360,175.78855324074075,35.9238813009045,False,train
c:/Users/Rivan/Projects/AI_Grand_Prix/data/_hf_snapshot/test_50k/202202121446241-dry-concrete-slight.jpg,DRY,202202121446,dry,concrete,slight,202202121446241,e873aeb950f8b5afef8aa3a5dde4791b67c0490f4240f61d0cf7d9650fb6c973,202202121446241-dry-concrete-slight.jpg,240,360,178.30208333333334,159.555411091821,False,train
c:/Users/Rivan/Projects/AI_Grand_Prix/data/_hf_snapshot/test_50k/202202121448284-dry-concrete-slight.jpg,DRY,202202121448,dry,concrete,slight,202202121448284,c0dedfa6bf2fb9f3cce6e3c9d8cd5a3f26ef78cb27d5fe25f0432fe04b2bb215,202202121448284-dry-concrete-slight.jpg,240,360,166.74862268518518,28.221340328682274,False,train
c:/Users/Rivan/Projects/AI_Grand_Prix/data/_hf_snapshot/test_50k/202202121448486-dry-concrete-slight.jpg,DRY,202202121448,dry,concrete,slight,202202121448486,c4078b4a44563ddab4c8f6caceccf0fed11b9ff13916f31295229f288077b943,202202121448486-dry-concrete-slight.jpg,240,360,180.9396875,174.552933255637,False,train
c:/Users/Rivan/Projects/AI_Grand_Prix/data/_hf_snapshot/test_50k/202202121459323-dry-concrete-slight.jpg,DRY,202202121459,dry,concrete,slight,202202121459323,39adbca2872d140c85504a62138e3628cf10f71e64b7c28f7226ebc8cfedac8e,202202121459323-dry-concrete-slight.jpg,240,360,173.11578703703702,90.82984817051934,False,train
c:/Users/Rivan/Projects/AI_Grand_Prix/data/_hf_snapshot/test_50k/202202121523024-dry-concrete-severe.jpg,DRY,202202121523,dry,concrete,severe,202202121523024,26565ae766ca382514bd5a57a845ed9c1378ae30da570be0993a195215da8dc4,202202121523024-dry-concrete-severe.jpg,240,360,166.1395138888889,84.07336242592056,False,train
c:/Users/Rivan/Projects/AI_Grand_Prix/data/_hf_snapshot/test_50k/202202121527543-dry-concrete-severe.jpg,DRY,202202121527,dry,concrete,severe,202202121527543,7f6feeda9625ab3610a2e2ab2417394874b9160ab6057f1bc85444ce41338a6e,202202121527543-dry-concrete-severe.jpg,240,360,175.0287847222222,72.20550981853889,False,train
c:/Users/Rivan/Projects/AI_Grand_Prix/data/_hf_snapshot/test_50k/202202122036113-dry-asphalt-severe.jpg,DRY,202202122036,dry,asphalt,severe,202202122036113,8122f7639783374c5473fdd430ab1267493b7a76d2c560b20f4790a3ec870eeb,202202122036113-dry-asphalt-severe.jpg,240,360,166.3421064814815,242.9478933449074,False,train
c:/Users/Rivan/Projects/AI_Grand_Prix/data/_hf_snapshot/test_50k/202202122037142-dry-asphalt-severe.jpg,DRY,202202122037,dry,asphalt,severe,202202122037142,3409dd8dc076264457aa2174a50738bf4fd6666f531e1c01018bbc580e941255,202202122037142-dry-asphalt-severe.jpg,240,360,170.84065972222223,150.25013236762152,False,train
c:/Users/Rivan/Projects/AI_Grand_Prix/data/_hf_snapshot/test_50k/202202122045262-dry-asphalt-severe.jpg,DRY,202202122045,dry,asphalt,severe,202202122045262,4754015a414899ba439cf5d95a6f633560170feb2fcb7562f75335beb23344d9,202202122045262-dry-asphalt-severe.jpg,240,360,165.76952546296297,153.97418354217572,False,train
c:/Users/Rivan/Projects/AI_Grand_Prix/data/_hf_snapshot/test_50k/202202122045481-dry-asphalt-severe.jpg,DRY,202202122045,dry,asphalt,severe,202202122045481,00ced10c9c27ef782eb96f9fa9df2a681924527231e5ff8acbc2dc566b21874c,202202122045481-dry-asphalt-severe.jpg,240,360,177.68172453703704,259.94116201774693,False,train
c:/Users/Rivan/Projects/AI_Grand_Prix/data/_hf_snapshot/test_50k/202202122047009-dry-asphalt-severe.jpg,DRY,202202122047,dry,asphalt,severe,202202122047009,b67bbcaf549130a8a11a2a8ed8135ec4635809d1a176bd6be47c2a277d4a640b,202202122047009-dry-asphalt-severe.jpg,240,360,192.67373842592593,83.79501156751007,False,train
c:/Users/Rivan/Projects/AI_Grand_Prix/data/_hf_snapshot/test_50k/202202122107405-dry-asphalt-severe.jpg,DRY,202202122107,dry,asphalt,severe,202202122107405,319ab55b825c4136b1ebe67bcfcc04777c8b5f979a0f4f3bc34229f9f4c98b78,202202122107405-dry-asphalt-severe.jpg,240,360,160.21883101851853,198.91761402271413,False,train
c:/Users/Rivan/Projects/AI_Grand_Prix/data/_hf_snapshot/test_50k/202202122107588-dry-asphalt-severe.jpg,DRY,202202122107,dry,asphalt,severe,202202122107588,d96d671e4637c4a42828404728de40b5579e15825c473d752a7822c1145eb2a4,202202122107588-dry-asphalt-severe.jpg,240,360,149.8954398148148,235.20300872757522,False,train
c:/Users/Rivan/Projects/AI_Grand_Prix/data/_hf_snapshot/test_50k/202202122108542-dry-asphalt-severe.jpg,DRY,202202122108,dry,asphalt,severe,202202122108542,78a07000efff691d027c1c27e5d98ee3c23ce820129a5849a9a2dd212cf3ce7f,202202122108542-dry-asphalt-severe.jpg,240,360,165.83604166666666,406.75575667866934,False,train
c:/Users/Rivan/Projects/AI_Grand_Prix/data/_hf_snapshot/test_50k/202202122112532-dry-concrete-severe.jpg,DRY,202202122112,dry,concrete,severe,202202122112532,4848873134af6c62d82c4bacb06b03e14bbafcdf1fa5031a0abdcf5c9d341e56,202202122112532-dry-concrete-severe.jpg,240,360,192.5688888888889,12.860524535831404,False,train
c:/Users/Rivan/Projects/AI_Grand_Prix/data/_hf_snapshot/test_50k/202202122115581-dry-asphalt-severe.jpg,DRY,202202122115,dry,asphalt,severe,202202122115581,0738ea2b624ae21622d6792f9dd7808b21b9e3130d2fc4cf7d5b8bfe1b5ff7a1,202202122115581-dry-asphalt-severe.jpg,240,360,170.2892361111111,137.9958998519751,False,train
c:/Users/Rivan/Projects/AI_Grand_Prix/data/_hf_snapshot/test_50k/202202122145103-dry-asphalt-severe.jpg,DRY,202202122145,dry,asphalt,severe,202202122145103,616a92132b978348e20fb7c76f6b611565fe54bc7561b686a619a852e1d7af5a,202202122145103-dry-asphalt-severe.jpg,240,360,178.79167824074074,78.59518999432014,False,train
c:/Users/Rivan/Projects/AI_Grand_Prix/data/_hf_snapshot/test_50k/202202122156194-dry-asphalt-severe.jpg,DRY,202202122156,dry,asphalt,severe,202202122156194,e06735003c40e7fff40ee39f861a9bc4d9107c90aa3cccc6c5668216d6971aef,202202122156194-dry-asphalt-severe.jpg,240,360,180.28284722222222,51.47341448996378,False,train
c:/Users/Rivan/Projects/AI_Grand_Prix/data/_hf_snapshot/test_50k/202202122157181-dry-asphalt-severe.jpg,DRY,202202122157,dry,asphalt,severe,202202122157181,9e91680d37e225bf9cbefaae99470c9b56efe4073b606c318b10fa7320fad671,202202122157181-dry-asphalt-severe.jpg,240,360,193.76574074074074,179.77633178798013,False,train
c:/Users/Rivan/Projects/AI_Grand_Prix/data/_hf_snapshot/test_50k/202202122204051-dry-asphalt-severe.jpg,DRY,202202122204,dry,asphalt,severe,202202122204051,87bf0b538bcd5bba6b8441b78b12b3e5d05a5cc708a41c25b772de6e31f64365,202202122204051-dry-asphalt-severe.jpg,240,360,160.8130324074074,2659.8101251521775,False,train
c:/Users/Rivan/Projects/AI_Grand_Prix/data/_hf_snapshot/test_50k/202202122218172-dry-asphalt-severe.jpg,DRY,202202122218,dry,asphalt,severe,202202122218172,c5b10c07675fc191022282884ff533ac4e578479f6da362233336aeae87726c0,202202122218172-dry-asphalt-severe.jpg,240,360,165.4253587962963,1533.2099295609087,False,train
c:/Users/Rivan/Projects/AI_Grand_Prix/data/_hf_snapshot/test_50k/202202122220416-dry-asphalt-severe.jpg,DRY,202202122220,dry,asphalt,severe,202202122220416,ca43a8993e120d67b1fa867f951e2cb0267b45f885b6ee021f18e129bc0ab9ce,202202122220416-dry-asphalt-severe.jpg,240,360,163.18583333333333,2350.958797712915,False,train
c:/Users/Rivan/Projects/AI_Grand_Prix/data/_hf_snapshot/test_50k/202202122229496-dry-asphalt-slight.jpg,DRY,202202122229,dry,asphalt,slight,202202122229496,26f24b824d350c53e2ed102fbab9257919826a993fae09416702b91029da9b13,202202122229496-dry-asphalt-slight.jpg,240,360,159.55063657407408,2295.3231422405474,False,train
c:/Users/Rivan/Projects/AI_Grand_Prix/data/_hf_snapshot/test_50k/202202122232194-dry-asphalt-severe.jpg,DRY,202202122232,dry,asphalt,severe,202202122232194,c80f8f0c572a96160bce72364c9361022531db7e2a35e57ad7aa9be650e4e077,202202122232194-dry-asphalt-severe.jpg,240,360,141.16878472222223,2967.953953741748,False,train
c:/Users/Rivan/Projects/AI_Grand_Prix/data/_hf_snapshot/test_50k/202202122232331-dry-asphalt-severe.jpg,DRY,202202122232,dry,asphalt,severe,202202122232331,0245bf80da6abb03db04ccca55ac77605728188fa8d376288f95545aff109450,202202122232331-dry-asphalt-severe.jpg,240,360,171.16682870370371,1130.509814801419,False,train
c:/Users/Rivan/Projects/AI_Grand_Prix/data/_hf_snapshot/test_50k/202202122232337-dry-asphalt-severe.jpg,DRY,202202122232,dry,asphalt,severe,202202122232337,320db15f01ce5f1f3ad2ebf39a8b0fe406fdafdf5f0b5443dd19ff878d460475,202202122232337-dry-asphalt-severe.jpg,240,360,144.43655092592593,2839.193939361363,False,train
c:/Users/Rivan/Projects/AI_Grand_Prix/data/_hf_snapshot/test_50k/202202122239524-dry-asphalt-severe.jpg,DRY,202202122239,dry,asphalt,severe,202202122239524,6e216cd016bbf879cddd7b0846dd3b31b106077e5aab1a69794111eafafe8d0d,202202122239524-dry-asphalt-severe.jpg,240,360,190.60753472222223,516.1775856801644,False,train
c:/Users/Rivan/Projects/AI_Grand_Prix/data/_hf_snapshot/test_50k/202202122243531-dry-asphalt-severe.jpg,DRY,202202122243,dry,asphalt,severe,202202122243531,d9065802da528123ff0f9b8cac2863270e760ae2b32ca4dd5a84b6c5a323412c,202202122243531-dry-asphalt-severe.jpg,240,360,171.2812962962963,416.5994765784411,False,train
c:/Users/Rivan/Projects/AI_Grand_Prix/data/_hf_snapshot/test_50k/202202122307472-dry-asphalt-severe.jpg,DRY,202202122307,dry,asphalt,severe,202202122307472,10d624474ed0c203a26d43b86b6f8b6da1fa9189cd720df669296902a269aae8,202202122307472-dry-asphalt-severe.jpg,240,360,154.4295138888889,2130.4282896185646,False,train
c:/Users/Rivan/Projects/AI_Grand_Prix/data/_hf_snapshot/test_50k/202202122342253-dry-concrete-slight.jpg,DRY,202202122342,dry,concrete,slight,202202122342253,53cd85aebc04c93cb22eda9ec2f6e830d9f96b77bd3cd08e87ebcd93634b8f1d,202202122342253-dry-concrete-slight.jpg,240,360,181.00212962962962,219.2126336912723,False,train
c:/Users/Rivan/Projects/AI_Grand_Prix/data/_hf_snapshot/test_50k/202202122343169-dry-concrete-slight.jpg,DRY,202202122343,dry,concrete,slight,202202122343169,44cb8541f7a1fb18a56a7ada5d959de8c61a5cf2a41dd0a85ddec512563f1564,202202122343169-dry-concrete-slight.jpg,240,360,156.2432986111111,245.25923951246887,False,train
c:/Users/Rivan/Projects/AI_Grand_Prix/data/_hf_snapshot/test_50k/202202122343177-dry-concrete-slight.jpg,DRY,202202122343,dry,concrete,slight,202202122343177,ff0f418409e0364f64e1c953aca4356f6f9e89b1feac9ce021bc9e7de6987d27,202202122343177-dry-concrete-slight.jpg,240,360,174.75069444444443,268.23091973379627,False,train
c:/Users/Rivan/Projects/AI_Grand_Prix/data/_hf_snapshot/test_50k/202202122343192-dry-concrete-slight.jpg,DRY,202202122343,dry,concrete,slight,202202122343192,6436f1fb3b2e39bd72583c13c4ad46c3294b46d3d6e69e8e1f996a02b9cc3735,202202122343192-dry-concrete-slight.jpg,240,360,176.61875,179.8316008144719,False,train
c:/Users/Rivan/Projects/AI_Grand_Prix/data/_hf_snapshot/test_50k/202202122343246-dry-concrete-slight.jpg,DRY,202202122343,dry,concrete,slight,202202122343246,a3881c6c23197a9e976cd01e181c67e3eec3a774e65f7534fca6553e85b8715f,202202122343246-dry-concrete-slight.jpg,240,360,163.29179398148148,295.138320617793,False,train
c:/Users/Rivan/Projects/AI_Grand_Prix/data/_hf_snapshot/test_50k/202202122343345-dry-concrete-slight.jpg,DRY,202202122343,dry,concrete,slight,202202122343345,e06deb337b774668a03a5747c0c7e01f1be1cdebde9d6485dc846cfa753a1923,202202122343345-dry-concrete-slight.jpg,240,360,186.78304398148148,217.14033154886295,False,train
c:/Users/Rivan/Projects/AI_Grand_Prix/data/_hf_snapshot/test_50k/202202122343588-dry-concrete-slight.jpg,DRY,202202122343,dry,concrete,slight,202202122343588,3bcad60edc7dfbdd9ce20959dd9838f38eedf8cbcfa3b817aad31b1389bb5a74,202202122343588-dry-concrete-slight.jpg,240,360,179.63280092592592,134.31719804473164,False,train
c:/Users/Rivan/Projects/AI_Grand_Prix/data/_hf_snapshot/test_50k/202202122344274-dry-concrete-slight.jpg,DRY,202202122344,dry,concrete,slight,202202122344274,c0386aa01f4875f61ccc6fc34339674c545d8c119e7320f4e31df0e25da9b05e,202202122344274-dry-concrete-slight.jpg,240,360,182.2670486111111,81.45403739055533,False,train
c:/Users/Rivan/Projects/AI_Grand_Prix/data/_hf_snapshot/test_50k/202202122344323-dry-concrete-slight.jpg,DRY,202202122344,dry,concrete,slight,202202122344323,0b91af5cfb0cb5c583af759b95476b7eb305266aa5749063e86181353dcf6a47,202202122344323-dry-concrete-slight.jpg,240,360,193.02998842592592,87.22951671797304,False,train
c:/Users/Rivan/Projects/AI_Grand_Prix/data/_hf_snapshot/test_50k/202202122346294-dry-concrete-slight.jpg,DRY,202202122346,dry,concrete,slight,202202122346294,7ed3b5a85878ea1a6cffdb270a84026f7a82e09a8226d0ca0238f9156f751183,202202122346294-dry-concrete-slight.jpg,240,360,188.9087152777778,127.2025629608196,False,train
c:/Users/Rivan/Projects/AI_Grand_Prix/data/_hf_snapshot/test_50k/202202172037424-water-asphalt-smooth.jpg,WET,202202172037,water,asphalt,smooth,202202172037424,f9631d39030b9fae9c9892596c0d3f658024852bcba11ffc476a20441d838c4e,202202172037424-water-asphalt-smooth.jpg,240,360,109.23010416666666,254.28520249150694,False,train
c:/Users/Rivan/Projects/AI_Grand_Prix/data/_hf_snapshot/test_50k/2022021720375418-water-asphalt-smooth.jpg,WET,202202172037,water,asphalt,smooth,2022021720375418,c6035cf078848e02ef28fb6e877a497e4920d1330498ed9b83b2c93e7a9088ad,2022021720375418-water-asphalt-smooth.jpg,240,360,78.17028935185185,151.77958940114885,False,train
c:/Users/Rivan/Projects/AI_Grand_Prix/data/_hf_snapshot/test_50k/202202172039378-water-asphalt-smooth.jpg,WET,202202172039,water,asphalt,smooth,202202172039378,531d261b6f51f30e540a194d1a0e4cd424859657777f23fc32f4d2d3d118ac1c,202202172039378-water-asphalt-smooth.jpg,240,360,78.91064814814816,76.65383087263697,False,train
c:/Users/Rivan/Projects/AI_Grand_Prix/data/_hf_snapshot/test_50k/202202172041197-water-asphalt-smooth.jpg,WET,202202172041,water,asphalt,smooth,202202172041197,3ca2f57e93cba82f9332fe68c11e1cfe2e48a3e4bad188c5e014ca3db1ecceea,202202172041197-water-asphalt-smooth.jpg,240,360,75.49493055555556,295.88258625886806,False,train
c:/Users/Rivan/Projects/AI_Grand_Prix/data/_hf_snapshot/test_50k/202202181438005-water-asphalt-smooth.jpg,WET,202202181438,water,asphalt,smooth,202202181438005,a089db9e5067144f45eaea0e1c626b481199cc1295bb5e1484504558ac52f4cf,202202181438005-water-asphalt-smooth.jpg,240,360,94.5241550925926,97.90930555555556,False,train
c:/Users/Rivan/Projects/AI_Grand_Prix/data/_hf_snapshot/test_50k/202202181522508-wet-asphalt-smooth.jpg,DAMP,202202181522,wet,asphalt,smooth,202202181522508,ac9a5233d629f70209728f96a5f3b15934d7ca77adbbc67fd58a42ae5ffd7049,202202181522508-wet-asphalt-smooth.jpg,240,360,48.71030092592593,114.24720121527781,False,train
c:/Users/Rivan/Projects/AI_Grand_Prix/data/_hf_snapshot/test_50k/2022021815251316-wet-asphalt-smooth.jpg,DAMP,202202181525,wet,asphalt,smooth,2022021815251316,f7cc9ed9bf9b55a44caa3d7dd61645414a6072222014de997c6a8f13bcf6d796,2022021815251316-wet-asphalt-smooth.jpg,240,360,51.1333912037037,845.347261314729,False,train
c:/Users/Rivan/Projects/AI_Grand_Prix/data/_hf_snapshot/test_50k/2022021815263710-wet-asphalt-smooth.jpg,DAMP,202202181526,wet,asphalt,smooth,2022021815263710,533427a090198840d01a10d4e115edcd15ed2a2fe74624f830639d0daf8e7f17,2022021815263710-wet-asphalt-smooth.jpg,240,360,69.1878125,1180.6295519525893,False,train
c:/Users/Rivan/Projects/AI_Grand_Prix/data/_hf_snapshot/test_50k/202202181901294-dry-concrete-slight.jpg,DRY,202202181901,dry,concrete,slight,202202181901294,c7a5c457f8da49e4dd7832c5dc2cea96cb589eb5dffca91f7905fa5550292470,202202181901294-dry-concrete-slight.jpg,240,360,175.84599537037036,59.20656053227344,False,train
c:/Users/Rivan/Projects/AI_Grand_Prix/data/_hf_snapshot/test_50k/202202182046473-dry-concrete-severe.jpg,DRY,202202182046,dry,concrete,severe,202202182046473,d7c807c12c4bd9543d9ece8e80770080214449b1b19cebce72aa77534a74d0b0,202202182046473-dry-concrete-severe.jpg,240,360,170.35903935185186,52.22317765721451,False,train
c:/Users/Rivan/Projects/AI_Grand_Prix/data/_hf_snapshot/test_50k/202202182128446-dry-concrete-severe.jpg,DRY,202202182128,dry,concrete,severe,202202182128446,d258fd87cda9df6d7e2854f32954de1b2340c7358e3e1e8529c8e0486821190f,202202182128446-dry-concrete-severe.jpg,240,360,173.5951388888889,9.78623058114176,False,train
c:/Users/Rivan/Projects/AI_Grand_Prix/data/_hf_snapshot/test_50k/202202182158421-dry-concrete-severe.jpg,DRY,202202182158,dry,concrete,severe,202202182158421,eae5e137d95972970e25c142470c822c69dfa7fc84c44ab1ec7853b3887c94bf,202202182158421-dry-concrete-severe.jpg,240,360,165.17024305555555,223.85776099054786,False,train
c:/Users/Rivan/Projects/AI_Grand_Prix/data/_hf_snapshot/test_50k/202202182228289-dry-concrete-severe.jpg,DRY,202202182228,dry,concrete,severe,202202182228289,3c1b47ba541d1982120641de8a3cd064c079447e376abf749d1da4aae4407a7a,202202182228289-dry-concrete-severe.jpg,240,360,172.60421296296298,336.07903732518326,False,train
c:/Users/Rivan/Projects/AI_Grand_Prix/data/_hf_snapshot/test_50k/202202182230409-dry-concrete-severe.jpg,DRY,202202182230,dry,concrete,severe,202202182230409,1738b5a08f35213deb4f76a85d4274dd85556c30025b11dfb6c309fdf65dfdbb,202202182230409-dry-concrete-severe.jpg,240,360,141.43375,934.8779154320987,False,train
c:/Users/Rivan/Projects/AI_Grand_Prix/data/_hf_snapshot/test_50k/202202182231051-dry-concrete-severe.jpg,DRY,202202182231,dry,concrete,severe,202202182231051,89f9a2468376b15df24c56dd4ea65ae81d354ccd9b34bddf55a663c7d74aeef4,202202182231051-dry-concrete-severe.jpg,240,360,187.23376157407407,60.60107589042674,False,train
c:/Users/Rivan/Projects/AI_Grand_Prix/data/_hf_snapshot/test_50k/202202182231075-dry-concrete-severe.jpg,DRY,202202182231,dry,concrete,severe,202202182231075,a9972e6b66b460bb368900e227f598cdacec9b32fd70808f9e10e75135a8f16c,202202182231075-dry-concrete-severe.jpg,240,360,163.43400462962964,14.68556138961227,False,train
c:/Users/Rivan/Projects/AI_Grand_Prix/data/_hf_snapshot/test_50k/202202182329396-dry-concrete-severe.jpg,DRY,202202182329,dry,concrete,severe,202202182329396,6015d758b36415390350bfb4d8e5013f72739a0e116a5da4fe9fbc3c886b7893,202202182329396-dry-concrete-severe.jpg,240,360,192.24210648148147,233.88673606770837,False,train
c:/Users/Rivan/Projects/AI_Grand_Prix/data/_hf_snapshot/test_50k/202202182329517-dry-concrete-severe.jpg,DRY,202202182329,dry,concrete,severe,202202182329517,167f4033fedbda2e68f2ce800186ec698c8b6ec931f7e0221c356741f1561b18,202202182329517-dry-concrete-severe.jpg,240,360,180.30908564814814,194.35927849579903,False,train
c:/Users/Rivan/Projects/AI_Grand_Prix/data/_hf_snapshot/test_50k/202202182329542-dry-concrete-severe.jpg,DRY,202202182329,dry,concrete,severe,202202182329542,8a276957819a47c0f7bf6e4cc353fee0d5809f1e19682a477b98219cb9ea337f,202202182329542-dry-concrete-severe.jpg,240,360,171.22060185185185,147.68805000629607,False,train
c:/Users/Rivan/Projects/AI_Grand_Prix/data/_hf_snapshot/test_50k/202202182331169-dry-concrete-severe.jpg,DRY,202202182331,dry,concrete,severe,202202182331169,709db2d26e8ecccf82ce060948cf8fe781c078cd78991ec5911f5556f9da2851,202202182331169-dry-concrete-severe.jpg,240,360,157.7175347222222,16.30436317823538,False,train
c:/Users/Rivan/Projects/AI_Grand_Prix/data/_hf_snapshot/test_50k/202202191400557-wet-concrete-smooth.jpg,DAMP,202202191400,wet,concrete,smooth,202202191400557,68980f9174d700ff26eb2a9d078daeb5f56abd2a76258b21c77b4c6296e00495,202202191400557-wet-concrete-smooth.jpg,240,360,166.65497685185184,16.000169414303624,False,train
c:/Users/Rivan/Projects/AI_Grand_Prix/data/_hf_snapshot/test_50k/202202191428235-water-concrete-smooth.jpg,WET,202202191428,water,concrete,smooth,202202191428235,5be1fe9dd3fb3d54fe756cb4b0c72a83332c2190ec53a8078610d99f4573415f,202202191428235-water-concrete-smooth.jpg,240,360,177.48777777777778,81.32262704354746,False,train
c:/Users/Rivan/Projects/AI_Grand_Prix/data/_hf_snapshot/test_50k/202202191445133-water-concrete-severe.jpg,WET,202202191445,water,concrete,severe,202202191445133,14b7afeeab9083fc39dc58378d8cc79917997af2873c80bbdfdcde5bdb5c3211,202202191445133-water-concrete-severe.jpg,240,360,185.09087962962963,116.78492989915553,False,train
c:/Users/Rivan/Projects/AI_Grand_Prix/data/_hf_snapshot/test_50k/2022021915522515-wet-concrete-smooth.jpg,DAMP,202202191552,wet,concrete,smooth,2022021915522515,ba49afad1849f000beecb6033e8697d65913f4204299f538a1a480ef8ec1da79,2022021915522515-wet-concrete-smooth.jpg,240,360,152.56315972222222,22.390577312671468,False,train
c:/Users/Rivan/Projects/AI_Grand_Prix/data/_hf_snapshot/test_50k/2022021915522614-wet-concrete-smooth.jpg,DAMP,202202191552,wet,concrete,smooth,2022021915522614,dcd2fd21ce5e00710414e17d81559f3a6c003b09a86a02613650f940c8d6c8ec,2022021915522614-wet-concrete-smooth.jpg,240,360,141.60337962962964,22.503063657273447,False,train
c:/Users/Rivan/Projects/AI_Grand_Prix/data/_hf_snapshot/test_50k/2022021915532816-wet-concrete-smooth.jpg,DAMP,202202191553,wet,concrete,smooth,2022021915532816,3c1f70b4beca6da49671af7f373fea13729bce5dcd2f8238afaf14df7700ea79,2022021915532816-wet-concrete-smooth.jpg,240,360,127.6940625,2.3708898371859997,False,train
c:/Users/Rivan/Projects/AI_Grand_Prix/data/_hf_snapshot/test_50k/2022021915534816-wet-concrete-smooth.jpg,DAMP,202202191553,wet,concrete,smooth,2022021915534816,1e68a74a37ef23a266a3c258d14d0fab5de6fdae2a369327b23c7f1203f3f249,2022021915534816-wet-concrete-smooth.jpg,240,360,133.58649305555556,3.291958950081447,False,train
c:/Users/Rivan/Projects/AI_Grand_Prix/data/_hf_snapshot/test_50k/2022021916120711-wet-concrete-smooth.jpg,DAMP,202202191612,wet,concrete,smooth,2022021916120711,09b956da2bd747f98b2ee776f01f716240270c190ad87aaa8132775827e11043,2022021916120711-wet-concrete-smooth.jpg,240,360,156.22123842592592,8.920814361362956,False,train
c:/Users/Rivan/Projects/AI_Grand_Prix/data/_hf_snapshot/test_50k/202202191612075-water-concrete-smooth.jpg,WET,202202191612,water,concrete,smooth,202202191612075,e19adb71b7fec92a9cde37b2f27ddc4d1326b5ecf76b49919ca3503b1f8553d8,202202191612075-water-concrete-smooth.jpg,240,360,167.6824074074074,147.65988302469137,False,train
c:/Users/Rivan/Projects/AI_Grand_Prix/data/_hf_snapshot/test_50k/202202191612155-water-concrete-smooth.jpg,WET,202202191612,water,concrete,smooth,202202191612155,515c17b7e1a6b7a3e49edae27c36a0fda9c44ccbb83487e92098b17007bbc2df,202202191612155-water-concrete-smooth.jpg,240,360,156.0664699074074,70.98794872564622,False,train
c:/Users/Rivan/Projects/AI_Grand_Prix/data/_hf_snapshot/test_50k/202202191612295-wet-concrete-smooth.jpg,DAMP,202202191612,wet,concrete,smooth,202202191612295,07a3c94b34fa261d1444010fe13190e7b871aedce11b993ada926538fb41387a,202202191612295-wet-concrete-smooth.jpg,240,360,185.82158564814816,4.2861563700274345,False,train
c:/Users/Rivan/Projects/AI_Grand_Prix/data/_hf_snapshot/test_50k/202202191614328-wet-concrete-smooth.jpg,DAMP,202202191614,wet,concrete,smooth,202202191614328,917976ab9728f361fab3dbe7661d2f89c2edeff032efef520576ced8169a6695,202202191614328-wet-concrete-smooth.jpg,240,360,150.19365740740741,4.033169431048526,False,train
c:/Users/Rivan/Projects/AI_Grand_Prix/data/_hf_snapshot/test_50k/2022021920572012-water-asphalt-smooth.jpg,WET,202202192057,water,asphalt,smooth,2022021920572012,6f92a07f5292f829af0766da2ba334b2bfcb09ca873138e5075c6c0c2fdc3a5c,2022021920572012-water-asphalt-smooth.jpg,240,360,143.41357638888888,4021.7418187680846,False,train
c:/Users/Rivan/Projects/AI_Grand_Prix/data/_hf_snapshot/test_50k/2022021921093613-water-asphalt-smooth.jpg,WET,202202192109,water,asphalt,smooth,2022021921093613,82db65a34e127b00181fda5aa65ace6908029c31c443e30f91251aec730b4077,2022021921093613-water-asphalt-smooth.jpg,240,360,90.17247685185185,864.5747398399993,False,train
c:/Users/Rivan/Projects/AI_Grand_Prix/data/_hf_snapshot/test_50k/202202212157186-water-asphalt-smooth.jpg,WET,202202212157,water,asphalt,smooth,202202212157186,f69daec9cbf634d1716d0d6b3a5e15327b3ed076e8392d60a07521c29cdada9f,202202212157186-water-asphalt-smooth.jpg,240,360,149.51015046296297,4.243604024669924,False,train
c:/Users/Rivan/Projects/AI_Grand_Prix/data/_hf_snapshot/test_50k/2022022121580412-water-asphalt-smooth.jpg,WET,202202212158,water,asphalt,smooth,2022022121580412,e0a80e54813f4b412951a602baee64cbc1741da25f441b5e3f8c5b76ee27e28e,2022022121580412-water-asphalt-smooth.jpg,240,360,87.41942129629629,2.167083196159122,False,train
c:/Users/Rivan/Projects/AI_Grand_Prix/data/_hf_snapshot/test_50k/202202212205304-water-asphalt-smooth.jpg,WET,202202212205,water,asphalt,smooth,202202212205304,562cb1cfb5ea46dadab3df001a65d53811100d57f7e5dfa2607838e38f477ba4,202202212205304-water-asphalt-smooth.jpg,240,360,141.15149305555556,65.58165260416666,False,train
c:/Users/Rivan/Projects/AI_Grand_Prix/data/_hf_snapshot/test_50k/202202221002064-water-asphalt-smooth.jpg,WET,202202221002,water,asphalt,smooth,202202221002064,59e98b91e418754796d753aed04c7b9d958307188666559a690124cb97253681,202202221002064-water-asphalt-smooth.jpg,240,360,131.85304398148148,13.804876798268177,False,train
c:/Users/Rivan/Projects/AI_Grand_Prix/data/_hf_snapshot/test_50k/202202221557549-wet-asphalt-slight.jpg,DAMP,202202221557,wet,asphalt,slight,202202221557549,4181c0ffd37c01bd20cc590b78b6a9ed34babf3dae44503268ad004cfc9c6b7f,202202221557549-wet-asphalt-slight.jpg,240,360,66.23878472222222,542.8566434751158,False,train
c:/Users/Rivan/Projects/AI_Grand_Prix/data/_hf_snapshot/test_50k/2022022215581215-water-asphalt-smooth.jpg,WET,202202221558,water,asphalt,smooth,2022022215581215,702fb0908de1536b72f3fc7f4b0d02c53eebeb1b4f7a33a9d7e6a507338a2e77,2022022215581215-water-asphalt-smooth.jpg,240,360,55.51469907407407,337.55756886091825,False,train
c:/Users/Rivan/Projects/AI_Grand_Prix/data/_hf_snapshot/test_50k/202202221558129-water-asphalt-smooth.jpg,WET,202202221558,water,asphalt,smooth,202202221558129,005f0cb416747433cc5b42a7f4ad7bbf9802f95603a2e941be8faa83292bd768,202202221558129-water-asphalt-smooth.jpg,240,360,87.39033564814815,241.15017653664592,False,train
c:/Users/Rivan/Projects/AI_Grand_Prix/data/_hf_snapshot/test_50k/202202221558472-wet-asphalt-slight.jpg,DAMP,202202221558,wet,asphalt,slight,202202221558472,49514d71a806e1c989fe61dfb60ee767fc1403995720beeb6eabc5bd5b449e49,202202221558472-wet-asphalt-slight.jpg,240,360,97.48181712962963,878.2408690670816,False,train
c:/Users/Rivan/Projects/AI_Grand_Prix/data/_hf_snapshot/test_50k/2022022215591410-wet-asphalt-smooth.jpg,DAMP,202202221559,wet,asphalt,smooth,2022022215591410,ff62a848155b26f99068a2de02f194313aab2a7e13a2ff9934b5d535110afff1,2022022215591410-wet-asphalt-smooth.jpg,240,360,64.3734375,204.1745695966221,False,train
c:/Users/Rivan/Projects/AI_Grand_Prix/data/_hf_snapshot/test_50k/2022022215592716-wet-asphalt-smooth.jpg,DAMP,202202221559,wet,asphalt,smooth,2022022215592716,7bb3b2cf5e596798c752770132404d4f37e90965aa13b573e78b993f4a581a5b,2022022215592716-wet-asphalt-smooth.jpg,240,360,72.38574074074074,651.4715801418895,False,train
c:/Users/Rivan/Projects/AI_Grand_Prix/data/_hf_snapshot/test_50k/202202221559319-wet-asphalt-smooth.jpg,DAMP,202202221559,wet,asphalt,smooth,202202221559319,4d010dcd8d3130d6dc4a5a7243e07caf2d61328033b514a4a52a11bac67f68bd,202202221559319-wet-asphalt-smooth.jpg,240,360,56.264710648148146,213.08226575346686,False,train
c:/Users/Rivan/Projects/AI_Grand_Prix/data/_hf_snapshot/test_50k/20220306224834911-dry-asphalt-smooth.jpg,DRY,202203062248,dry,asphalt,smooth,20220306224834911,d3797b6da6d9e3ab4d3a67b84e212cc2670420d64a9c3e4258a791a605d37c97,20220306224834911-dry-asphalt-smooth.jpg,240,360,97.67417824074074,31.44298609771519,False,train
c:/Users/Rivan/Projects/AI_Grand_Prix/data/_hf_snapshot/test_50k/20220306224942529-dry-asphalt-smooth.jpg,DRY,202203062249,dry,asphalt,smooth,20220306224942529,cde0c2ef6324dfbdb918fb72a99117c499d0c55683c0ffd4994426f44cf8b734,20220306224942529-dry-asphalt-smooth.jpg,240,360,85.84270833333333,40.00227881609546,False,train
c:/Users/Rivan/Projects/AI_Grand_Prix/data/_hf_snapshot/test_50k/20220306224948839-dry-asphalt-slight.jpg,DRY,202203062249,dry,asphalt,slight,20220306224948839,4aef001db1c3effa225b2e65067da85653e57c0d9e610b7115bdc8e5509329de,20220306224948839-dry-asphalt-slight.jpg,240,360,87.77677083333333,11.650520817124272,False,train
c:/Users/Rivan/Projects/AI_Grand_Prix/data/_hf_snapshot/test_50k/20220306225019453-dry-asphalt-smooth.jpg,DRY,202203062250,dry,asphalt,smooth,20220306225019453,341e4126033d1a518b4afefbba585cc00234dcdb94f1bcbddc07fb9f2258f619,20220306225019453-dry-asphalt-smooth.jpg,240,360,104.11466435185186,11.003726637517147,False,train
c:/Users/Rivan/Projects/AI_Grand_Prix/data/_hf_snapshot/test_50k/20220307104136797-dry-asphalt-smooth.jpg,DRY,202203071041,dry,asphalt,smooth,20220307104136797,8263064b32efdd8e9d35d54d280d7a30f9b7a5f5a1899a4e0d3eff1b4028037e,20220307104136797-dry-asphalt-smooth.jpg,240,360,85.11042824074075,6.685560586928798,False,train
c:/Users/Rivan/Projects/AI_Grand_Prix/data/_hf_snapshot/test_50k/202203072138464-dry-asphalt-slight.jpg,DRY,202203072138,dry,asphalt,slight,202203072138464,eed15295649923515bb87fcbf394aa760b54464d796e4bed70a478d4041fd580,202203072138464-dry-asphalt-slight.jpg,240,360,148.1827199074074,4387.077667502036,False,train
c:/Users/Rivan/Projects/AI_Grand_Prix/data/_hf_snapshot/test_50k/202203072154164-dry-asphalt-slight.jpg,DRY,202203072154,dry,asphalt,slight,202203072154164,439a104a5122fb3d5613c80f0916fe1e813b0f9ea99f72dc7b8a1d66aa62fa69,202203072154164-dry-asphalt-slight.jpg,240,360,134.40350694444444,4501.772458024691,False,train
c:/Users/Rivan/Projects/AI_Grand_Prix/data/_hf_snapshot/test_50k/202203072158021-dry-asphalt-slight.jpg,DRY,202203072158,dry,asphalt,slight,202203072158021,8f695e858145c5c3d5bc024ef9cfb59424afbc9857ec4a44b41cfc761a911e44,202203072158021-dry-asphalt-slight.jpg,240,360,164.9355324074074,2373.7375451624657,False,train
c:/Users/Rivan/Projects/AI_Grand_Prix/data/_hf_snapshot/test_50k/202203072200021-dry-asphalt-slight.jpg,DRY,202203072200,dry,asphalt,slight,202203072200021,6db5e28c1dd8df9ff39bf1c300982447ecb68c17d8bf48f7551de25757899173,202203072200021-dry-asphalt-slight.jpg,240,360,143.16663194444445,3114.8925219259045,False,train
c:/Users/Rivan/Projects/AI_Grand_Prix/data/_hf_snapshot/test_50k/202203072200311-dry-asphalt-slight.jpg,DRY,202203072200,dry,asphalt,slight,202203072200311,f00366f5d93649d4a61adfb7cd05a575afb190c79afd90e34255fce648e634aa,202203072200311-dry-asphalt-slight.jpg,240,360,142.22465277777778,564.3445647343053,False,train
c:/Users/Rivan/Projects/AI_Grand_Prix/data/_hf_snapshot/test_50k/202203072201495-dry-asphalt-slight.jpg,DRY,202203072201,dry,asphalt,slight,202203072201495,ec293087948f0a96b0e87a747afc96c47b1dd880daeba120fe5e04f85ca5eaa4,202203072201495-dry-asphalt-slight.jpg,240,360,150.29609953703704,2193.0814061534156,False,train
c:/Users/Rivan/Projects/AI_Grand_Prix/data/_hf_snapshot/test_50k/202203072213042-dry-asphalt-slight.jpg,DRY,202203072213,dry,asphalt,slight,202203072213042,7129b45d8e7d1d1f765a44b574dd8bb539c7158c280fc92bc5a5cc1b2336033b,202203072213042-dry-asphalt-slight.jpg,240,360,150.55494212962964,1964.66158838614,False,train
c:/Users/Rivan/Projects/AI_Grand_Prix/data/_hf_snapshot/test_50k/20220311141237157-dry-asphalt-smooth.jpg,DRY,202203111412,dry,asphalt,smooth,20220311141237157,722c3ec5054bb2634dcc238f281a46d588502ecf3b2afaddefe908037b7d711d,20220311141237157-dry-asphalt-smooth.jpg,240,360,124.2299537037037,1005.5194511154782,False,train
c:/Users/Rivan/Projects/AI_Grand_Prix/data/_hf_snapshot/test_50k/20220311141828865-dry-asphalt-slight.jpg,DRY,202203111418,dry,asphalt,slight,20220311141828865,0785f34a1c20deedc5b656679ec23ed948617c897429978babeeffe731617873,20220311141828865-dry-asphalt-slight.jpg,240,360,111.82364583333333,680.0597483698506,False,train
c:/Users/Rivan/Projects/AI_Grand_Prix/data/_hf_snapshot/test_50k/20220311141830971-dry-asphalt-slight.jpg,DRY,202203111418,dry,asphalt,slight,20220311141830971,7804f8f28fed9e54f5295f3a1aef9e037fe186b11f584d50a0b558c820040092,20220311141830971-dry-asphalt-slight.jpg,240,360,129.27848379629629,758.0138248435356,False,train
c:/Users/Rivan/Projects/AI_Grand_Prix/data/_hf_snapshot/test_50k/20220311141836244-dry-asphalt-smooth.jpg,DRY,202203111418,dry,asphalt,smooth,20220311141836244,509d2359fc5c53e3ad1f0ba8af181efd5abbb3ac2193ca1db18856102ed00938,20220311141836244-dry-asphalt-smooth.jpg,240,360,119.94134259259259,172.84373829719115,False,train
c:/Users/Rivan/Projects/AI_Grand_Prix/data/_hf_snapshot/test_50k/20220311141837317-dry-asphalt-smooth.jpg,DRY,202203111418,dry,asphalt,smooth,20220311141837317,aa054b08c87c357897b27d54c0918c8f518b8519bc68d8ea14162ead42f988a0,20220311141837317-dry-asphalt-smooth.jpg,240,360,134.07767361111112,413.3534364860629,False,train
c:/Users/Rivan/Projects/AI_Grand_Prix/data/_hf_snapshot/test_50k/20220311141902626-dry-asphalt-slight.jpg,DRY,202203111419,dry,asphalt,slight,20220311141902626,0eb0d104cd1d4ca701d2a48aa0f3849f938129a44d572f20a37b46619e594900,20220311141902626-dry-asphalt-slight.jpg,240,360,122.56828703703704,79.83947380280672,False,train
c:/Users/Rivan/Projects/AI_Grand_Prix/data/_hf_snapshot/test_50k/20220311141909996-dry-asphalt-severe.jpg,DRY,202203111419,dry,asphalt,severe,20220311141909996,ae201dfe3fd952ad0fda546b0e652663d04ffe1d79d462fe6c19a8922062c5ee,20220311141909996-dry-asphalt-severe.jpg,240,360,108.05159722222223,66.7699901920439,False,train
c:/Users/Rivan/Projects/AI_Grand_Prix/data/_hf_snapshot/test_50k/20220311141914221-dry-asphalt-smooth.jpg,DRY,202203111419,dry,asphalt,smooth,20220311141914221,dc138f2c2cc186918a94cf1ffd106b9fc29e8ed13f064423b5676bcac0ef964e,20220311141914221-dry-asphalt-smooth.jpg,240,360,127.76493055555555,25.550835493291324,False,train
c:/Users/Rivan/Projects/AI_Grand_Prix/data/_hf_snapshot/test_50k/202203141337181-dry-asphalt-slight.jpg,DRY,202203141337,dry,asphalt,slight,202203141337181,30626af6e51e8ee85710be0bdd2cb8fac702685f5896b1aba42fc8a936f141bd,202203141337181-dry-asphalt-slight.jpg,240,360,119.32516203703703,712.6494322268304,False,train
c:/Users/Rivan/Projects/AI_Grand_Prix/data/_hf_snapshot/test_50k/202203141347171-dry-asphalt-slight.jpg,DRY,202203141347,dry,asphalt,slight,202203141347171,ec2a07ed2bd4951958b01c6b2c60275eb787625f2b425a7e18b023f2c9aa9ce1,202203141347171-dry-asphalt-slight.jpg,240,360,132.16075231481483,195.09656186222028,False,train
c:/Users/Rivan/Projects/AI_Grand_Prix/data/_hf_snapshot/test_50k/202203141347374-dry-asphalt-slight.jpg,DRY,202203141347,dry,asphalt,slight,202203141347374,cf126aedd144a56e962f72df93531722a72336c70c2407dfb6380980725890fd,202203141347374-dry-asphalt-slight.jpg,240,360,141.90578703703704,181.32536814115548,False,train
c:/Users/Rivan/Projects/AI_Grand_Prix/data/_hf_snapshot/test_50k/202203141422343-dry-asphalt-slight.jpg,DRY,202203141422,dry,asphalt,slight,202203141422343,64df9702bb13c782853700c0750a518a88f31d518262aeee2aaa26bba3e518f2,202203141422343-dry-asphalt-slight.jpg,240,360,109.23722222222223,250.63507672633207,False,train
c:/Users/Rivan/Projects/AI_Grand_Prix/data/_hf_snapshot/test_50k/202203141435022-dry-asphalt-slight.jpg,DRY,202203141435,dry,asphalt,slight,202203141435022,60c6cbdfc339661a25ffa79e2026b5888039c7e5880a0c4b843fe133d4c0a707,202203141435022-dry-asphalt-slight.jpg,240,360,111.42524305555555,97.11270613854596,False,train
c:/Users/Rivan/Projects/AI_Grand_Prix/data/_hf_snapshot/test_50k/20220314150918119-dry-asphalt-smooth.jpg,DRY,202203141509,dry,asphalt,smooth,20220314150918119,9347496b205e093eb0eba2e2517b1d44d375a1d9e06102132b4170608d236ffd,20220314150918119-dry-asphalt-smooth.jpg,240,360,129.40594907407407,181.2169613934971,False,train
c:/Users/Rivan/Projects/AI_Grand_Prix/data/_hf_snapshot/test_50k/202203150929232-dry-asphalt-slight.jpg,DRY,202203150929,dry,asphalt,slight,202203150929232,cf021862812ac1312969574fd8131dc6048fff542c1f48649dc0d566e5e3a9ac,202203150929232-dry-asphalt-slight.jpg,240,360,140.05993055555555,3238.0299723165294,False,train
c:/Users/Rivan/Projects/AI_Grand_Prix/data/_hf_snapshot/test_50k/202203151008471-dry-asphalt-slight.jpg,DRY,202203151008,dry,asphalt,slight,202203151008471,6217137799c26d65c988aa836f096305bbb3465e6deb196dbce30da50925225d,202203151008471-dry-asphalt-slight.jpg,240,360,99.53887731481481,139.8062261182913,False,train
c:/Users/Rivan/Projects/AI_Grand_Prix/data/_hf_snapshot/test_50k/202203151015148-dry-asphalt-slight.jpg,DRY,202203151015,dry,asphalt,slight,202203151015148,b43aa673c383fae73db4246e2779b6997a90cb0a1641c17367f6dbaaa31a4235,202203151015148-dry-asphalt-slight.jpg,240,360,111.87076388888889,2616.6833326998403,False,train
c:/Users/Rivan/Projects/AI_Grand_Prix/data/_hf_snapshot/test_50k/202203151057023-dry-asphalt-slight.jpg,DRY,202203151057,dry,asphalt,slight,202203151057023,cb5fe52b5d0846e72375475d43988e8f0420d1beaa71fc1ee54d5bed28ef4796,202203151057023-dry-asphalt-slight.jpg,240,360,111.60622685185186,909.7865158113372,False,train
c:/Users/Rivan/Projects/AI_Grand_Prix/data/_hf_snapshot/test_50k/202203151104192-dry-asphalt-slight.jpg,DRY,202203151104,dry,asphalt,slight,202203151104192,c2cd0db88924148e06ecde993ba016a211abde13efb6ff1f6646f59a34b52e1f,202203151104192-dry-asphalt-slight.jpg,240,360,127.56609953703703,6902.14066795053,False,train
c:/Users/Rivan/Projects/AI_Grand_Prix/data/_hf_snapshot/test_50k/202203151111301-dry-asphalt-slight.jpg,DRY,202203151111,dry,asphalt,slight,202203151111301,9048ffea18161f3d41a5effdbf2e3180c97b7bc83ee3f0da4360cf6f68551aa9,202203151111301-dry-asphalt-slight.jpg,240,360,94.66975694444444,529.1868165979456,False,train
c:/Users/Rivan/Projects/AI_Grand_Prix/data/_hf_snapshot/test_50k/202203151120102-dry-asphalt-slight.jpg,DRY,202203151120,dry,asphalt,slight,202203151120102,050c4b509997b7dd28362f4a28ac10b6b65d53f8d8104b0154748b3976eb86db,202203151120102-dry-asphalt-slight.jpg,240,360,107.66299768518519,2116.1006773018207,False,train
c:/Users/Rivan/Projects/AI_Grand_Prix/data/_hf_snapshot/test_50k/202203151556332-dry-asphalt-slight.jpg,DRY,202203151556,dry,asphalt,slight,202203151556332,70d822bb16c564662fab9024afb0f533105ef5ee45afd1f9d582ed0f07b01ca9,202203151556332-dry-asphalt-slight.jpg,240,360,116.63645833333334,7384.102615706447,False,train
c:/Users/Rivan/Projects/AI_Grand_Prix/data/_hf_snapshot/test_50k/202203151604066-dry-asphalt-slight.jpg,DRY,202203151604,dry,asphalt,slight,202203151604066,30508950c1fc442a6f65debba8ff3733d2ab7cef88432850ac1333c33a98a412,202203151604066-dry-asphalt-slight.jpg,240,360,74.48306712962963,1751.2907165552128,False,train
c:/Users/Rivan/Projects/AI_Grand_Prix/data/_hf_snapshot/test_50k/202203151612265-dry-asphalt-slight.jpg,DRY,202203151612,dry,asphalt,slight,202203151612265,2935a8ae365f3cb6ac43ea3c078307d37b4e17cc0495e9f1fbea3e626b2b7235,202203151612265-dry-asphalt-slight.jpg,240,360,91.76575231481482,1794.379599826255,False,train
c:/Users/Rivan/Projects/AI_Grand_Prix/data/_hf_snapshot/test_50k/202203151625162-dry-asphalt-severe.jpg,DRY,202203151625,dry,asphalt,severe,202203151625162,e684891a7849d7526c703badad78e95c71c2412056f0e2269b140865b2658c5f,202203151625162-dry-asphalt-severe.jpg,240,360,168.60293981481482,627.7881013533897,False,train
c:/Users/Rivan/Projects/AI_Grand_Prix/data/_hf_snapshot/test_50k/202203151638114-dry-asphalt-slight.jpg,DRY,202203151638,dry,asphalt,slight,202203151638114,5d5805a7037b731aa4eb80037c601c41dd7216731d2a35d365ed815403a8f89b,202203151638114-dry-asphalt-slight.jpg,240,360,126.15858796296297,952.8386454409668,False,train
c:/Users/Rivan/Projects/AI_Grand_Prix/data/_hf_snapshot/test_50k/202203151658451-dry-asphalt-slight.jpg,DRY,202203151658,dry,asphalt,slight,202203151658451,3bacc684c7f1772742e3d85babeb5ef0a14d691f06d2fac23a8faddd81a556b5,202203151658451-dry-asphalt-slight.jpg,240,360,117.1728587962963,393.35410689086075,False,train
c:/Users/Rivan/Projects/AI_Grand_Prix/data/_hf_snapshot/test_50k/202203151705253-dry-asphalt-slight.jpg,DRY,202203151705,dry,asphalt,slight,202203151705253,2c1f33dda0fac6e90f9afd53727faecfafb5eb0ab6a3285217cb9e8685dcb37c,202203151705253-dry-asphalt-slight.jpg,240,360,107.44864583333333,322.73181673525374,False,train
c:/Users/Rivan/Projects/AI_Grand_Prix/data/_hf_snapshot/test_50k/202203151710174-dry-asphalt-smooth.jpg,DRY,202203151710,dry,asphalt,smooth,202203151710174,3a9abe388dff1d9d68f15123c0fed69bef0bdb32a9c245bbf163b3225010f7ff,202203151710174-dry-asphalt-smooth.jpg,240,360,156.6665625,6610.922382656973,False,train
c:/Users/Rivan/Projects/AI_Grand_Prix/data/_hf_snapshot/test_50k/202203151713451-dry-asphalt-slight.jpg,DRY,202203151713,dry,asphalt,slight,202203151713451,a4b894a17cd9167cac8875b367ff0f77fc9e368ae9de7c633d18173f959abd04,202203151713451-dry-asphalt-slight.jpg,240,360,93.07515046296297,249.03587072388865,False,train
c:/Users/Rivan/Projects/AI_Grand_Prix/data/_hf_snapshot/test_50k/202203151728192-dry-asphalt-slight.jpg,DRY,202203151728,dry,asphalt,slight,202203151728192,ed89b55f04aefe1a37b6621ba0abf35a7ad3f9d5fd11e34141df9a74a018b611,202203151728192-dry-asphalt-slight.jpg,240,360,114.04574074074074,195.3532859519676,False,train
c:/Users/Rivan/Projects/AI_Grand_Prix/data/_hf_snapshot/test_50k/202203152000321-dry-asphalt-slight.jpg,DRY,202203152000,dry,asphalt,slight,202203152000321,fbabbd91ae2a79abb4cabb5f745283a2f03ee70c89b36c62e306ba439a257503,202203152000321-dry-asphalt-slight.jpg,240,360,136.6780439814815,1983.700717309135,False,train
c:/Users/Rivan/Projects/AI_Grand_Prix/data/_hf_snapshot/test_50k/202203152000462-dry-asphalt-slight.jpg,DRY,202203152000,dry,asphalt,slight,202203152000462,3e8905fe529a76895409c8a9953304d4f57eb15e99cc37bafe48fe6e4551edc2,202203152000462-dry-asphalt-slight.jpg,240,360,113.91553240740741,2312.1689564513404,False,train
c:/Users/Rivan/Projects/AI_Grand_Prix/data/_hf_snapshot/test_50k/202203152021251-dry-asphalt-slight.jpg,DRY,202203152021,dry,asphalt,slight,202203152021251,df34ee6c51d1068c16b2007ff31c208d568b83af19b4a0936102f2ef2f62f75d,202203152021251-dry-asphalt-slight.jpg,240,360,111.29215277777777,4033.38863955547,False,train
c:/Users/Rivan/Projects/AI_Grand_Prix/data/_hf_snapshot/test_50k/202203152026292-dry-asphalt-slight.jpg,DRY,202203152026,dry,asphalt,slight,202203152026292,1de64484b76ebeff601a783b53ee5751fc201fdf8ce4be690f2a978aecacbb02,202203152026292-dry-asphalt-slight.jpg,240,360,126.06960648148149,6522.017688689423,False,train
c:/Users/Rivan/Projects/AI_Grand_Prix/data/_hf_snapshot/test_50k/202203152032061-dry-asphalt-slight.jpg,DRY,202203152032,dry,asphalt,slight,202203152032061,aaf6e1da25bdc26be75b6d39e18de51cdc26a781e033819e8142fc97b5e50e6d,202203152032061-dry-asphalt-slight.jpg,240,360,117.56149305555556,2062.3604511851368,False,train
c:/Users/Rivan/Projects/AI_Grand_Prix/data/_hf_snapshot/test_50k/202203152033065-dry-asphalt-slight.jpg,DRY,202203152033,dry,asphalt,slight,202203152033065,52cf3309a435c5c785b524d66db017c27a3900de6b0a0b15d0760ca1567b6c7e,202203152033065-dry-asphalt-slight.jpg,240,360,161.6795023148148,6520.729979047576,False,train
c:/Users/Rivan/Projects/AI_Grand_Prix/data/_hf_snapshot/test_50k/202203152039436-dry-asphalt-slight.jpg,DRY,202203152039,dry,asphalt,slight,202203152039436,2134f648c1d0bdab1617b04dbaa8558dddb671ee1c89d78b203ecc4bfb5e738f,202203152039436-dry-asphalt-slight.jpg,240,360,128.9305787037037,7735.79309494545,False,train
c:/Users/Rivan/Projects/AI_Grand_Prix/data/_hf_snapshot/test_50k/202203152052291-dry-concrete-slight.jpg,DRY,202203152052,dry,concrete,slight,202203152052291,56086a09558a0580fa2ba851428ff2b67c429c8c790b92804af83f7f46c27797,202203152052291-dry-concrete-slight.jpg,240,360,221.7548263888889,190.01509217249657,False,train
c:/Users/Rivan/Projects/AI_Grand_Prix/data/_hf_snapshot/test_50k/202203152103203-dry-concrete-severe.jpg,DRY,202203152103,dry,concrete,severe,202203152103203,4e1b51c92dd9b06ec01f30916f858da64c09092e593ae36c205a4c83c95be3b4,202203152103203-dry-concrete-severe.jpg,240,360,168.13001157407408,1226.4785539475095,False,train
c:/Users/Rivan/Projects/AI_Grand_Prix/data/_hf_snapshot/test_50k/202203171006425-dry-asphalt-severe.jpg,DRY,202203171006,dry,asphalt,severe,202203171006425,55c163f2208f8032c024e9ba3644d10568c8e9d70b38db13c9133f10dd6ee3a1,202203171006425-dry-asphalt-severe.jpg,240,360,140.27733796296297,889.2405858790938,False,train
c:/Users/Rivan/Projects/AI_Grand_Prix/data/_hf_snapshot/test_50k/202203171140444-dry-asphalt-slight.jpg,DRY,202203171140,dry,asphalt,slight,202203171140444,ba3e048aea2c9db071263a84f1db4920c058a2139ce60c1da164677ff3337a6b,202203171140444-dry-asphalt-slight.jpg,240,360,194.80555555555554,1411.0657269374517,False,train
c:/Users/Rivan/Projects/AI_Grand_Prix/data/_hf_snapshot/test_50k/202203171157102-dry-asphalt-slight.jpg,DRY,202203171157,dry,asphalt,slight,202203171157102,ff142a25ab13391fd74e2d17dccbd3f6353476eb44e1e16eff8926290ae5aef5,202203171157102-dry-asphalt-slight.jpg,240,360,137.60747685185186,2493.882514775699,False,train
c:/Users/Rivan/Projects/AI_Grand_Prix/data/_hf_snapshot/test_50k/202203171203503-dry-asphalt-severe.jpg,DRY,202203171203,dry,asphalt,severe,202203171203503,aa36ef7b77be30cdb9dfa4dbfd5694205b778cbd9ee1fde00727a5ed5a6ab04c,202203171203503-dry-asphalt-severe.jpg,240,360,156.47332175925925,4175.923642157359,False,train
c:/Users/Rivan/Projects/AI_Grand_Prix/data/_hf_snapshot/test_50k/202203171426534-dry-asphalt-severe.jpg,DRY,202203171426,dry,asphalt,severe,202203171426534,4e50d7d2db56e32d04716ae9c2262d86c0ae10f1150d3cb4c5c0876dcdaafc74,202203171426534-dry-asphalt-severe.jpg,240,360,172.37579861111112,405.66926343825014,False,train
c:/Users/Rivan/Projects/AI_Grand_Prix/data/_hf_snapshot/test_50k/202203171427562-dry-asphalt-severe.jpg,DRY,202203171427,dry,asphalt,severe,202203171427562,a41601672bc391be47f197186bd93d468c48fcf5d24b9b7f27886a0b79149b63,202203171427562-dry-asphalt-severe.jpg,240,360,173.46056712962962,2304.8999633807816,False,train
c:/Users/Rivan/Projects/AI_Grand_Prix/data/_hf_snapshot/test_50k/202203171438532-dry-asphalt-slight.jpg,DRY,202203171438,dry,asphalt,slight,202203171438532,cc9d8b16c2e9a3e2326b0eabd51b4262b3659e08c19c36abca7e75f368b99e53,202203171438532-dry-asphalt-slight.jpg,240,360,202.17016203703704,2021.088817321995,False,train
c:/Users/Rivan/Projects/AI_Grand_Prix/data/_hf_snapshot/test_50k/202203171439211-dry-asphalt-slight.jpg,DRY,202203171439,dry,asphalt,slight,202203171439211,f0e10142c8b3cd1119edf43c196cecb6eb0d6d6797da3161f437e2a71d2d192c,202203171439211-dry-asphalt-slight.jpg,240,360,199.3579398148148,1605.3407285653238,False,train
c:/Users/Rivan/Projects/AI_Grand_Prix/data/_hf_snapshot/test_50k/202203171443357-dry-asphalt-severe.jpg,DRY,202203171443,dry,asphalt,severe,202203171443357,611fed28bf7af5608b333d78c2e596c189e95964edc95a630bb9501a3b6c11e2,202203171443357-dry-asphalt-severe.jpg,240,360,137.3032638888889,5189.860574909444,False,train
c:/Users/Rivan/Projects/AI_Grand_Prix/data/_hf_snapshot/test_50k/202203171628424-dry-asphalt-slight.jpg,DRY,202203171628,dry,asphalt,slight,202203171628424,af0c28f003abed3bfe135e1bf97e18bb99cc9835285caa3fdc0445f34ef785da,202203171628424-dry-asphalt-slight.jpg,240,360,139.00113425925926,459.4501575017146,False,train
c:/Users/Rivan/Projects/AI_Grand_Prix/data/_hf_snapshot/test_50k/202203171644285-dry-asphalt-slight.jpg,DRY,202203171644,dry,asphalt,slight,202203171644285,186222adafbb5410f9eccf0aca7859aef25e85407d8528363bd8c2217d1fda27,202203171644285-dry-asphalt-slight.jpg,240,360,126.26421296296296,790.0581126724054,False,train
c:/Users/Rivan/Projects/AI_Grand_Prix/data/_hf_snapshot/test_50k/202203181844416-dry-concrete-slight.jpg,DRY,202203181844,dry,concrete,slight,202203181844416,1d85aeeb88393188bde3d4c2c747c5a294fb05a7b5841533437f2701487e0a8b,202203181844416-dry-concrete-slight.jpg,240,360,189.76813657407408,1264.9566176692172,False,train
c:/Users/Rivan/Projects/AI_Grand_Prix/data/_hf_snapshot/test_50k/2022031818542715-dry-concrete-slight.jpg,DRY,202203181854,dry,concrete,slight,2022031818542715,bc6cbe8781d254b36c667a6abd718a5ec732a9d89ecb4f91afadf27022378c9d,2022031818542715-dry-concrete-slight.jpg,240,360,185.12239583333334,1053.5324554183815,False,train
c:/Users/Rivan/Projects/AI_Grand_Prix/data/_hf_snapshot/test_50k/202203181854416-dry-concrete-slight.jpg,DRY,202203181854,dry,concrete,slight,202203181854416,f0783a732064713898a4735df2e2e3a198076d91899ec4afe96eef6c4e587c78,202203181854416-dry-concrete-slight.jpg,240,360,211.54364583333333,1067.1272723229597,False,train
c:/Users/Rivan/Projects/AI_Grand_Prix/data/_hf_snapshot/test_50k/2022031818545214-dry-concrete-severe.jpg,DRY,202203181854,dry,concrete,severe,2022031818545214,eff85b85b36e596a7d2e2b16d352cc170b0287580b99b81edf52d887038978d9,2022031818545214-dry-concrete-severe.jpg,240,360,184.53989583333333,2775.593742797818,False,train
c:/Users/Rivan/Projects/AI_Grand_Prix/data/_hf_snapshot/test_50k/202203181854579-dry-concrete-severe.jpg,DRY,202203181854,dry,concrete,severe,202203181854579,aa14570376afa56756b422154f5aad9622ffc51d86855e6c2dc23a5b462370f7,202203181854579-dry-concrete-severe.jpg,240,360,207.13712962962964,495.52797091893325,False,train
c:/Users/Rivan/Projects/AI_Grand_Prix/data/_hf_snapshot/test_50k/202203181855048-dry-concrete-slight.jpg,DRY,202203181855,dry,concrete,slight,202203181855048,63d053ef9486432e45b26dabb55344c3a55cb5bec12607f13c0c3436800a51a0,202203181855048-dry-concrete-slight.jpg,240,360,189.49699074074073,1372.4392005528496,False,train
c:/Users/Rivan/Projects/AI_Grand_Prix/data/_hf_snapshot/test_50k/2022031818562613-dry-concrete-slight.jpg,DRY,202203181856,dry,concrete,slight,2022031818562613,aa830a2e122d8ae6ee5b992929dee7a9cb97051891aee44753eb91855b8b6646,2022031818562613-dry-concrete-slight.jpg,240,360,206.81886574074073,1895.4688636140045,False,train
c:/Users/Rivan/Projects/AI_Grand_Prix/data/_hf_snapshot/test_50k/202203181856346-dry-concrete-slight.jpg,DRY,202203181856,dry,concrete,slight,202203181856346,9059684a62669c618e64eb908a58da0e66ef3f4131f8ee22bae2eda4d880fa92,202203181856346-dry-concrete-slight.jpg,240,360,209.3059722222222,276.1662228888032,False,train
c:/Users/Rivan/Projects/AI_Grand_Prix/data/_hf_snapshot/test_50k/2022031818563613-dry-concrete-slight.jpg,DRY,202203181856,dry,concrete,slight,2022031818563613,97bf223d4f9f86f87a1b44a94cb5a43ad61712d2e04e402f8eeb0a1608433216,2022031818563613-dry-concrete-slight.jpg,240,360,206.15790509259259,873.4043943672838,False,train
c:/Users/Rivan/Projects/AI_Grand_Prix/data/_hf_snapshot/test_50k/2022031818565018-dry-concrete-slight.jpg,DRY,202203181856,dry,concrete,slight,2022031818565018,66461c6176b651c0a21b8a60fcfc0ff72c283ccaed11644fdb8f39c08981c53a,2022031818565018-dry-concrete-slight.jpg,240,360,169.57354166666667,400.62706057085364,False,train
c:/Users/Rivan/Projects/AI_Grand_Prix/data/_hf_snapshot/test_50k/2022031818565416-dry-concrete-slight.jpg,DRY,202203181856,dry,concrete,slight,2022031818565416,dc6ddce65c84c9e6e704f2c524ab36fc94f417cb7f55626d0d8660c35bf50456,2022031818565416-dry-concrete-slight.jpg,240,360,210.71309027777778,276.4415059134945,False,train
c:/Users/Rivan/Projects/AI_Grand_Prix/data/_hf_snapshot/test_50k/2022031818571517-dry-concrete-smooth.jpg,DRY,202203181857,dry,concrete,smooth,2022031818571517,c4f72fd0ea9921903d4a72685307280fd720c270debac5ca3a9453bff418c46f,2022031818571517-dry-concrete-smooth.jpg,240,360,176.97172453703703,429.0007703703704,False,train
c:/Users/Rivan/Projects/AI_Grand_Prix/data/_hf_snapshot/test_50k/2022031818580112-dry-concrete-severe.jpg,DRY,202203181858,dry,concrete,severe,2022031818580112,ea72ba3d1d22bcae9755b52c5caf375115fb83c128899cbc50aa988d246e4992,2022031818580112-dry-concrete-severe.jpg,240,360,192.46751157407408,220.48541664737655,False,train
c:/Users/Rivan/Projects/AI_Grand_Prix/data/_hf_snapshot/test_50k/2022031818581810-dry-concrete-slight.jpg,DRY,202203181858,dry,concrete,slight,2022031818581810,70475e205d87cf58b34c586b4f39dbea53e6716571a4dd6d1314294f84cc671d,2022031818581810-dry-concrete-slight.jpg,240,360,204.44408564814816,237.57824103598682,False,train
c:/Users/Rivan/Projects/AI_Grand_Prix/data/_hf_snapshot/test_50k/2022031818585513-dry-concrete-slight.jpg,DRY,202203181858,dry,concrete,slight,2022031818585513,9223e7b0b5f81bc26740143133e87c9a7dc03416244404f168f5834f6e49e046,2022031818585513-dry-concrete-slight.jpg,240,360,172.85358796296296,3391.7340098367577,False,train
c:/Users/Rivan/Projects/AI_Grand_Prix/data/_hf_snapshot/test_50k/2022031818591215-dry-concrete-slight.jpg,DRY,202203181859,dry,concrete,slight,2022031818591215,0b2f85dad9cdc0bac1e427ebacea1e5cf2da2a8789acaf094480a0688398ba9b,2022031818591215-dry-concrete-slight.jpg,240,360,191.4820138888889,1921.0021814684874,False,train
c:/Users/Rivan/Projects/AI_Grand_Prix/data/_hf_snapshot/test_50k/2022031821100611-dry-concrete-slight.jpg,DRY,202203182110,dry,concrete,slight,2022031821100611,6b9f6f501ab786d30ed4f893aef8618b5bb4d11a1eda777c2413deb037871c30,2022031821100611-dry-concrete-slight.jpg,240,360,197.49649305555556,110.79936029007523,False,train
c:/Users/Rivan/Projects/AI_Grand_Prix/data/_hf_snapshot/test_50k/2022031821102114-dry-concrete-slight.jpg,DRY,202203182110,dry,concrete,slight,2022031821102114,2bbf5618368611aced4ee42b92a4a3efc2e3ec52e15207b9838d72ce87bbacfe,2022031821102114-dry-concrete-slight.jpg,240,360,180.9769560185185,2734.3681976164644,False,train
c:/Users/Rivan/Projects/AI_Grand_Prix/data/_hf_snapshot/test_50k/2022031821102411-dry-concrete-severe.jpg,DRY,202203182110,dry,concrete,severe,2022031821102411,7dcfbb055a4d1910ffdb7ae657632041573e411faff5badc97352eb9c2af2025,2022031821102411-dry-concrete-severe.jpg,240,360,183.01810185185184,225.05874409239968,False,train
c:/Users/Rivan/Projects/AI_Grand_Prix/data/_hf_snapshot/test_50k/202203182110248-dry-concrete-slight.jpg,DRY,202203182110,dry,concrete,slight,202203182110248,73b08cb54727875c3bf5d83ae627050e9e222229a8ba6ed6f8752fc3ae5321e4,202203182110248-dry-concrete-slight.jpg,240,360,199.28971064814814,474.15564257330254,False,train
c:/Users/Rivan/Projects/AI_Grand_Prix/data/_hf_snapshot/test_50k/2022031821103319-dry-concrete-slight.jpg,DRY,202203182110,dry,concrete,slight,2022031821103319,d86ab21608eacfe2ccbf41177ac0eaab2342b0bc26cc809176cd95ab26277aa2,2022031821103319-dry-concrete-slight.jpg,240,360,205.81778935185184,203.21551867270554,False,train
c:/Users/Rivan/Projects/AI_Grand_Prix/data/_hf_snapshot/test_50k/202203182110446-dry-concrete-slight.jpg,DRY,202203182110,dry,concrete,slight,202203182110446,1c52b79dbc1498c7ddc1830616c3e37dc5241563fc781c4a1bc3e99b843ee249,202203182110446-dry-concrete-slight.jpg,240,360,180.02586805555555,1440.2417054578996,False,train
c:/Users/Rivan/Projects/AI_Grand_Prix/data/_hf_snapshot/test_50k/2022031821105916-dry-concrete-slight.jpg,DRY,202203182110,dry,concrete,slight,2022031821105916,55d37b4a5edf9163e13faaa3df9e421f92b6f04381952396f012615638fd3593,2022031821105916-dry-concrete-slight.jpg,240,360,200.75354166666668,1526.552648591687,False,train
c:/Users/Rivan/Projects/AI_Grand_Prix/data/_hf_snapshot/test_50k/202203182111067-dry-concrete-slight.jpg,DRY,202203182111,dry,concrete,slight,202203182111067,13ab4613fd55b9cce29c102156a67b98fddd72c34d8ce7f3e08792fd99269f23,202203182111067-dry-concrete-slight.jpg,240,360,181.19268518518518,2377.422499142661,False,train
c:/Users/Rivan/Projects/AI_Grand_Prix/data/_hf_snapshot/test_50k/2022031821135554-dry-concrete-slight.jpg,DRY,202203182113,dry,concrete,slight,2022031821135554,4fe0eaee5d4fa08a0764603c5888e833cdb97da49280ef2c2b4090fa77a5b844,2022031821135554-dry-concrete-slight.jpg,240,360,191.11916666666667,2244.138760382373,False,train
c:/Users/Rivan/Projects/AI_Grand_Prix/data/_hf_snapshot/test_50k/2022031821135569-dry-concrete-slight.jpg,DRY,202203182113,dry,concrete,slight,2022031821135569,0647df3440227b87c9c46ceea31331820fe16cf6dccc18f0048630c1c0966706,2022031821135569-dry-concrete-slight.jpg,240,360,197.82822916666666,1664.1644903387296,False,train
c:/Users/Rivan/Projects/AI_Grand_Prix/data/_hf_snapshot/test_50k/20220318211358192-dry-concrete-slight.jpg,DRY,202203182113,dry,concrete,slight,20220318211358192,a95a7986f39fb09e8f4300c7a44f76038ced9607a26bd2e9fb4beb0bccb2961d,20220318211358192-dry-concrete-slight.jpg,240,360,202.60800925925926,338.7548030766407,False,train
c:/Users/Rivan/Projects/AI_Grand_Prix/data/_hf_snapshot/test_50k/20220318211359250-dry-concrete-severe.jpg,DRY,202203182113,dry,concrete,severe,20220318211359250,a7578b6977dbce32d9e5e69ffcf5070c56f336c2fd853f7b3ad943a14507699a,20220318211359250-dry-concrete-severe.jpg,240,360,196.8427662037037,960.3786795647934,False,train
c:/Users/Rivan/Projects/AI_Grand_Prix/data/_hf_snapshot/test_50k/20220318211525677-dry-concrete-smooth.jpg,DRY,202203182115,dry,concrete,smooth,20220318211525677,7894fedcc3d19bfef93140bbed91483c200d26d1520ac823ef8a69c6a4ea69c3,20220318211525677-dry-concrete-smooth.jpg,240,360,193.0383101851852,25.49075510973937,False,train
c:/Users/Rivan/Projects/AI_Grand_Prix/data/_hf_snapshot/test_50k/20220318211529856-dry-concrete-severe.jpg,DRY,202203182115,dry,concrete,severe,20220318211529856,df6023e30a17c6d790d061ca9b108d79fe129c5163c3f3e35bcc13afca778746,20220318211529856-dry-concrete-severe.jpg,240,360,204.07657407407407,309.5220132324888,False,train
c:/Users/Rivan/Projects/AI_Grand_Prix/data/_hf_snapshot/test_50k/20220318211536153-dry-concrete-smooth.jpg,DRY,202203182115,dry,concrete,smooth,20220318211536153,10e8ef2c2f3cb8aa551a4cfb8a812cc2b765084ff50496045b6db1d5f2db9e4c,20220318211536153-dry-concrete-smooth.jpg,240,360,221.3481712962963,210.89048494888115,False,train
c:/Users/Rivan/Projects/AI_Grand_Prix/data/_hf_snapshot/test_50k/20220318211601142-dry-concrete-smooth.jpg,DRY,202203182116,dry,concrete,smooth,20220318211601142,4d1c2eaa23fe0145ea980fc7bffc3d1dbd01fd2d77ff22e3da7a493939c7c59c,20220318211601142-dry-concrete-smooth.jpg,240,360,202.7490625,11.248112503081062,False,train
c:/Users/Rivan/Projects/AI_Grand_Prix/data/_hf_snapshot/test_50k/20220318211619860-dry-concrete-smooth.jpg,DRY,202203182116,dry,concrete,smooth,20220318211619860,2df7513d0c6bd28fa6d6cb079b75b7f2c45abd96d8b94aaacee53b146f0e8900,20220318211619860-dry-concrete-smooth.jpg,240,360,213.09993055555555,55.08692060185186,False,train
c:/Users/Rivan/Projects/AI_Grand_Prix/data/_hf_snapshot/test_50k/20220318211629276-dry-concrete-smooth.jpg,DRY,202203182116,dry,concrete,smooth,20220318211629276,f9dc2b694608e121cfa3bf4b0cc622ff36fb53ff42b22b220447b0160f24deaa,20220318211629276-dry-concrete-smooth.jpg,240,360,179.34657407407408,1675.5058391069745,False,train
c:/Users/Rivan/Projects/AI_Grand_Prix/data/_hf_snapshot/test_50k/20220318211630308-dry-concrete-slight.jpg,DRY,202203182116,dry,concrete,slight,20220318211630308,f3e35132a97f8a61a7fc1189a3dad6560f62cb15492e890465222858ad357f6b,20220318211630308-dry-concrete-slight.jpg,240,360,192.361875,394.9846748487601,False,train
c:/Users/Rivan/Projects/AI_Grand_Prix/data/_hf_snapshot/test_50k/20220318211638626-dry-concrete-slight.jpg,DRY,202203182116,dry,concrete,slight,20220318211638626,3883d01e80fcad3c05dfab5347c2ef828c65631ddc1b7f1e0095d40bb74cdc3c,20220318211638626-dry-concrete-slight.jpg,240,360,196.94765046296297,1932.0164576388888,False,train
c:/Users/Rivan/Projects/AI_Grand_Prix/data/_hf_snapshot/test_50k/20220318211639668-dry-concrete-slight.jpg,DRY,202203182116,dry,concrete,slight,20220318211639668,cf2bb03057ed6253bba0ada6b76b0f8d448c0989b8f6de6f4b6d355117ffd92a,20220318211639668-dry-concrete-slight.jpg,240,360,197.54553240740742,231.965937178364,False,train
c:/Users/Rivan/Projects/AI_Grand_Prix/data/_hf_snapshot/test_50k/20220318211640717-dry-concrete-slight.jpg,DRY,202203182116,dry,concrete,slight,20220318211640717,a2278b06d5f5ed7793aaed4f55adce6ccd0cca68f84c6ecba79a5a5661264618,20220318211640717-dry-concrete-slight.jpg,240,360,196.6205439814815,340.91488881172836,False,train
c:/Users/Rivan/Projects/AI_Grand_Prix/data/_hf_snapshot/test_50k/20220318211644847-dry-concrete-slight.jpg,DRY,202203182116,dry,concrete,slight,20220318211644847,0acedad86c988cd12eb42279f2488a34dfc88aedb005e169664815845f349af5,20220318211644847-dry-concrete-slight.jpg,240,360,176.00614583333333,824.6187340555073,False,train
c:/Users/Rivan/Projects/AI_Grand_Prix/data/_hf_snapshot/test_50k/20220318211657344-dry-concrete-smooth.jpg,DRY,202203182116,dry,concrete,smooth,20220318211657344,8c8bbdf1a6b5be9a4be7a98cb796dfdcfd63628556a1b4aba0dbb25cd97ee8ba,20220318211657344-dry-concrete-smooth.jpg,240,360,201.31366898148147,386.79309944648065,False,train
c:/Users/Rivan/Projects/AI_Grand_Prix/data/_hf_snapshot/test_50k/20220318211700478-dry-concrete-slight.jpg,DRY,202203182117,dry,concrete,slight,20220318211700478,8c6aeffec3a19822cc9cfcf4cca1a3dfd5968d51dd37f0583f266042f8e1c24d,20220318211700478-dry-concrete-slight.jpg,240,360,176.69715277777777,4794.020049761954,False,train
c:/Users/Rivan/Projects/AI_Grand_Prix/data/_hf_snapshot/test_50k/20220318211702546-dry-concrete-slight.jpg,DRY,202203182117,dry,concrete,slight,20220318211702546,dd070a2cb4d4e5b47f8d5bd3ef2998cc7e1e5982dd72a3c3458156ff3664db12,20220318211702546-dry-concrete-slight.jpg,240,360,175.38618055555557,963.9790682322476,False,train
c:/Users/Rivan/Projects/AI_Grand_Prix/data/_hf_snapshot/test_50k/20220318211703556-dry-concrete-slight.jpg,DRY,202203182117,dry,concrete,slight,20220318211703556,88df1c30f088b54ff0c9a803fe2c5c0a4898a550d7eba18e09e34a96f7e6cb64,20220318211703556-dry-concrete-slight.jpg,240,360,165.46488425925926,3210.085897247406,False,train
c:/Users/Rivan/Projects/AI_Grand_Prix/data/_hf_snapshot/test_50k/20220318211704592-dry-concrete-slight.jpg,DRY,202203182117,dry,concrete,slight,20220318211704592,566f25b4cbefe8ce7d51f92412ae41f0befbf7dbb5d43053a0bf99da1a4bb7ae,20220318211704592-dry-concrete-slight.jpg,240,360,175.00815972222222,4076.6607123435356,False,train
c:/Users/Rivan/Projects/AI_Grand_Prix/data/_hf_snapshot/test_50k/20220318211746302-dry-concrete-slight.jpg,DRY,202203182117,dry,concrete,slight,20220318211746302,0e60a25ffa1dd21b580eef2debbc11a4a820819fed46ad22372d9aeff52a971e,20220318211746302-dry-concrete-slight.jpg,240,360,196.7262037037037,216.79031820987652,False,train
c:/Users/Rivan/Projects/AI_Grand_Prix/data/_hf_snapshot/test_50k/20220318211801886-dry-concrete-slight.jpg,DRY,202203182118,dry,concrete,slight,20220318211801886,aa29eddf3ccaf2e32467c05867783b8376e0637f848f71568fa9fff8ec1d8e6e,20220318211801886-dry-concrete-slight.jpg,240,360,185.1438310185185,3173.2635561309107,False,train
c:/Users/Rivan/Projects/AI_Grand_Prix/data/_hf_snapshot/test_50k/20220318211801894-dry-concrete-slight.jpg,DRY,202203182118,dry,concrete,slight,20220318211801894,eb60bf261d5a4cf7748ba427764119582d110738f44913b3625bd697a21d2dab,20220318211801894-dry-concrete-slight.jpg,240,360,200.20041666666665,1376.0689806664739,False,train
c:/Users/Rivan/Projects/AI_Grand_Prix/data/_hf_snapshot/test_50k/20220318211802907-dry-concrete-slight.jpg,DRY,202203182118,dry,concrete,slight,20220318211802907,4a9900ec89942e6ab404cdfe3e0d57d1526bbbe069eed5ca9c966d8a531547d9,20220318211802907-dry-concrete-slight.jpg,240,360,196.6375462962963,1624.9300606652948,False,train
c:/Users/Rivan/Projects/AI_Grand_Prix/data/_hf_snapshot/test_50k/20220318211802930-dry-concrete-slight.jpg,DRY,202203182118,dry,concrete,slight,20220318211802930,46e6df18daf07056551abd93bbb9965d8f5c88736b12371cffdbadd418e0efde,20220318211802930-dry-concrete-slight.jpg,240,360,196.4452777777778,2697.770502724194,False,train
c:/Users/Rivan/Projects/AI_Grand_Prix/data/_hf_snapshot/test_50k/20220318211804977-dry-concrete-slight.jpg,DRY,202203182118,dry,concrete,slight,20220318211804977,a9cbb6eb1b778c93e24fd4c22b352ea810c024c075e739c96340016155ce396f,20220318211804977-dry-concrete-slight.jpg,240,360,210.57712962962964,2322.9392566838937,False,train
c:/Users/Rivan/Projects/AI_Grand_Prix/data/_hf_snapshot/test_50k/20220318211804995-dry-concrete-slight.jpg,DRY,202203182118,dry,concrete,slight,20220318211804995,738e5354d56333ff9c9f1a798957d797906de93142f33c345496a99c83730354,20220318211804995-dry-concrete-slight.jpg,240,360,205.59387731481482,933.3056925154323,False,train
c:/Users/Rivan/Projects/AI_Grand_Prix/data/_hf_snapshot/test_50k/20220318211807103-dry-concrete-slight.jpg,DRY,202203182118,dry,concrete,slight,20220318211807103,e6f5316aec39ec69a8ab52f607cff91b85c7e624fe422c43d1018453a79558dc,20220318211807103-dry-concrete-slight.jpg,240,360,208.3512037037037,1538.9104246815791,False,train
c:/Users/Rivan/Projects/AI_Grand_Prix/data/_hf_snapshot/test_50k/20220318211807105-dry-concrete-slight.jpg,DRY,202203182118,dry,concrete,slight,20220318211807105,8c8e4168305433cac4ce2710eaac87fb1b45b3d6aefa18bb58c14b77154ac3a4,20220318211807105-dry-concrete-slight.jpg,240,360,204.60265046296297,425.99920888939795,False,train
c:/Users/Rivan/Projects/AI_Grand_Prix/data/_hf_snapshot/test_50k/20220318211808146-dry-concrete-slight.jpg,DRY,202203182118,dry,concrete,slight,20220318211808146,ee42593ec3f5a93df2e2a871ed98704051e20d09461f4e0595b9081faee09464,20220318211808146-dry-concrete-slight.jpg,240,360,184.2474537037037,846.4695009752229,False,train
c:/Users/Rivan/Projects/AI_Grand_Prix/data/_hf_snapshot/test_50k/20220318211814358-dry-concrete-severe.jpg,DRY,202203182118,dry,concrete,severe,20220318211814358,52489acb4da76f46d3ac9f079023b4aff61d7ed9ca23f0e0bca3c6ecc2987c69,20220318211814358-dry-concrete-severe.jpg,240,360,209.35791666666665,320.00427568587105,False,train
c:/Users/Rivan/Projects/AI_Grand_Prix/data/_hf_snapshot/test_50k/20220318211815414-dry-concrete-severe.jpg,DRY,202203182118,dry,concrete,severe,20220318211815414,bacb4f39420d95524a9fadd00706fc0c4795db77900403d59dd4953e9aecf9e2,20220318211815414-dry-concrete-severe.jpg,240,360,186.82556712962963,437.77927068745186,False,train
c:/Users/Rivan/Projects/AI_Grand_Prix/data/_hf_snapshot/test_50k/20220318211815418-dry-concrete-slight.jpg,DRY,202203182118,dry,concrete,slight,20220318211815418,94ebbf91e2fba305becdd91fc2212e28b0fd16f8d25d7569f9059c53f499a8d1,20220318211815418-dry-concrete-slight.jpg,240,360,187.9717013888889,149.68701249517747,False,train
c:/Users/Rivan/Projects/AI_Grand_Prix/data/_hf_snapshot/test_50k/20220318211816454-dry-concrete-severe.jpg,DRY,202203182118,dry,concrete,severe,20220318211816454,8dfcd5241741dbb88b0bf36cdd4b65defd51567ccaa69283a7caa7016b21b082,20220318211816454-dry-concrete-severe.jpg,240,360,178.80972222222223,131.48660620807075,False,train
c:/Users/Rivan/Projects/AI_Grand_Prix/data/_hf_snapshot/test_50k/20220318211825794-dry-concrete-severe.jpg,DRY,202203182118,dry,concrete,severe,20220318211825794,077fc49ffdb6a629aa0544657a8d590dc70ac5c849502ccba2fded00c575d8bf,20220318211825794-dry-concrete-severe.jpg,240,360,202.3555787037037,312.4136982637549,False,train
c:/Users/Rivan/Projects/AI_Grand_Prix/data/_hf_snapshot/test_50k/20220318211826852-dry-concrete-slight.jpg,DRY,202203182118,dry,concrete,slight,20220318211826852,d425691cd52910efe7b307312323e297eb04946b031bf7b71c93360a868c3962,20220318211826852-dry-concrete-slight.jpg,240,360,211.34032407407406,583.414660011574,False,train
c:/Users/Rivan/Projects/AI_Grand_Prix/data/_hf_snapshot/test_50k/20220319220858382-dry-concrete-slight.jpg,DRY,202203192208,dry,concrete,slight,20220319220858382,71422b3097af30c134c71d1b321d750e612865ef55ea8d33e41f90a347fbdc83,20220319220858382-dry-concrete-slight.jpg,240,360,222.32444444444445,17.22053007330247,False,train
c:/Users/Rivan/Projects/AI_Grand_Prix/data/_hf_snapshot/test_50k/20220319220859414-dry-concrete-slight.jpg,DRY,202203192208,dry,concrete,slight,20220319220859414,01370107ddafa6d29d71defd771de70733d07e972d12652af6280f51d3004ab2,20220319220859414-dry-concrete-slight.jpg,240,360,208.72015046296298,153.68489891854745,False,train
c:/Users/Rivan/Projects/AI_Grand_Prix/data/_hf_snapshot/test_50k/20220319221000931-dry-concrete-severe.jpg,DRY,202203192210,dry,concrete,severe,20220319221000931,6924e519d284cab813946a05eaada01f464b3baeb1ed82977b2b607f755caa45,20220319221000931-dry-concrete-severe.jpg,240,360,206.4924074074074,945.1110069410955,False,train
c:/Users/Rivan/Projects/AI_Grand_Prix/data/_hf_snapshot/test_50k/2022031922100215-dry-concrete-smooth.jpg,DRY,202203192210,dry,concrete,smooth,2022031922100215,ac17919bb5100e4413b6c9c7c8776e5df265056c8e7ef641d9131678abe58865,2022031922100215-dry-concrete-smooth.jpg,240,360,185.09125,127.32489582998437,False,train
c:/Users/Rivan/Projects/AI_Grand_Prix/data/_hf_snapshot/test_50k/20220319221016599-dry-concrete-smooth.jpg,DRY,202203192210,dry,concrete,smooth,20220319221016599,be043a377d43e497a86be6ebd562e020ecc425906b82802ce612202c8610438d,20220319221016599-dry-concrete-smooth.jpg,240,360,194.75572916666667,1185.6332694567686,False,train
c:/Users/Rivan/Projects/AI_Grand_Prix/data/_hf_snapshot/test_50k/202203201346461-dry-asphalt-severe.jpg,DRY,202203201346,dry,asphalt,severe,202203201346461,2898513073ac0f21c74cd28a8b502028c508f1bb7f209bcad55f23e68ddfc67e,202203201346461-dry-asphalt-severe.jpg,240,360,129.79619212962962,2523.504466304441,False,train
c:/Users/Rivan/Projects/AI_Grand_Prix/data/_hf_snapshot/test_50k/202203201407023-dry-asphalt-slight.jpg,DRY,202203201407,dry,asphalt,slight,202203201407023,1c77a0601a797ba8860b10dfbed7fe5a5fa799664c1112fbcb8b5884cd9d15df,202203201407023-dry-asphalt-slight.jpg,240,360,139.66412037037037,2500.8152380174843,False,train
c:/Users/Rivan/Projects/AI_Grand_Prix/data/_hf_snapshot/test_50k/202203201525262-dry-asphalt-slight.jpg,DRY,202203201525,dry,asphalt,slight,202203201525262,9aee6c92cfa1171d8b836854f8c2abaedd2fa689d1dc402911e3a5fb5efce1e6,202203201525262-dry-asphalt-slight.jpg,240,360,146.00559027777777,2075.6953082218793,False,train
c:/Users/Rivan/Projects/AI_Grand_Prix/data/_hf_snapshot/test_50k/202203201532114-dry-asphalt-slight.jpg,DRY,202203201532,dry,asphalt,slight,202203201532114,c2ce574f4dca975e187bde8961d202c781105d27bbaf870b261a08d5429d697d,202203201532114-dry-asphalt-slight.jpg,240,360,163.78280092592593,885.0762589115011,False,train
c:/Users/Rivan/Projects/AI_Grand_Prix/data/_hf_snapshot/test_50k/202203201533002-dry-asphalt-slight.jpg,DRY,202203201533,dry,asphalt,slight,202203201533002,e82a9e30b158704d31b6e528d9cbbddac0ef4047ee5cb5eebb8ae9f373c0b692,202203201533002-dry-asphalt-slight.jpg,240,360,157.67778935185186,1676.9952260797113,False,train
c:/Users/Rivan/Projects/AI_Grand_Prix/data/_hf_snapshot/test_50k/202203201601035-dry-asphalt-slight.jpg,DRY,202203201601,dry,asphalt,slight,202203201601035,9b648c08249ce054280e13e754e04a8064de17e8258ee64bb2af8f422f2e5a9e,202203201601035-dry-asphalt-slight.jpg,240,360,120.27184027777778,2221.1997873734085,False,train
c:/Users/Rivan/Projects/AI_Grand_Prix/data/_hf_snapshot/test_50k/202203201628383-dry-concrete-severe.jpg,DRY,202203201628,dry,concrete,severe,202203201628383,7bbebd707878dfab179fb8c598dcf0573fe9b30a053755558d569e6b54cbdff2,202203201628383-dry-concrete-severe.jpg,240,360,187.98568287037037,844.6446062451776,False,train
c:/Users/Rivan/Projects/AI_Grand_Prix/data/_hf_snapshot/test_50k/202203201628562-dry-concrete-severe.jpg,DRY,202203201628,dry,concrete,severe,202203201628562,d3e8f61059fcfe565b694bd66f4726f704615fb1e7d03ef248f33e81b8f0ebf1,202203201628562-dry-concrete-severe.jpg,240,360,164.47216435185186,223.7812448538237,False,train
c:/Users/Rivan/Projects/AI_Grand_Prix/data/_hf_snapshot/test_50k/202203201653094-dry-asphalt-slight.jpg,DRY,202203201653,dry,asphalt,slight,202203201653094,d1a126932d0dc6daab30ca23975a76d3bc6ddaca438ae520d6a346ab405a3fb1,202203201653094-dry-asphalt-slight.jpg,240,360,112.42101851851852,1624.0342664382663,False,train
c:/Users/Rivan/Projects/AI_Grand_Prix/data/_hf_snapshot/test_50k/202203201711293-dry-concrete-slight.jpg,DRY,202203201711,dry,concrete,slight,202203201711293,4040e21fc00161a66350e5fdda4ca99a9b5dba5b05af7bdb75e483e3868f227e,202203201711293-dry-concrete-slight.jpg,240,360,135.28076388888888,971.6702305362653,False,train
c:/Users/Rivan/Projects/AI_Grand_Prix/data/_hf_snapshot/test_50k/202203201711595-dry-concrete-slight.jpg,DRY,202203201711,dry,concrete,slight,202203201711595,5561436929c2319c12dfc0518a5378ec5efa3fc6ed72846e6466597a52d78b92,202203201711595-dry-concrete-slight.jpg,240,360,173.20767361111112,61.236056708140424,False,train
c:/Users/Rivan/Projects/AI_Grand_Prix/data/_hf_snapshot/test_50k/202203202224171-dry-asphalt-slight.jpg,DRY,202203202224,dry,asphalt,slight,202203202224171,d98aac659264500a807df84178f6e00cd410d15fe8548bbf00e2718ef1eef773,202203202224171-dry-asphalt-slight.jpg,240,360,102.69429398148148,1697.7695788321705,False,train
c:/Users/Rivan/Projects/AI_Grand_Prix/data/_hf_snapshot/test_50k/202203202325153-dry-asphalt-slight.jpg,DRY,202203202325,dry,asphalt,slight,202203202325153,2cbef4d860367669d0e3b0a80703fcf15560d7ca7f2b71653c48a22acc2f83f6,202203202325153-dry-asphalt-slight.jpg,240,360,85.00670138888889,1749.8079901572144,False,train
c:/Users/Rivan/Projects/AI_Grand_Prix/data/_hf_snapshot/test_50k/202203211020343-wet-asphalt-severe.jpg,DAMP,202203211020,wet,asphalt,severe,202203211020343,dc38c385fdec6378f26e06a2e332dce9fd002d217eaf3742a9bf41c4731edd9e,202203211020343-wet-asphalt-severe.jpg,240,360,90.01870370370371,2148.3558739449372,False,train
c:/Users/Rivan/Projects/AI_Grand_Prix/data/_hf_snapshot/test_50k/202203211109562-water-asphalt-smooth.jpg,WET,202203211109,water,asphalt,smooth,202203211109562,c023c2c49c7a4b90fe45a717c714c841610a35fce859db04e47185ae3cf6d738,202203211109562-water-asphalt-smooth.jpg,240,360,162.68181712962962,646.8474457283094,False,train
c:/Users/Rivan/Projects/AI_Grand_Prix/data/_hf_snapshot/test_50k/2022032115243112-wet-asphalt-smooth.jpg,DAMP,202203211524,wet,asphalt,smooth,2022032115243112,f0db639e64025fcf4d1200734658fb6f2b3abd71eb7cfe7049b8e0fbca895bef,2022032115243112-wet-asphalt-smooth.jpg,240,360,105.12658564814815,3950.6164118227016,False,train
c:/Users/Rivan/Projects/AI_Grand_Prix/data/_hf_snapshot/test_50k/20220321165428241-wet-asphalt-slight.jpg,DAMP,202203211654,wet,asphalt,slight,20220321165428241,399f75d740fa1f2966cd65f24bc125efc309906f5eb1d540d2c0767cb5ae741d,20220321165428241-wet-asphalt-slight.jpg,240,360,74.35825231481482,537.427146175733,False,train
c:/Users/Rivan/Projects/AI_Grand_Prix/data/_hf_snapshot/test_50k/20220321165510200-wet-asphalt-smooth.jpg,DAMP,202203211655,wet,asphalt,smooth,20220321165510200,14f06b5782de4777442ecdabb5f30e919b6ed336fe62a599faf9ec7b6c6d1d46,20220321165510200-wet-asphalt-smooth.jpg,240,360,100.21378472222223,2488.103470334871,False,train
c:/Users/Rivan/Projects/AI_Grand_Prix/data/_hf_snapshot/test_50k/20220321165511280-wet-asphalt-smooth.jpg,DAMP,202203211655,wet,asphalt,smooth,20220321165511280,fa07ebf59f84510a5c37be124ad8d515a1b079ef7d132be471fa41aba143a66a,20220321165511280-wet-asphalt-smooth.jpg,240,360,144.7060763888889,669.8666300924586,False,train
c:/Users/Rivan/Projects/AI_Grand_Prix/data/_hf_snapshot/test_50k/20220321182100413-dry-asphalt-smooth.jpg,DRY,202203211821,dry,asphalt,smooth,20220321182100413,973efe409f2b69543b939ae94e4c6d7d887074c56ae852814ceacfb18c593eef,20220321182100413-dry-asphalt-smooth.jpg,240,360,99.86341435185186,6052.818608133868,False,train
c:/Users/Rivan/Projects/AI_Grand_Prix/data/_hf_snapshot/test_50k/202203212001246-wet-asphalt-smooth.jpg,DAMP,202203212001,wet,asphalt,smooth,202203212001246,63fc6f82dd14c7c509b8d69a6cb170f5c95d2870936b156ed7c2aea3bf350803,202203212001246-wet-asphalt-smooth.jpg,240,360,143.7952662037037,3435.2012535138833,False,train
c:/Users/Rivan/Projects/AI_Grand_Prix/data/_hf_snapshot/test_50k/202203212003372-wet-asphalt-slight.jpg,DAMP,202203212003,wet,asphalt,slight,202203212003372,9dae1d374fe8483864d3e36653952d9e6df0bce85b2333cacc1defdb3113a758,202203212003372-wet-asphalt-slight.jpg,240,360,99.60196759259259,2922.500144482489,False,train
c:/Users/Rivan/Projects/AI_Grand_Prix/data/_hf_snapshot/test_50k/202203212013421-wet-concrete-smooth.jpg,DAMP,202203212013,wet,concrete,smooth,202203212013421,7e3cc4ba6eda298a44013bdd9099cb264ab6f2b5f914b5586e2e78211b14484d,202203212013421-wet-concrete-smooth.jpg,240,360,124.93611111111112,261.887893434794,False,train
c:/Users/Rivan/Projects/AI_Grand_Prix/data/_hf_snapshot/test_50k/202203212020351-wet-concrete-smooth.jpg,DAMP,202203212020,wet,concrete,smooth,202203212020351,98dc5676d5bc1141ba413e52715eb673e908426acf6dfb1b5dead8f213c7b858,202203212020351-wet-concrete-smooth.jpg,240,360,112.24929398148149,883.9392697851027,False,train
c:/Users/Rivan/Projects/AI_Grand_Prix/data/_hf_snapshot/test_50k/202203212032306-wet-concrete-smooth.jpg,DAMP,202203212032,wet,concrete,smooth,202203212032306,8f2c042f828af4a29c9a1d1ccc59ae74f4cb1a737f65d244341d711b4d6216fc,202203212032306-wet-concrete-smooth.jpg,240,360,99.66912037037036,283.711249973744,False,train
c:/Users/Rivan/Projects/AI_Grand_Prix/data/_hf_snapshot/test_50k/202203212051093-water-concrete-smooth.jpg,WET,202203212051,water,concrete,smooth,202203212051093,46cae9a23dc9368bef3e6ef5e6f4bd29204bd229234a13f1971c551792aed778,202203212051093-water-concrete-smooth.jpg,240,360,118.79252314814815,1887.2855671284237,False,train
c:/Users/Rivan/Projects/AI_Grand_Prix/data/_hf_snapshot/test_50k/202203212052353-water-concrete-smooth.jpg,WET,202203212052,water,concrete,smooth,202203212052353,68b09f0309b4042aa73c15eac4103aa7ded308d6c2686959b3a7dfca48fac1b5,202203212052353-water-concrete-smooth.jpg,240,360,102.6894212962963,269.7411989614144,False,train
c:/Users/Rivan/Projects/AI_Grand_Prix/data/_hf_snapshot/test_50k/202203212118414-dry-concrete-smooth.jpg,DRY,202203212118,dry,concrete,smooth,202203212118414,185adca89445c55cd6a601d6c2e238fbebe825a4efb212b9ba61dfa2b11f390d,202203212118414-dry-concrete-smooth.jpg,240,360,159.23582175925927,630.1856126724055,False,train
c:/Users/Rivan/Projects/AI_Grand_Prix/data/_hf_snapshot/test_50k/202203212137171-wet-concrete-slight.jpg,DAMP,202203212137,wet,concrete,slight,202203212137171,7a3a566cfcb8efb3672571fc8d4f465c540b7cd4eb36f4f08955952d34574d71,202203212137171-wet-concrete-slight.jpg,240,360,106.19292824074074,572.6675821940104,False,train
c:/Users/Rivan/Projects/AI_Grand_Prix/data/_hf_snapshot/test_50k/202203212141409-wet-concrete-smooth.jpg,DAMP,202203212141,wet,concrete,smooth,202203212141409,bae0b3e05530936937143ea122e01cef548d44522774ed55560f3d5b9db4fa1a,202203212141409-wet-concrete-smooth.jpg,240,360,109.03393518518519,532.1995414629148,False,train
c:/Users/Rivan/Projects/AI_Grand_Prix/data/_hf_snapshot/test_50k/202203212148136-water-concrete-smooth.jpg,WET,202203212148,water,concrete,smooth,202203212148136,606807236fd3ad42cc68119ef321711a61c315cd437b6610e0f21397adc8250f,202203212148136-water-concrete-smooth.jpg,240,360,113.50217592592593,525.5784157116716,False,train
c:/Users/Rivan/Projects/AI_Grand_Prix/data/_hf_snapshot/test_50k/2022032121580912-wet-concrete-smooth.jpg,DAMP,202203212158,wet,concrete,smooth,2022032121580912,12216cb2e2566367e4e24dffa24bc3c0d8e75a5785d3091260d2d18fe305602a,2022032121580912-wet-concrete-smooth.jpg,240,360,84.33099537037037,457.43614285930533,False,train
c:/Users/Rivan/Projects/AI_Grand_Prix/data/_hf_snapshot/test_50k/202203212202442-water-concrete-smooth.jpg,WET,202203212202,water,concrete,smooth,202203212202442,88b4265dc68eacebccc7e0cf9dcaee9eee0cd9c1413e4aebdee267f8e249a0f8,202203212202442-water-concrete-smooth.jpg,240,360,133.15555555555557,1148.0426098331407,False,train
c:/Users/Rivan/Projects/AI_Grand_Prix/data/_hf_snapshot/test_50k/202203220956314-wet-asphalt-slight.jpg,DAMP,202203220956,wet,asphalt,slight,202203220956314,b04749e6d5bf743ca0cca56813322553b73cf779fa1c31124a7d06fe23156db5,202203220956314-wet-asphalt-slight.jpg,240,360,110.00997685185185,690.1329453826946,False,train
c:/Users/Rivan/Projects/AI_Grand_Prix/data/_hf_snapshot/test_50k/202203221000123-wet-concrete-smooth.jpg,DAMP,202203221000,wet,concrete,smooth,202203221000123,c6569e78d7d9d52e9ece737f4695133476d732a1f55d61e820ba7d89ef18abff,202203221000123-wet-concrete-smooth.jpg,240,360,116.7971875,59.66608795814044,False,train
c:/Users/Rivan/Projects/AI_Grand_Prix/data/_hf_snapshot/test_50k/202203221033299-wet-concrete-smooth.jpg,DAMP,202203221033,wet,concrete,smooth,202203221033299,65ef53aaaece939a8f03ac4d1a603f4980b04ad05c34b916ee4d91c0fa5bb67d,202203221033299-wet-concrete-smooth.jpg,240,360,145.92741898148148,216.64187259824567,False,train
c:/Users/Rivan/Projects/AI_Grand_Prix/data/_hf_snapshot/test_50k/2022032210335711-wet-concrete-smooth.jpg,DAMP,202203221033,wet,concrete,smooth,2022032210335711,e8890fcbad569e2004d7bc5b68ceb03e71295705da76a15df25311754eb50ac9,2022032210335711-wet-concrete-smooth.jpg,240,360,139.06587962962962,194.019529191851,False,train
c:/Users/Rivan/Projects/AI_Grand_Prix/data/_hf_snapshot/test_50k/202203221043273-wet-concrete-smooth.jpg,DAMP,202203221043,wet,concrete,smooth,202203221043273,9eb0d53b7233b6ec6696976a71bfb7f536a33dd7037e5a9b3844d9a0ce852e7f,202203221043273-wet-concrete-smooth.jpg,240,360,129.50412037037037,4331.889618629437,False,train
c:/Users/Rivan/Projects/AI_Grand_Prix/data/_hf_snapshot/test_50k/202203221058392-water-concrete-smooth.jpg,WET,202203221058,water,concrete,smooth,202203221058392,c01118a3bc96145476bc2a15c99ae8405ad45a15e7abbe6bc9f5f7b8afbcf499,202203221058392-water-concrete-smooth.jpg,240,360,121.99008101851852,328.18564027724193,False,train
c:/Users/Rivan/Projects/AI_Grand_Prix/data/_hf_snapshot/test_50k/2022032211084115-water-concrete-smooth.jpg,WET,202203221108,water,concrete,smooth,2022032211084115,a03bd79f1fe4505eda188f78ac58ca1832e682f56d49d0701a1c9876acb5e3fb,2022032211084115-water-concrete-smooth.jpg,240,360,100.86755787037038,225.1824276572145,False,train
c:/Users/Rivan/Projects/AI_Grand_Prix/data/_hf_snapshot/test_50k/202203221109303-water-concrete-smooth.jpg,WET,202203221109,water,concrete,smooth,202203221109303,6de61865e2dcb20b20862150a424a08c994cf83b79cfde1cfa298815679b0469,202203221109303-water-concrete-smooth.jpg,240,360,103.33621527777778,223.68876714557078,False,train
c:/Users/Rivan/Projects/AI_Grand_Prix/data/_hf_snapshot/test_50k/2022032211140612-wet-concrete-smooth.jpg,DAMP,202203221114,wet,concrete,smooth,2022032211140612,d509174ef166ad21ac06ad52f7386cf705aef8a24112bc8fb6f1a0f450ea1786,2022032211140612-wet-concrete-smooth.jpg,240,360,118.46328703703703,637.4940698297111,False,train
c:/Users/Rivan/Projects/AI_Grand_Prix/data/_hf_snapshot/test_50k/20220322111900508-wet-concrete-slight.jpg,DAMP,202203221119,wet,concrete,slight,20220322111900508,7d64bfdc9c73c53a82df0ec09eb04a06c0b5358db71be5811224d31465b06157,20220322111900508-wet-concrete-slight.jpg,240,360,134.4742824074074,309.6991859266493,False,train
c:/Users/Rivan/Projects/AI_Grand_Prix/data/_hf_snapshot/test_50k/20220322111903655-water-concrete-slight.jpg,WET,202203221119,water,concrete,slight,20220322111903655,c8a876bcdbf8481043f37e14888fe03958bb3177e50b86c649dd70187301d7fc,20220322111903655-water-concrete-slight.jpg,240,360,117.15996527777777,1094.0926526727537,False,train
c:/Users/Rivan/Projects/AI_Grand_Prix/data/_hf_snapshot/test_50k/20220322111907873-wet-concrete-smooth.jpg,DAMP,202203221119,wet,concrete,smooth,20220322111907873,8ce2ee2518be41a15a8c31e8e3a200c7a317af4e786f1b8cc2e3d9e3c7a757f3,20220322111907873-wet-concrete-smooth.jpg,240,360,148.72538194444445,1389.6566711643463,False,train
c:/Users/Rivan/Projects/AI_Grand_Prix/data/_hf_snapshot/test_50k/20220322111912126-water-concrete-smooth.jpg,WET,202203221119,water,concrete,smooth,20220322111912126,c5b842b160f1badd9e4bde327d29c3f2126f7883d4ec19036156fffcdef9df03,20220322111912126-water-concrete-smooth.jpg,240,360,123.84791666666666,229.62674435643325,False,train
c:/Users/Rivan/Projects/AI_Grand_Prix/data/_hf_snapshot/test_50k/20220322111926829-wet-concrete-slight.jpg,DAMP,202203221119,wet,concrete,slight,20220322111926829,314ce328d27f9b7ab8f06e92b1761e9fb98a542a7fd8959d6f0f7bf5b3246b0b,20220322111926829-wet-concrete-slight.jpg,240,360,181.9181597222222,924.627299691358,False,train
c:/Users/Rivan/Projects/AI_Grand_Prix/data/_hf_snapshot/test_50k/20220322111932120-water-concrete-smooth.jpg,WET,202203221119,water,concrete,smooth,20220322111932120,e56a6f9552d367902a33bd05a2ac0f607d49cc1ef6f6630402b487f533156e98,20220322111932120-water-concrete-smooth.jpg,240,360,115.27348379629629,282.70031118706595,False,train
c:/Users/Rivan/Projects/AI_Grand_Prix/data/_hf_snapshot/test_50k/20220322111944772-wet-concrete-smooth.jpg,DAMP,202203221119,wet,concrete,smooth,20220322111944772,68bf3fb0ef98ca3fce9af5be178e2c51f33452eb899ac12dd76a9d482f77d0e2,20220322111944772-wet-concrete-smooth.jpg,240,360,94.8432175925926,374.2274368086366,False,train
c:/Users/Rivan/Projects/AI_Grand_Prix/data/_hf_snapshot/test_50k/20220322111953210-water-concrete-smooth.jpg,WET,202203221119,water,concrete,smooth,20220322111953210,8f2d81a8b1499ae9ecac646727babed20020b44bc09f4de6d482cb7b8a10a570,20220322111953210-water-concrete-smooth.jpg,240,360,99.34784722222223,208.33969907407408,False,train
c:/Users/Rivan/Projects/AI_Grand_Prix/data/_hf_snapshot/test_50k/20220322112005824-wet-concrete-smooth.jpg,DAMP,202203221120,wet,concrete,smooth,20220322112005824,2f4c4f1c38252d6eafe6d7e9f74ee20cd64af88091b166e73cc9f2029e00142d,20220322112005824-wet-concrete-smooth.jpg,240,360,66.37502314814814,82.56016202846364,False,train
c:/Users/Rivan/Projects/AI_Grand_Prix/data/_hf_snapshot/test_50k/20220322112016387-dry-concrete-smooth.jpg,DRY,202203221120,dry,concrete,smooth,20220322112016387,8d799830f7c9faf415c88a449c820f965ddb2df1434e89d2cdbfe041382839c8,20220322112016387-dry-concrete-smooth.jpg,240,360,119.69565972222222,47.5006858019333,False,train
c:/Users/Rivan/Projects/AI_Grand_Prix/data/_hf_snapshot/test_50k/20220322112021621-wet-concrete-smooth.jpg,DAMP,202203221120,wet,concrete,smooth,20220322112021621,c9c32611bd0c2dce1f2516b88f252e7458c82d18d6ffc41969347b55f51f3843,20220322112021621-wet-concrete-smooth.jpg,240,360,123.24604166666667,416.80156072838975,False,train
c:/Users/Rivan/Projects/AI_Grand_Prix/data/_hf_snapshot/test_50k/20220322112022699-dry-concrete-smooth.jpg,DRY,202203221120,dry,concrete,smooth,20220322112022699,d561c88c51d41a6c13322fa93e08d81ac4ed51d8d15133bbf133c0b8cfeea6ba,20220322112022699-dry-concrete-smooth.jpg,240,360,100.54503472222223,80.01000529621058,False,train
c:/Users/Rivan/Projects/AI_Grand_Prix/data/_hf_snapshot/test_50k/20220322112026892-wet-concrete-slight.jpg,DAMP,202203221120,wet,concrete,slight,20220322112026892,da2b3dd29cb3de796671981ea5b7e768e77f58165c2bed655aebf132a80ef960,20220322112026892-wet-concrete-slight.jpg,240,360,134.38800925925926,1235.7418263695988,False,train
c:/Users/Rivan/Projects/AI_Grand_Prix/data/_hf_snapshot/test_50k/20220322112027956-water-concrete-smooth.jpg,WET,202203221120,water,concrete,smooth,20220322112027956,4b0439274fc740b851007b7d9e62db9e66c7090f0741597a118e54b4ed36f506,20220322112027956-water-concrete-smooth.jpg,240,360,133.52990740740742,1753.20702794804,False,train
c:/Users/Rivan/Projects/AI_Grand_Prix/data/_hf_snapshot/test_50k/20220322112046896-dry-concrete-smooth.jpg,DRY,202203221120,dry,concrete,smooth,20220322112046896,468781698afabeb09d362a87aa5a613bb435b9666d116d722202620a9698a653,20220322112046896-dry-concrete-smooth.jpg,240,360,134.05001157407406,586.7727885459534,False,train
c:/Users/Rivan/Projects/AI_Grand_Prix/data/_hf_snapshot/test_50k/20220322112050105-wet-concrete-smooth.jpg,DAMP,202203221120,wet,concrete,smooth,20220322112050105,3683e75ee1ac247fabe5c57c936b1279d92672a5a91c1681a9bb4ebded2a0619,20220322112050105-wet-concrete-smooth.jpg,240,360,73.35635416666666,170.8722711928798,False,train
c:/Users/Rivan/Projects/AI_Grand_Prix/data/_hf_snapshot/test_50k/20220322112051176-dry-concrete-smooth.jpg,DRY,202203221120,dry,concrete,smooth,20220322112051176,7cc1f95f701ec3570cb90b97f1bdfbb87825b03c403a4dcf478aeebf6a95f808,20220322112051176-dry-concrete-smooth.jpg,240,360,77.34679398148148,81.20314763320901,False,train
c:/Users/Rivan/Projects/AI_Grand_Prix/data/_hf_snapshot/test_50k/202203222017031-water-asphalt-smooth.jpg,WET,202203222017,water,asphalt,smooth,202203222017031,1203ef7da40bf135846623cba07030d6df347dfb7d92bff93b0f01e518a9c114,202203222017031-water-asphalt-smooth.jpg,240,360,87.24640046296297,923.9968936727055,False,train
c:/Users/Rivan/Projects/AI_Grand_Prix/data/_hf_snapshot/test_50k/202203222018395-water-asphalt-smooth.jpg,WET,202203222018,water,asphalt,smooth,202203222018395,fa28bd96cd26a962a15911ade77dece30731b59d0cab91f15248197fa500cae2,202203222018395-water-asphalt-smooth.jpg,240,360,88.60354166666667,364.8195359032065,False,train
c:/Users/Rivan/Projects/AI_Grand_Prix/data/_hf_snapshot/test_50k/20220322202906285-water-asphalt-smooth.jpg,WET,202203222029,water,asphalt,smooth,20220322202906285,983df5f0660d0a73cb93b115c232d28a68bbf8a253ca33094f49fdc406d59172,20220322202906285-water-asphalt-smooth.jpg,240,360,80.25491898148148,116.54455863340193,False,train
c:/Users/Rivan/Projects/AI_Grand_Prix/data/_hf_snapshot/test_50k/202203222227072-wet-concrete-slight.jpg,DAMP,202203222227,wet,concrete,slight,202203222227072,d05d9f7c05b91087ee861bdd8fe4b69c8d8b60128d26ecaa1ad79d2caf78c52d,202203222227072-wet-concrete-slight.jpg,240,360,131.64868055555556,151.17697627194252,False,train
c:/Users/Rivan/Projects/AI_Grand_Prix/data/_hf_snapshot/test_50k/202203222235283-wet-asphalt-smooth.jpg,DAMP,202203222235,wet,asphalt,smooth,202203222235283,24065a74c93393cd822d139f808c64c93410ec3942011834ae933bc557488ab5,202203222235283-wet-asphalt-smooth.jpg,240,360,104.51414351851852,877.9026645040295,False,train
c:/Users/Rivan/Projects/AI_Grand_Prix/data/_hf_snapshot/test_50k/202203222243113-water-asphalt-smooth.jpg,WET,202203222243,water,asphalt,smooth,202203222243113,734f396b9ae8c5902c8e274ba1c61126679e74d4b373f22c95b1ce504b87c9bb,202203222243113-water-asphalt-smooth.jpg,240,360,79.34597222222222,101.66297634548611,False,train
c:/Users/Rivan/Projects/AI_Grand_Prix/data/_hf_snapshot/test_50k/20220322224427149-wet-asphalt-smooth.jpg,DAMP,202203222244,wet,asphalt,smooth,20220322224427149,39399b2a838c0e0c0fa6fe703a3ed2c791ceeeb96af544bfa0a7c17103ef800f,20220322224427149-wet-asphalt-smooth.jpg,240,360,69.90831018518519,125.22513886263287,False,train
c:/Users/Rivan/Projects/AI_Grand_Prix/data/_hf_snapshot/test_50k/202203231428532-water-asphalt-smooth.jpg,WET,202203231428,water,asphalt,smooth,202203231428532,4a515f63b59084c8ecbff64b18c0f1a94aa8df2cf2ec263089076df29bd2f473,202203231428532-water-asphalt-smooth.jpg,240,360,109.62618055555555,463.0910174349226,False,train
c:/Users/Rivan/Projects/AI_Grand_Prix/data/_hf_snapshot/test_50k/202203231537573-wet-asphalt-slight.jpg,DAMP,202203231537,wet,asphalt,slight,202203231537573,452f76095d800045f82e318380b9d4dcedff0feb78349c4efac3442472685a0a,202203231537573-wet-asphalt-slight.jpg,240,360,94.97523148148149,705.7457089072144,False,train
c:/Users/Rivan/Projects/AI_Grand_Prix/data/_hf_snapshot/test_50k/20220323154325393-dry-asphalt-smooth.jpg,DRY,202203231543,dry,asphalt,smooth,20220323154325393,eca2075a3ab892e96112379ed060abe551037ae956e646c9d7e8a73b7b2a632e,20220323154325393-dry-asphalt-smooth.jpg,240,360,124.8483912037037,4442.944051303154,False,train
c:/Users/Rivan/Projects/AI_Grand_Prix/data/_hf_snapshot/test_50k/20220323170529116-dry-asphalt-smooth.jpg,DRY,202203231705,dry,asphalt,smooth,20220323170529116,39c015c133f45fdc5fa0c60efb743844d2de8a330077e9860f0da87bb2091d85,20220323170529116-dry-asphalt-smooth.jpg,240,360,114.70427083333334,2062.996907899171,False,train
c:/Users/Rivan/Projects/AI_Grand_Prix/data/_hf_snapshot/test_50k/20220323170536522-dry-asphalt-slight.jpg,DRY,202203231705,dry,asphalt,slight,20220323170536522,835dbd7e4e070a6f352539ba2009c3b48b4228517e624729340b233ccc76ca78,20220323170536522-dry-asphalt-slight.jpg,240,360,152.08216435185184,5630.677547900457,False,train
c:/Users/Rivan/Projects/AI_Grand_Prix/data/_hf_snapshot/test_50k/20220323170551273-dry-asphalt-smooth.jpg,DRY,202203231705,dry,asphalt,smooth,20220323170551273,60b2de53370146c4584962924897bf12e55266f6e1767b7d0af9cf3cee130ffd,20220323170551273-dry-asphalt-smooth.jpg,240,360,150.8329861111111,2919.0438939202627,False,train
c:/Users/Rivan/Projects/AI_Grand_Prix/data/_hf_snapshot/test_50k/20220323170558656-wet-asphalt-slight.jpg,DAMP,202203231705,wet,asphalt,slight,20220323170558656,05af817fea9ca5faa55dd8c8ed796c9f09890467ff22b6d8c0c2c3c4dcb802df,20220323170558656-wet-asphalt-slight.jpg,240,360,118.8324537037037,4141.202530834057,False,train
c:/Users/Rivan/Projects/AI_Grand_Prix/data/_hf_snapshot/test_50k/2022032320280471-dry-asphalt-smooth.jpg,DRY,202203232028,dry,asphalt,smooth,2022032320280471,721b5e29409892471169d1901ddd67044d56c6b8abb1c10a5279fca02c1a5539,2022032320280471-dry-asphalt-smooth.jpg,240,360,131.4754976851852,1356.6389217773437,False,train
c:/Users/Rivan/Projects/AI_Grand_Prix/data/_hf_snapshot/test_50k/2022032320282555-dry-asphalt-slight.jpg,DRY,202203232028,dry,asphalt,slight,2022032320282555,491946d05de59131f296e6b8d05110de5d111cfc63e57a43fbd048e6597fa814,2022032320282555-dry-asphalt-slight.jpg,240,360,86.67605324074074,1303.4315693394205,False,train
c:/Users/Rivan/Projects/AI_Grand_Prix/data/_hf_snapshot/test_50k/2022032320282697-dry-asphalt-smooth.jpg,DRY,202203232028,dry,asphalt,smooth,2022032320282697,bc8faac6fb38724c82b1a0596e6beb13f21b3b095086a7bc6e481e1fa843d532,2022032320282697-dry-asphalt-smooth.jpg,240,360,108.12597222222222,2133.6822575219426,False,train
c:/Users/Rivan/Projects/AI_Grand_Prix/data/_hf_snapshot/test_50k/20220323202828175-dry-asphalt-slight.jpg,DRY,202203232028,dry,asphalt,slight,20220323202828175,9c20df7a3e2e7488cbf2e79c9f3c5676ad03068dd7c9f48b5851dacdb7d7710a,20220323202828175-dry-asphalt-slight.jpg,240,360,126.12896990740741,1767.8092038060483,False,train
c:/Users/Rivan/Projects/AI_Grand_Prix/data/_hf_snapshot/test_50k/202203232132483-wet-asphalt-smooth.jpg,DAMP,202203232132,wet,asphalt,smooth,202203232132483,94a78112d062f94f9e81db5c3c98fcaf5b230fc33bfd99c101634e4e40f15b88,202203232132483-wet-asphalt-smooth.jpg,240,360,92.93805555555555,4439.469835791619,False,train
c:/Users/Rivan/Projects/AI_Grand_Prix/data/_hf_snapshot/test_50k/20220324095116483-dry-asphalt-smooth.jpg,DRY,202203240951,dry,asphalt,smooth,20220324095116483,190e30dc071824278d4d63f0986a8c5e29cad3f4ab2582fa5c85f1cd62e8572c,20220324095116483-dry-asphalt-smooth.jpg,240,360,152.0324652777778,518.32275374215,False,train
c:/Users/Rivan/Projects/AI_Grand_Prix/data/_hf_snapshot/test_50k/20220324095125778-dry-asphalt-smooth.jpg,DRY,202203240951,dry,asphalt,smooth,20220324095125778,a8d7baa7ea77351d4731bde5726018db55bb94bd59a944aa999ea4af39c2c404,20220324095125778-dry-asphalt-smooth.jpg,240,360,170.49722222222223,1192.2097895827974,False,train
c:/Users/Rivan/Projects/AI_Grand_Prix/data/_hf_snapshot/test_50k/202203241439111-water-asphalt-smooth.jpg,WET,202203241439,water,asphalt,smooth,202203241439111,d158c409b803e7756d7dc560751bde7d7b0c25233c6d16bfcadcbaf8284b7552,202203241439111-water-asphalt-smooth.jpg,240,360,104.52111111111111,122.24142563644011,False,train
c:/Users/Rivan/Projects/AI_Grand_Prix/data/_hf_snapshot/test_50k/202203241454147-water-asphalt-smooth.jpg,WET,202203241454,water,asphalt,smooth,202203241454147,caa3cdd20f421df01429662cff5dd159afb7c3d72e94c958467fd7cfcdf2f730,202203241454147-water-asphalt-smooth.jpg,240,360,117.72256944444445,222.6509363906839,False,train
c:/Users/Rivan/Projects/AI_Grand_Prix/data/_hf_snapshot/test_50k/202203241633162-water-asphalt-smooth.jpg,WET,202203241633,water,asphalt,smooth,202203241633162,bb4490ebae26908672300776040f85eb30b636222984cb2cd3fb56a02e158010,202203241633162-water-asphalt-smooth.jpg,240,360,128.9060648148148,835.2440703605914,False,train
c:/Users/Rivan/Projects/AI_Grand_Prix/data/_hf_snapshot/test_50k/20220324210020702-dry-asphalt-smooth.jpg,DRY,202203242100,dry,asphalt,smooth,20220324210020702,4b917852b12ed1fbfe15a7b842be8903f4ddeb19b8881238aa4394a9a1220b3c,20220324210020702-dry-asphalt-smooth.jpg,240,360,125.38811342592592,1585.0101379109867,False,train
c:/Users/Rivan/Projects/AI_Grand_Prix/data/_hf_snapshot/test_50k/202203242302323-water-asphalt-smooth.jpg,WET,202203242302,water,asphalt,smooth,202203242302323,98fe3a6de5799a1ab8910134ad0e3b2f6dbb137ad2fb323f7b9a8c66144b1d68,202203242302323-water-asphalt-smooth.jpg,240,360,125.94325231481481,447.65830285011566,False,train
c:/Users/Rivan/Projects/AI_Grand_Prix/data/_hf_snapshot/test_50k/202203251401476-dry-asphalt-slight.jpg,DRY,202203251401,dry,asphalt,slight,202203251401476,24ca6a688d88e8deda14171e942bace4b4fd62491e749a6d67cf0cab889970e4,202203251401476-dry-asphalt-slight.jpg,240,360,160.62885416666666,597.4310593085562,False,train
c:/Users/Rivan/Projects/AI_Grand_Prix/data/_hf_snapshot/test_50k/202203251402412-dry-asphalt-slight.jpg,DRY,202203251402,dry,asphalt,slight,202203251402412,23388a145d0f3ecd1571f10c14003b8d0ef492706b915b914122b2ac202c10e6,202203251402412-dry-asphalt-slight.jpg,240,360,156.1809722222222,724.6100908516589,False,train
c:/Users/Rivan/Projects/AI_Grand_Prix/data/_hf_snapshot/test_50k/2022032514044112-dry-asphalt-slight.jpg,DRY,202203251404,dry,asphalt,slight,2022032514044112,772ef5ee6337b5e1bc008206f58877ba3fc6353837a66a1190a073c7e83e28b6,2022032514044112-dry-asphalt-slight.jpg,240,360,132.1736226851852,1547.7709568844307,False,train
c:/Users/Rivan/Projects/AI_Grand_Prix/data/_hf_snapshot/test_50k/2022032514152610-water-asphalt-smooth.jpg,WET,202203251415,water,asphalt,smooth,2022032514152610,0632f85232a3d1526484eddcd5f7ee896717f15f4f781b13d2fc550aab65d4aa,2022032514152610-water-asphalt-smooth.jpg,240,360,138.8059837962963,750.3221728309328,False,train
c:/Users/Rivan/Projects/AI_Grand_Prix/data/_hf_snapshot/test_50k/202203251438141-wet-asphalt-slight.jpg,DAMP,202203251438,wet,asphalt,slight,202203251438141,18f2df6b8c7a7a3ba35fa0818576b6c0b1ed1a62cd01e9ab5f6bfa68d3f8ce96,202203251438141-wet-asphalt-slight.jpg,240,360,101.81180555555555,2450.4164091027947,False,train
c:/Users/Rivan/Projects/AI_Grand_Prix/data/_hf_snapshot/test_50k/202203251438402-wet-asphalt-slight.jpg,DAMP,202203251438,wet,asphalt,slight,202203251438402,b2636ffa34c8c796a44f03e6429e031e5b2cfd724820c674143db2967af231f2,202203251438402-wet-asphalt-slight.jpg,240,360,123.77594907407408,2981.1379064524117,False,train
c:/Users/Rivan/Projects/AI_Grand_Prix/data/_hf_snapshot/test_50k/20220327215044130-water-asphalt-smooth.jpg,WET,202203272150,water,asphalt,smooth,20220327215044130,a8c741fb8cc681b678e73b1de21acc5e3298d803dcf355a2d0a2de7440106ca9,20220327215044130-water-asphalt-smooth.jpg,240,360,76.12274305555556,87.56019675269526,False,train
c:/Users/Rivan/Projects/AI_Grand_Prix/data/_hf_snapshot/test_50k/20220327215046215-water-asphalt-smooth.jpg,WET,202203272150,water,asphalt,smooth,20220327215046215,1f6dc0ce5e44c5565b17a9f6cce1a027fcfa95bf033cb5a730dc415b380c8fda,20220327215046215-water-asphalt-smooth.jpg,240,360,155.97158564814814,239.11498723422497,False,train
c:/Users/Rivan/Projects/AI_Grand_Prix/data/_hf_snapshot/test_50k/20220327215049395-water-asphalt-smooth.jpg,WET,202203272150,water,asphalt,smooth,20220327215049395,0dd080a6f3db8eb29be5561d83465cbbaf327c01d4b39877fc33bf7cfb80d635,20220327215049395-water-asphalt-smooth.jpg,240,360,130.0367824074074,113.8333098765432,False,train
c:/Users/Rivan/Projects/AI_Grand_Prix/data/_hf_snapshot/test_50k/20220327215053567-water-asphalt-smooth.jpg,WET,202203272150,water,asphalt,smooth,20220327215053567,1b2dc89f95a6524a64737641a1d6e5cd6e792de8b227540bf7aa16e134f8f837,20220327215053567-water-asphalt-smooth.jpg,240,360,106.78934027777778,22.322291276041664,False,train
c:/Users/Rivan/Projects/AI_Grand_Prix/data/_hf_snapshot/test_50k/20220327215054656-water-asphalt-smooth.jpg,WET,202203272150,water,asphalt,smooth,20220327215054656,6241bde0bc0654da66b28eb9e632389d6172899874676a135fbec8afc3171974,20220327215054656-water-asphalt-smooth.jpg,240,360,103.62185185185186,29.217567641889577,False,train
c:/Users/Rivan/Projects/AI_Grand_Prix/data/_hf_snapshot/test_50k/20220327215055668-water-asphalt-smooth.jpg,WET,202203272150,water,asphalt,smooth,20220327215055668,3e8bbf6d534ee599dbcdad9f0443239cf798600fca127188183f56e8ca3cd06d,20220327215055668-water-asphalt-smooth.jpg,240,360,82.973125,34.16262487340857,False,train
c:/Users/Rivan/Projects/AI_Grand_Prix/data/_hf_snapshot/test_50k/20220327215055706-water-asphalt-smooth.jpg,WET,202203272150,water,asphalt,smooth,20220327215055706,8dc457127a24a02d0b224097f90f10b3894edff659af4f9df3be47e50a003e5c,20220327215055706-water-asphalt-smooth.jpg,240,360,149.5174537037037,30.785439806241424,False,train
c:/Users/Rivan/Projects/AI_Grand_Prix/data/_hf_snapshot/test_50k/20220327215056722-wet-asphalt-slight.jpg,DAMP,202203272150,wet,asphalt,slight,20220327215056722,2fa2c9cb8b0844fd15a3e0956eacdf54b87d600371f6a79293ed37d388a66794,20220327215056722-wet-asphalt-slight.jpg,240,360,162.64461805555555,46.74697427970143,False,train
c:/Users/Rivan/Projects/AI_Grand_Prix/data/_hf_snapshot/test_50k/20220327215058853-water-asphalt-smooth.jpg,WET,202203272150,water,asphalt,smooth,20220327215058853,60e53e3af0d9bce5c794ca5828277356b5811c06eb6f3f6db0ec837218484410,20220327215058853-water-asphalt-smooth.jpg,240,360,106.36414351851852,25.003229163317688,False,train
c:/Users/Rivan/Projects/AI_Grand_Prix/data/_hf_snapshot/test_50k/20220327215109411-water-asphalt-smooth.jpg,WET,202203272151,water,asphalt,smooth,20220327215109411,891f6a58e122f74dfdbb73550712773fcb81fa83a1e56fe70c5ec5718deceb55,20220327215109411-water-asphalt-smooth.jpg,240,360,90.48491898148148,29.001272993291323,False,train
c:/Users/Rivan/Projects/AI_Grand_Prix/data/_hf_snapshot/test_50k/20220327215115718-water-asphalt-smooth.jpg,WET,202203272151,water,asphalt,smooth,20220327215115718,64ca83b123c06c4b14c249b7db18f331f501b5c27082df09c792e7aaec2693e8,20220327215115718-water-asphalt-smooth.jpg,240,360,129.16766203703705,37.67154791184413,False,train
c:/Users/Rivan/Projects/AI_Grand_Prix/data/_hf_snapshot/test_50k/202203281515206-water-asphalt-smooth.jpg,WET,202203281515,water,asphalt,smooth,202203281515206,9bd29df8df13c41df2aebd30e85175bab9bbbe4208f136cde64ca22250b9e42c,202203281515206-water-asphalt-smooth.jpg,240,360,107.21596064814815,478.8290747383777,False,train
c:/Users/Rivan/Projects/AI_Grand_Prix/data/_hf_snapshot/test_50k/20220328151524200-water-asphalt-smooth.jpg,WET,202203281515,water,asphalt,smooth,20220328151524200,5b40d98ca4913a1f8a46df5650afb50b4e2fc7e2e73ac64ea74639ef8e5346f9,20220328151524200-water-asphalt-smooth.jpg,240,360,122.50878472222222,954.6236697509431,False,train
c:/Users/Rivan/Projects/AI_Grand_Prix/data/_hf_snapshot/test_50k/20220328151525261-water-asphalt-smooth.jpg,WET,202203281515,water,asphalt,smooth,20220328151525261,fa0cb798d7c516468e3d27aff448c35dec30227b37815b612d9fe676b8711993,20220328151525261-water-asphalt-smooth.jpg,240,360,129.04675925925926,238.84666404106653,False,train
c:/Users/Rivan/Projects/AI_Grand_Prix/data/_hf_snapshot/test_50k/20220328151526308-water-asphalt-slight.jpg,WET,202203281515,water,asphalt,slight,20220328151526308,100085daa48626adac81e7f4222f22e0e753cb960099dd153a0c790560cb56b7,20220328151526308-water-asphalt-slight.jpg,240,360,119.83493055555556,275.7069302469136,False,train
c:/Users/Rivan/Projects/AI_Grand_Prix/data/_hf_snapshot/test_50k/20220328151528421-water-asphalt-smooth.jpg,WET,202203281515,water,asphalt,smooth,20220328151528421,c0ae2a85a4b2a857ba4b22e50de7f693a25cce8751d5c05d3786e10770af12b7,20220328151528421-water-asphalt-smooth.jpg,240,360,125.37633101851851,317.55092511091823,False,train
c:/Users/Rivan/Projects/AI_Grand_Prix/data/_hf_snapshot/test_50k/20220328151532639-water-asphalt-smooth.jpg,WET,202203281515,water,asphalt,smooth,20220328151532639,237639b9730cc133628a5ce082ab144156470196d8941c3550beb6f2118beaf5,20220328151532639-water-asphalt-smooth.jpg,240,360,79.59193287037037,345.02517729552466,False,train
c:/Users/Rivan/Projects/AI_Grand_Prix/data/_hf_snapshot/test_50k/20220328151534738-water-asphalt-severe.jpg,WET,202203281515,water,asphalt,severe,20220328151534738,74e079127b3fba5ac6c5ecc7391c0fc660d7b9daba7b7e152a5872097a150b74,20220328151534738-water-asphalt-severe.jpg,240,360,130.57928240740742,73.93241671757114,False,train
c:/Users/Rivan/Projects/AI_Grand_Prix/data/_hf_snapshot/test_50k/20220328151535757-water-asphalt-severe.jpg,WET,202203281515,water,asphalt,severe,20220328151535757,24d1ed1b8871c2d05ae30f88aeab0b25f01cd8d1ea99b8174b521ea0ed02767e,20220328151535757-water-asphalt-severe.jpg,240,360,123.84388888888888,114.56657734254438,False,train
c:/Users/Rivan/Projects/AI_Grand_Prix/data/_hf_snapshot/test_50k/20220328154623110-water-concrete-smooth.jpg,WET,202203281546,water,concrete,smooth,20220328154623110,9daf70949593e4eb4216b60120d02f7db6bd8f306617116dc918490dbcbaecf2,20220328154623110-water-concrete-smooth.jpg,240,360,103.36891203703703,179.25402936800734,False,train
c:/Users/Rivan/Projects/AI_Grand_Prix/data/_hf_snapshot/test_50k/20220328154626259-water-concrete-smooth.jpg,WET,202203281546,water,concrete,smooth,20220328154626259,ea12c147be7009bea4c6d21c9a240ca529a7d065bca2311993cd2448916da264,20220328154626259-water-concrete-smooth.jpg,240,360,120.43626157407408,146.09671868556563,False,train
c:/Users/Rivan/Projects/AI_Grand_Prix/data/_hf_snapshot/test_50k/20220328154626276-water-concrete-smooth.jpg,WET,202203281546,water,concrete,smooth,20220328154626276,2f0e8bdefc0e52f9d4cadd170be09132a4c1eb670d6ab4d5a381ebf6618bdb60,20220328154626276-water-concrete-smooth.jpg,240,360,124.71303240740741,68.37371136616942,False,train
c:/Users/Rivan/Projects/AI_Grand_Prix/data/_hf_snapshot/test_50k/20220328154631487-water-concrete-smooth.jpg,WET,202203281546,water,concrete,smooth,20220328154631487,dd3bbf2dc6fcb48512fa19056f39325ce114da0c26016695f63de22924ab900b,20220328154631487-water-concrete-smooth.jpg,240,360,128.135,24.961192000894844,False,train
c:/Users/Rivan/Projects/AI_Grand_Prix/data/_hf_snapshot/test_50k/20220328154636773-water-concrete-smooth.jpg,WET,202203281546,water,concrete,smooth,20220328154636773,78c8c6dc01674300f619fd21c0a0b680ed9efe2c2be3409501866deee5819b65,20220328154636773-water-concrete-smooth.jpg,240,360,110.01548611111112,61.32788969786844,False,train
c:/Users/Rivan/Projects/AI_Grand_Prix/data/_hf_snapshot/test_50k/2022032815464120-water-concrete-smooth.jpg,WET,202203281546,water,concrete,smooth,2022032815464120,573b04c3007045a2d630b2b7ea97ab09be473b62b8401ba578d0c9663018d3e7,2022032815464120-water-concrete-smooth.jpg,240,360,157.29032407407408,683.8344811330536,False,train
c:/Users/Rivan/Projects/AI_Grand_Prix/data/_hf_snapshot/test_50k/20220328154649329-water-concrete-smooth.jpg,WET,202203281546,water,concrete,smooth,20220328154649329,9d16d4577e4cf78cc2cf8f8ca3700efc37c6df7bd9d5ab6b3a2b016f8d94089c,20220328154649329-water-concrete-smooth.jpg,240,360,115.98547453703704,127.15038039641205,False,train
c:/Users/Rivan/Projects/AI_Grand_Prix/data/_hf_snapshot/test_50k/20220328154651426-water-concrete-smooth.jpg,WET,202203281546,water,concrete,smooth,20220328154651426,f1156f4699142146d939bb10d612d74dda48aaf5dc5b56e018be2191c7854d62,20220328154651426-water-concrete-smooth.jpg,240,360,99.96331018518518,44.128597703269676,False,train
c:/Users/Rivan/Projects/AI_Grand_Prix/data/_hf_snapshot/test_50k/20220328154651466-water-concrete-smooth.jpg,WET,202203281546,water,concrete,smooth,20220328154651466,af9b4ed8799a7a08ca067c29987223372de505113cb34c529d0037632a5ad245,20220328154651466-water-concrete-smooth.jpg,240,360,100.55855324074074,141.05351683813444,False,train
c:/Users/Rivan/Projects/AI_Grand_Prix/data/_hf_snapshot/test_50k/20220328154656666-water-concrete-smooth.jpg,WET,202203281546,water,concrete,smooth,20220328154656666,0219e6a4ba17fc326f1fae7493571bf2021386c1d0ef730da1d5c0682a7c23fd,20220328154656666-water-concrete-smooth.jpg,240,360,105.03060185185186,25.5736109375,False,train
c:/Users/Rivan/Projects/AI_Grand_Prix/data/_hf_snapshot/test_50k/20220328154700851-water-concrete-smooth.jpg,WET,202203281547,water,concrete,smooth,20220328154700851,226e7ccbfcf2e6334f1082bcbf440429ea66a2b812ce5581bbb83e98f39e5af8,20220328154700851-water-concrete-smooth.jpg,240,360,127.7773263888889,63.22201295438958,False,train
c:/Users/Rivan/Projects/AI_Grand_Prix/data/_hf_snapshot/test_50k/20220328154701913-water-concrete-smooth.jpg,WET,202203281547,water,concrete,smooth,20220328154701913,eaa1f4087f697d2f928d28fb04141c3d60d511fc9b3f42e71dedd7996ac6cf23,20220328154701913-water-concrete-smooth.jpg,240,360,132.2940162037037,12.203147785922496,False,train
c:/Users/Rivan/Projects/AI_Grand_Prix/data/_hf_snapshot/test_50k/20220328154702957-water-concrete-smooth.jpg,WET,202203281547,water,concrete,smooth,20220328154702957,6577c1a9d8102487eb53e7189e55ba9f79ed596900effb939da0c4b79ce6c63e,20220328154702957-water-concrete-smooth.jpg,240,360,173.00131944444445,303.391701611797,False,train
c:/Users/Rivan/Projects/AI_Grand_Prix/data/_hf_snapshot/test_50k/2022032815470327-water-concrete-smooth.jpg,WET,202203281547,water,concrete,smooth,2022032815470327,542e10ba521ea5a1854db59e6134e4ed6b608fff865067aa364d004435a287b9,2022032815470327-water-concrete-smooth.jpg,240,360,106.80159722222223,14.013923112648964,False,train
c:/Users/Rivan/Projects/AI_Grand_Prix/data/_hf_snapshot/test_50k/20220328154703989-water-concrete-smooth.jpg,WET,202203281547,water,concrete,smooth,20220328154703989,034b868c00ce2e7869fca6905ac4477ed465614df03f29e875479ce7c62e4e8d,20220328154703989-water-concrete-smooth.jpg,240,360,144.91981481481483,240.80367693530843,False,train
c:/Users/Rivan/Projects/AI_Grand_Prix/data/_hf_snapshot/test_50k/2022032815470449-water-concrete-smooth.jpg,WET,202203281547,water,concrete,smooth,2022032815470449,3305125cd73e0c2918a7ff1bfaf6f2e7db50b5a7282bf082bc66985618ddcfc8,2022032815470449-water-concrete-smooth.jpg,240,360,131.6809837962963,37.23496197581769,False,train
c:/Users/Rivan/Projects/AI_Grand_Prix/data/_hf_snapshot/test_50k/20220328154710339-water-concrete-smooth.jpg,WET,202203281547,water,concrete,smooth,20220328154710339,2bd90a5cf6bdff05bfe317a79d38446f743caf63e5016b8776142fbfe98625e6,20220328154710339-water-concrete-smooth.jpg,240,360,105.28416666666666,41.34843187036501,False,train
c:/Users/Rivan/Projects/AI_Grand_Prix/data/_hf_snapshot/test_50k/20220328154717631-water-concrete-smooth.jpg,WET,202203281547,water,concrete,smooth,20220328154717631,5df14df797d5f94b566cb53ccbc76addb5ccb081bfbe7a9a076c3467898c8b5c,20220328154717631-water-concrete-smooth.jpg,240,360,104.73568287037037,30.919291318238812,False,train
c:/Users/Rivan/Projects/AI_Grand_Prix/data/_hf_snapshot/test_50k/20220328154721840-water-concrete-smooth.jpg,WET,202203281547,water,concrete,smooth,20220328154721840,6c8cc92fcda03d3da689525902352694b841bed6702ffcdff8447883d9b5e700,20220328154721840-water-concrete-smooth.jpg,240,360,138.97288194444445,155.07760280979403,False,train
c:/Users/Rivan/Projects/AI_Grand_Prix/data/_hf_snapshot/test_50k/20220328154722891-water-concrete-smooth.jpg,WET,202203281547,water,concrete,smooth,20220328154722891,aa64aa41123f055216494b67f18836b7f380faf29cd885e6289d2c2e0290bc57,20220328154722891-water-concrete-smooth.jpg,240,360,89.55109953703703,10.691558490735382,False,train
c:/Users/Rivan/Projects/AI_Grand_Prix/data/_hf_snapshot/test_50k/20220328154730255-water-concrete-smooth.jpg,WET,202203281547,water,concrete,smooth,20220328154730255,e71a3450d2a1d6061a177dd02c556fbf7d2a13ade181d4852e570173bb2f6fe7,20220328154730255-water-concrete-smooth.jpg,240,360,95.01592592592593,20.181992330970292,False,train
c:/Users/Rivan/Projects/AI_Grand_Prix/data/_hf_snapshot/test_50k/20220328154730275-water-concrete-smooth.jpg,WET,202203281547,water,concrete,smooth,20220328154730275,be4b3aac961ab05fa0f4bb9dc031404f1f5626c7beaf56d2709799e571af7ce8,20220328154730275-water-concrete-smooth.jpg,240,360,141.27822916666668,13.021805319251543,False,train
c:/Users/Rivan/Projects/AI_Grand_Prix/data/_hf_snapshot/test_50k/20220328154731317-water-concrete-smooth.jpg,WET,202203281547,water,concrete,smooth,20220328154731317,1ed7b9db62d1be72c51b6fd3dbd8d01980e4d71a7ce41091534e24666bc7fdad,20220328154731317-water-concrete-smooth.jpg,240,360,98.93621527777778,9.655252078510802,False,train
c:/Users/Rivan/Projects/AI_Grand_Prix/data/_hf_snapshot/test_50k/20220328154734435-water-concrete-smooth.jpg,WET,202203281547,water,concrete,smooth,20220328154734435,92d215f09a0d2e097f9b5e9f300ac30d238bd021afafe98f69c8596bd472a579,20220328154734435-water-concrete-smooth.jpg,240,360,106.75685185185185,23.301494662931887,False,train
c:/Users/Rivan/Projects/AI_Grand_Prix/data/_hf_snapshot/test_50k/2022032822323420-water-concrete-smooth.jpg,WET,202203282232,water,concrete,smooth,2022032822323420,1ee069b728664ec6fef069e3788623fe14dd6c45bc739ff6df39dbf0a973cd2b,2022032822323420-water-concrete-smooth.jpg,240,360,142.17895833333333,62.606908886182914,False,train
c:/Users/Rivan/Projects/AI_Grand_Prix/data/_hf_snapshot/test_50k/20220328223237173-water-concrete-smooth.jpg,WET,202203282232,water,concrete,smooth,20220328223237173,057489dcdff3c74aa7f357472b1578e14adb0ae53ceaca91684e80cfd03f8996,20220328223237173-water-concrete-smooth.jpg,240,360,116.24862268518518,14.615590206913366,False,train
c:/Users/Rivan/Projects/AI_Grand_Prix/data/_hf_snapshot/test_50k/20220328223240288-water-concrete-smooth.jpg,WET,202203282232,water,concrete,smooth,20220328223240288,6def51f18ab6991c6335197c630598158aebdc151fd5bd181195631941acccf7,20220328223240288-water-concrete-smooth.jpg,240,360,128.3382638888889,13.45505706447188,False,train
c:/Users/Rivan/Projects/AI_Grand_Prix/data/_hf_snapshot/test_50k/20220328223240306-water-concrete-smooth.jpg,WET,202203282232,water,concrete,smooth,20220328223240306,8519f61c4ce78b1e6169d480dd2606cc5a97da03a9f88d840e8d646cf931bf4a,20220328223240306-water-concrete-smooth.jpg,240,360,120.4146875,31.273926678240738,False,train
c:/Users/Rivan/Projects/AI_Grand_Prix/data/_hf_snapshot/test_50k/20220328223242397-water-concrete-smooth.jpg,WET,202203282232,water,concrete,smooth,20220328223242397,022f839b5b0f6eba883d06ec50ffef650b890ed820acb46610560dd283e44aa6,20220328223242397-water-concrete-smooth.jpg,240,360,122.36127314814814,81.77700689287015,False,train
c:/Users/Rivan/Projects/AI_Grand_Prix/data/_hf_snapshot/test_50k/20220328223244492-water-concrete-smooth.jpg,WET,202203282232,water,concrete,smooth,20220328223244492,6d91ade17fddb5a988da2dc2c7186dbdca5b2653085a775af2e95b1cb87c0687,20220328223244492-water-concrete-smooth.jpg,240,360,96.89275462962964,43.442858158516586,False,train
c:/Users/Rivan/Projects/AI_Grand_Prix/data/_hf_snapshot/test_50k/20220328223246617-water-concrete-smooth.jpg,WET,202203282232,water,concrete,smooth,20220328223246617,27a09663d922087c64c26e98fc96fd68707217b11359b100d02d48af492f065d,20220328223246617-water-concrete-smooth.jpg,240,360,123.36194444444445,3.4895252988629544,False,train
c:/Users/Rivan/Projects/AI_Grand_Prix/data/_hf_snapshot/test_50k/20220328224407525-water-asphalt-smooth.jpg,WET,202203282244,water,asphalt,smooth,20220328224407525,bad5dd4246d32dabbfcca378d75a8301324b1b4e2c0d4d6094ce064a6c0e59ce,20220328224407525-water-asphalt-smooth.jpg,240,360,160.08538194444444,79.48215069390861,False,train
c:/Users/Rivan/Projects/AI_Grand_Prix/data/_hf_snapshot/test_50k/20220328224412763-water-asphalt-severe.jpg,WET,202203282244,water,asphalt,severe,20220328224412763,ca55e92420859890ef7e5065dfa743a3ca1c51cdf90db995668f877bbc0a0372,20220328224412763-water-asphalt-severe.jpg,240,360,163.85313657407409,317.517356404321,False,train
c:/Users/Rivan/Projects/AI_Grand_Prix/data/_hf_snapshot/test_50k/202203282244175-water-asphalt-severe.jpg,WET,202203282244,water,asphalt,severe,202203282244175,a82c16eb48476741d4a3384c9fe76e22b04ee1e0f196300e327a89b1740921f5,202203282244175-water-asphalt-severe.jpg,240,360,122.7300462962963,264.48579687017747,False,train
c:/Users/Rivan/Projects/AI_Grand_Prix/data/_hf_snapshot/test_50k/20220328224417973-water-asphalt-severe.jpg,WET,202203282244,water,asphalt,severe,20220328224417973,935555d90021d1eee7f001fa1a9d6966c9cb2a393751e7108ced6db2e0ad101b,20220328224417973-water-asphalt-severe.jpg,240,360,110.63640046296297,353.8239575798128,False,train
c:/Users/Rivan/Projects/AI_Grand_Prix/data/_hf_snapshot/test_50k/20220328224421204-water-asphalt-smooth.jpg,WET,202203282244,water,asphalt,smooth,20220328224421204,5d922651ce5f629d41e0330e198ac46fdeffc2038a60b00c8ce173f60c365da2,20220328224421204-water-asphalt-smooth.jpg,240,360,118.54605324074075,391.01495084822955,False,train
c:/Users/Rivan/Projects/AI_Grand_Prix/data/_hf_snapshot/test_50k/20220328224425388-water-asphalt-smooth.jpg,WET,202203282244,water,asphalt,smooth,20220328224425388,404e25c46fcae48f51c0a4150f2bafc5a31685805316db5580e835309cbc9789,20220328224425388-water-asphalt-smooth.jpg,240,360,56.007650462962964,82.43099362943673,False,train
c:/Users/Rivan/Projects/AI_Grand_Prix/data/_hf_snapshot/test_50k/20220328224432697-wet-asphalt-severe.jpg,DAMP,202203282244,wet,asphalt,severe,20220328224432697,f140e3c8e8e6ea40b16595e97304d6af9dba0cf3642aa2436199f22e850b3758,20220328224432697-wet-asphalt-severe.jpg,240,360,104.17570601851853,172.9797218358839,False,train
c:/Users/Rivan/Projects/AI_Grand_Prix/data/_hf_snapshot/test_50k/20220328224436889-water-asphalt-smooth.jpg,WET,202203282244,water,asphalt,smooth,20220328224436889,5108c56c61d960794dbf28ec53fd4c03cb3e3905f2bb1f83efc27f21cc938182,20220328224436889-water-asphalt-smooth.jpg,240,360,175.3411574074074,44.82950428187157,False,train
c:/Users/Rivan/Projects/AI_Grand_Prix/data/_hf_snapshot/test_50k/20220328224437972-water-asphalt-smooth.jpg,WET,202203282244,water,asphalt,smooth,20220328224437972,1a47ac650a59bf9aa0559e1d359bb16e17a5ddf69ee3d9faa996c8b219942fcc,20220328224437972-water-asphalt-smooth.jpg,240,360,96.65952546296296,65.60811278814623,False,train
c:/Users/Rivan/Projects/AI_Grand_Prix/data/_hf_snapshot/test_50k/20220328224442207-water-asphalt-smooth.jpg,WET,202203282244,water,asphalt,smooth,20220328224442207,6b49577fb2f77bb3912daeb31726ab05f3e70ae8f4512897812c0d782c7cb24a,20220328224442207-water-asphalt-smooth.jpg,240,360,100.63340277777777,10.61496350616748,False,train
c:/Users/Rivan/Projects/AI_Grand_Prix/data/_hf_snapshot/test_50k/20220328224448461-water-asphalt-smooth.jpg,WET,202203282244,water,asphalt,smooth,20220328224448461,d41eba091fd20562998f730a502b5f3245644504b291ce1c3fe251e642dab2a6,20220328224448461-water-asphalt-smooth.jpg,240,360,117.87282407407407,67.73330946059993,False,train
c:/Users/Rivan/Projects/AI_Grand_Prix/data/_hf_snapshot/test_50k/20220328224451645-water-asphalt-smooth.jpg,WET,202203282244,water,asphalt,smooth,20220328224451645,a09d680c6aad2f50516865c12cbbee8a60616889664407aa4a5da5dba4d9e92c,20220328224451645-water-asphalt-smooth.jpg,240,360,132.1239236111111,12.967679719114368,False,train
c:/Users/Rivan/Projects/AI_Grand_Prix/data/_hf_snapshot/test_50k/2022032822450075-water-asphalt-smooth.jpg,WET,202203282245,water,asphalt,smooth,2022032822450075,88301774e95e51b1fe9202d9813739732c4b31975dfb14b79cbf177eb1d3defd,2022032822450075-water-asphalt-smooth.jpg,240,360,84.845,6.5632626543209875,False,train
c:/Users/Rivan/Projects/AI_Grand_Prix/data/_hf_snapshot/test_50k/2022032822450082-water-asphalt-smooth.jpg,WET,202203282245,water,asphalt,smooth,2022032822450082,5cb4cc6eff9e9baaaf55b0f6af498fbe5db6b3cb5c6c1e096056e07394223586,2022032822450082-water-asphalt-smooth.jpg,240,360,113.34753472222222,4.08928207250943,False,train
c:/Users/Rivan/Projects/AI_Grand_Prix/data/_hf_snapshot/test_50k/20220328230012127-water-concrete-smooth.jpg,WET,202203282300,water,concrete,smooth,20220328230012127,d532e73f722afaa5f3ee605d7cb27abfd2e14353a34af8ca0daf9937f2febf2b,20220328230012127-water-concrete-smooth.jpg,240,360,112.68055555555556,3.6770827498070986,False,train
c:/Users/Rivan/Projects/AI_Grand_Prix/data/_hf_snapshot/test_50k/20220328230014209-water-concrete-smooth.jpg,WET,202203282300,water,concrete,smooth,20220328230014209,5b0e2703191e5bdd1676a88a4b91a2fad6094c865fa47a6e2b6ffdb22291963a,20220328230014209-water-concrete-smooth.jpg,240,360,96.89005787037037,4.198504503038194,False,train
c:/Users/Rivan/Projects/AI_Grand_Prix/data/_hf_snapshot/test_50k/20220329200337415-wet-asphalt-smooth.jpg,DAMP,202203292003,wet,asphalt,smooth,20220329200337415,cd497e6e0c9293153c1288274721df27db3021ca2f0102c036e3837bd5355f44,20220329200337415-wet-asphalt-smooth.jpg,240,360,103.18516203703703,938.754594071368,False,train
c:/Users/Rivan/Projects/AI_Grand_Prix/data/_hf_snapshot/test_50k/20220329200359554-water-asphalt-smooth.jpg,WET,202203292003,water,asphalt,smooth,20220329200359554,903d973cd8da81ad94163bd97108f64f9159f7fdc05b287b5869e5f78de0208b,20220329200359554-water-asphalt-smooth.jpg,240,360,139.2186111111111,565.1216339758016,False,train
c:/Users/Rivan/Projects/AI_Grand_Prix/data/_hf_snapshot/test_50k/20220329200547918-wet-asphalt-smooth.jpg,DAMP,202203292005,wet,asphalt,smooth,20220329200547918,4077dc18ee2f3f8fdd75ff41729028a52447339d791206936f9ee9d7e26875ce,20220329200547918-wet-asphalt-smooth.jpg,240,360,123.97348379629629,437.190740585884,False,train
c:/Users/Rivan/Projects/AI_Grand_Prix/data/_hf_snapshot/test_50k/20220329200552162-wet-asphalt-smooth.jpg,DAMP,202203292005,wet,asphalt,smooth,20220329200552162,109c5f2359dec10405ddacd27299660c6f4e3092e67e72a6daec713b116297db,20220329200552162-wet-asphalt-smooth.jpg,240,360,93.24293981481482,112.58846064694252,False,train
c:/Users/Rivan/Projects/AI_Grand_Prix/data/_hf_snapshot/test_50k/20220329200602702-wet-asphalt-slight.jpg,DAMP,202203292006,wet,asphalt,slight,20220329200602702,24d5a3377a44c41979e4368fbab1afb9ca444a328a63ce540fd2734f3d6c9d5d,20220329200602702-wet-asphalt-slight.jpg,240,360,88.05060185185185,292.07916647322963,False,train
c:/Users/Rivan/Projects/AI_Grand_Prix/data/_hf_snapshot/test_50k/20220329200734430-wet-asphalt-smooth.jpg,DAMP,202203292007,wet,asphalt,smooth,20220329200734430,45212ead3238c59353c30382fbedc8cb09fab923b57fc0d27f2bfb9308d4b06c,20220329200734430-wet-asphalt-smooth.jpg,240,360,126.73578703703704,214.52722088263033,False,train
c:/Users/Rivan/Projects/AI_Grand_Prix/data/_hf_snapshot/test_50k/20220329200759752-wet-asphalt-smooth.jpg,DAMP,202203292007,wet,asphalt,smooth,20220329200759752,d31084eae0263bde64b5fc0ebb52668168ad921361cf1851e56e0e543bc4d73f,20220329200759752-wet-asphalt-smooth.jpg,240,360,139.79541666666665,185.73243839364176,False,train
c:/Users/Rivan/Projects/AI_Grand_Prix/data/_hf_snapshot/test_50k/20220329200841902-wet-asphalt-slight.jpg,DAMP,202203292008,wet,asphalt,slight,20220329200841902,23b9c525e3cd40b748255c13edcc750b0e5b54769d609275aff675b3964eb4ec,20220329200841902-wet-asphalt-slight.jpg,240,360,109.57461805555556,221.04546985261806,False,train
c:/Users/Rivan/Projects/AI_Grand_Prix/data/_hf_snapshot/test_50k/2022032920084332-wet-asphalt-smooth.jpg,DAMP,202203292008,wet,asphalt,smooth,2022032920084332,12c70a914d90e0606827bf0acd3b61b5c971458716af9538d9ac715067c49da0,2022032920084332-wet-asphalt-smooth.jpg,240,360,108.44517361111112,126.51947477802962,False,train
c:/Users/Rivan/Projects/AI_Grand_Prix/data/_hf_snapshot/test_50k/20220329200927343-wet-asphalt-smooth.jpg,DAMP,202203292009,wet,asphalt,smooth,20220329200927343,3570d52f2c405eab2685a2921741c3c9a589fb15fd868c7a78bdea535a1324c8,20220329200927343-wet-asphalt-smooth.jpg,240,360,108.28734953703703,321.4948917233314,False,train
c:/Users/Rivan/Projects/AI_Grand_Prix/data/_hf_snapshot/test_50k/20220329201016877-wet-asphalt-slight.jpg,DAMP,202203292010,wet,asphalt,slight,20220329201016877,f8e91c226df46b8bbe8c270e7719613abfb1513bca8e539d0fa85c5fc32d2e05,20220329201016877-wet-asphalt-slight.jpg,240,360,110.77341435185186,378.08713681506663,False,train
c:/Users/Rivan/Projects/AI_Grand_Prix/data/_hf_snapshot/test_50k/20220329201152607-wet-asphalt-smooth.jpg,DAMP,202203292011,wet,asphalt,smooth,20220329201152607,8bd9102bdf3b19f7b7f6903b8f54ae115d8b9d326c073a05f00249dcb5576fb7,20220329201152607-wet-asphalt-smooth.jpg,240,360,100.60731481481481,219.887268441358,False,train
c:/Users/Rivan/Projects/AI_Grand_Prix/data/_hf_snapshot/test_50k/20220329201307556-wet-asphalt-smooth.jpg,DAMP,202203292013,wet,asphalt,smooth,20220329201307556,c0eed6c1dfc8fc8e30def47a86541a2668d5d7c1c0a67b49adc299968942db7c,20220329201307556-wet-asphalt-smooth.jpg,240,360,123.2571875,527.1435174811386,False,train
c:/Users/Rivan/Projects/AI_Grand_Prix/data/_hf_snapshot/test_50k/20220329201309631-wet-asphalt-slight.jpg,DAMP,202203292013,wet,asphalt,slight,20220329201309631,18e52b0b840b4e2255ffbeccc0d2441332c053d47d60ef71f63d5f587bd2720a,20220329201309631-wet-asphalt-slight.jpg,240,360,116.91028935185186,534.23094152467,False,train
c:/Users/Rivan/Projects/AI_Grand_Prix/data/_hf_snapshot/test_50k/20220329201309670-wet-asphalt-slight.jpg,DAMP,202203292013,wet,asphalt,slight,20220329201309670,8e6d354f1753cb0e5a721eb8ca49fba869d526c1081f2072dc4889b870863e8c,20220329201309670-wet-asphalt-slight.jpg,240,360,123.39284722222222,305.1158643195677,False,train
c:/Users/Rivan/Projects/AI_Grand_Prix/data/_hf_snapshot/test_50k/20220329201324437-wet-asphalt-slight.jpg,DAMP,202203292013,wet,asphalt,slight,20220329201324437,5a8bcd6b3c2e382ec6f9668be75f8fdf177b6bbab81c2bf49e042793eb5c81bc,20220329201324437-wet-asphalt-slight.jpg,240,360,104.8484375,191.06600919160988,False,train
c:/Users/Rivan/Projects/AI_Grand_Prix/data/_hf_snapshot/test_50k/20220329201333907-wet-asphalt-smooth.jpg,DAMP,202203292013,wet,asphalt,smooth,20220329201333907,1ab1b1816d952637f6e4ecd38d97015e0b646b9b6f3d2d0c42d5d1117d98f197,20220329201333907-wet-asphalt-smooth.jpg,240,360,117.23902777777778,325.66634164737656,False,train
c:/Users/Rivan/Projects/AI_Grand_Prix/data/_hf_snapshot/test_50k/2022033011103767-water-concrete-smooth.jpg,WET,202203301110,water,concrete,smooth,2022033011103767,3123627399d7679001ac32b490da1c877a50ab13e1e5e981afce3e8136423388,2022033011103767-water-concrete-smooth.jpg,240,360,142.23914351851852,792.4496179578994,False,train
c:/Users/Rivan/Projects/AI_Grand_Prix/data/_hf_snapshot/test_50k/2022033011103799-water-concrete-smooth.jpg,WET,202203301110,water,concrete,smooth,2022033011103799,6b8a8a62752ffc4d001eed6419be7287a4cd1db00711b6f4bee9d08748a47bf0,2022033011103799-water-concrete-smooth.jpg,240,360,125.59525462962964,336.62505543646586,False,train
c:/Users/Rivan/Projects/AI_Grand_Prix/data/_hf_snapshot/test_50k/20220330111038133-water-concrete-smooth.jpg,WET,202203301110,water,concrete,smooth,20220330111038133,7d8209d914e81a82ba64f1b0db24fcf830eab0550b2aca077413c0fad25ad52c,20220330111038133-water-concrete-smooth.jpg,240,360,154.37243055555555,183.1315203167867,False,train
c:/Users/Rivan/Projects/AI_Grand_Prix/data/_hf_snapshot/test_50k/20220330111041276-water-concrete-smooth.jpg,WET,202203301110,water,concrete,smooth,20220330111041276,82e7a30b1b354139d9bd601a40cfb8ce0e48c1fc63f05e0d8bda578c2571ad06,20220330111041276-water-concrete-smooth.jpg,240,360,117.27690972222223,805.8605468744641,False,train
c:/Users/Rivan/Projects/AI_Grand_Prix/data/_hf_snapshot/test_50k/20220330111041279-water-concrete-smooth.jpg,WET,202203301110,water,concrete,smooth,20220330111041279,22c01620ee3fb1915a7bfb3b0b90e985709bfd844dbd88276edc25b1b54af30d,20220330111041279-water-concrete-smooth.jpg,240,360,114.60621527777778,418.5643981476123,False,train
c:/Users/Rivan/Projects/AI_Grand_Prix/data/_hf_snapshot/test_50k/20220330111043377-water-concrete-smooth.jpg,WET,202203301110,water,concrete,smooth,20220330111043377,7803d08aac382fe2b7453bb160e6d814c28cad840e8a6543f979b1c55a47734e,20220330111043377-water-concrete-smooth.jpg,240,360,174.53733796296297,1069.072379552469,False,train
c:/Users/Rivan/Projects/AI_Grand_Prix/data/_hf_snapshot/test_50k/20220330111043409-water-concrete-smooth.jpg,WET,202203301110,water,concrete,smooth,20220330111043409,b2cc2bab59931eb67af8a94112dcb7493c66119c858b2b1e8d16931c4828a5a6,20220330111043409-water-concrete-smooth.jpg,240,360,125.07399305555556,1528.5798126863372,False,train
c:/Users/Rivan/Projects/AI_Grand_Prix/data/_hf_snapshot/test_50k/20220330111044441-water-concrete-smooth.jpg,WET,202203301110,water,concrete,smooth,20220330111044441,77bb80dd58c0cc195edc93f8241a3fa2aad702f6e8515d0d229cde07db8d6b71,20220330111044441-water-concrete-smooth.jpg,240,360,142.32515046296297,1235.5028558893819,False,train
c:/Users/Rivan/Projects/AI_Grand_Prix/data/_hf_snapshot/test_50k/20220330111046546-water-concrete-smooth.jpg,WET,202203301110,water,concrete,smooth,20220330111046546,bcab1cf698837e89135f56965f2b31e3fce12b3086a7c29cae2cb759ac99e4bc,20220330111046546-water-concrete-smooth.jpg,240,360,128.32835648148148,1779.8189515516492,False,train
c:/Users/Rivan/Projects/AI_Grand_Prix/data/_hf_snapshot/test_50k/2022033011105694-water-concrete-smooth.jpg,WET,202203301110,water,concrete,smooth,2022033011105694,10d46777bce6ef676d9a1a6533775ae970f7952eb2481973e113a7446b23742e,2022033011105694-water-concrete-smooth.jpg,240,360,104.35462962962963,480.5487567996346,False,train
c:/Users/Rivan/Projects/AI_Grand_Prix/data/_hf_snapshot/test_50k/20220330111057152-water-concrete-smooth.jpg,WET,202203301110,water,concrete,smooth,20220330111057152,7098e57eb2c3e9db281c8391847566185039d60b5c2e574e904785f47b794df4,20220330111057152-water-concrete-smooth.jpg,240,360,124.00289351851852,354.06253945419667,False,train
c:/Users/Rivan/Projects/AI_Grand_Prix/data/_hf_snapshot/test_50k/20220330111203559-water-concrete-smooth.jpg,WET,202203301112,water,concrete,smooth,20220330111203559,b9431be247f5dcc8d6ebf8e2bbbb0a9fb1bfd366b773682c25b55c8d663b98f9,20220330111203559-water-concrete-smooth.jpg,240,360,157.03284722222222,171.89046241426612,False,train
c:/Users/Rivan/Projects/AI_Grand_Prix/data/_hf_snapshot/test_50k/20220330111205660-water-concrete-smooth.jpg,WET,202203301112,water,concrete,smooth,20220330111205660,bc45fd4dd719dc57b1855520a8805e14ddd4e5501a1ccee5db543f71b9b27623,20220330111205660-water-concrete-smooth.jpg,240,360,172.3629513888889,1365.4967793124142,False,train
c:/Users/Rivan/Projects/AI_Grand_Prix/data/_hf_snapshot/test_50k/20220330111206704-water-concrete-smooth.jpg,WET,202203301112,water,concrete,smooth,20220330111206704,ec1d74d1e5bd255059d0d3aed02879b1ed8000dfd371d076b6745b77cb885621,20220330111206704-water-concrete-smooth.jpg,240,360,143.10984953703704,2070.768348922834,False,train
c:/Users/Rivan/Projects/AI_Grand_Prix/data/_hf_snapshot/test_50k/20220330111209873-water-concrete-smooth.jpg,WET,202203301112,water,concrete,smooth,20220330111209873,cc37debd1f38a99425048a62d1322d61a3fdbe21b75f2f8d2f84a17b34b3793e,20220330111209873-water-concrete-smooth.jpg,240,360,94.29342592592593,762.2764252184875,False,train
c:/Users/Rivan/Projects/AI_Grand_Prix/data/_hf_snapshot/test_50k/20220330111211981-water-concrete-smooth.jpg,WET,202203301112,water,concrete,smooth,20220330111211981,abad4494fe545e61a1e59edcd25607e6a38baec6b5462993b3d9a1f2d6cde7c1,20220330111211981-water-concrete-smooth.jpg,240,360,137.70942129629628,683.7075543112086,False,train
c:/Users/Rivan/Projects/AI_Grand_Prix/data/_hf_snapshot/test_50k/20220330111218287-water-concrete-smooth.jpg,WET,202203301112,water,concrete,smooth,20220330111218287,5d474a8b7bbc58876321d53d928502d5d79f67c4c28de1e67c75102ec6355008,20220330111218287-water-concrete-smooth.jpg,240,360,167.2503587962963,773.4740147986058,False,train
c:/Users/Rivan/Projects/AI_Grand_Prix/data/_hf_snapshot/test_50k/20220330111222467-water-concrete-smooth.jpg,WET,202203301112,water,concrete,smooth,20220330111222467,5a3ca427290ac6f66e13b070dee68b3f514f6d3d12d8871b4231682cc73f060a,20220330111222467-water-concrete-smooth.jpg,240,360,134.38996527777778,646.2495220763407,False,train
c:/Users/Rivan/Projects/AI_Grand_Prix/data/_hf_snapshot/test_50k/20220330111223501-water-concrete-smooth.jpg,WET,202203301112,water,concrete,smooth,20220330111223501,985a8fe94af0520e7050c2ba6ca3fcc9753086e782a2de13b30021ef94741425,20220330111223501-water-concrete-smooth.jpg,240,360,151.93488425925926,603.724472344259,False,train
c:/Users/Rivan/Projects/AI_Grand_Prix/data/_hf_snapshot/test_50k/20220330111225596-water-concrete-smooth.jpg,WET,202203301112,water,concrete,smooth,20220330111225596,284b21cecc57de218661c317d9442ce3b4ed64c734de71ab303c0e6b60fe192e,20220330111225596-water-concrete-smooth.jpg,240,360,137.2398263888889,305.8429408816658,False,train
c:/Users/Rivan/Projects/AI_Grand_Prix/data/_hf_snapshot/test_50k/20220330111227691-water-concrete-smooth.jpg,WET,202203301112,water,concrete,smooth,20220330111227691,02d09dc8c70385933a5446a693a36f5416dfc96977d74b0f637ed6e9154d7585,20220330111227691-water-concrete-smooth.jpg,240,360,110.79385416666666,318.7491846686385,False,train
c:/Users/Rivan/Projects/AI_Grand_Prix/data/_hf_snapshot/test_50k/20220330111228753-water-concrete-smooth.jpg,WET,202203301112,water,concrete,smooth,20220330111228753,d1193e1a07827fe44bb8105ff99867c9b6605ca4f73a9d986a90dfd73b6dae77,20220330111228753-water-concrete-smooth.jpg,240,360,121.62907407407407,101.03143014349708,False,train
c:/Users/Rivan/Projects/AI_Grand_Prix/data/_hf_snapshot/test_50k/20220330111230858-water-concrete-smooth.jpg,WET,202203301112,water,concrete,smooth,20220330111230858,f873108b89b17e8f524a0640a60bbef9b73d3b207bf28dfc37ead7afb94be447,20220330111230858-water-concrete-smooth.jpg,240,360,111.20372685185185,95.40151650256665,False,train
c:/Users/Rivan/Projects/AI_Grand_Prix/data/_hf_snapshot/test_50k/20220330111231915-water-concrete-smooth.jpg,WET,202203301112,water,concrete,smooth,20220330111231915,dfda5f1417ebd600dfc6183b1abff5ef3588da0647447e30dc40ef1a2c0395b7,20220330111231915-water-concrete-smooth.jpg,240,360,96.60428240740741,158.28551769748265,False,train
c:/Users/Rivan/Projects/AI_Grand_Prix/data/_hf_snapshot/test_50k/2022033011123442-water-concrete-smooth.jpg,WET,202203301112,water,concrete,smooth,2022033011123442,1839abb0bab45c9535a4da22e25cafd7424ea40c7be3819c2f296724e9d24a25,2022033011123442-water-concrete-smooth.jpg,240,360,124.36381944444445,381.72066658950615,False,train
c:/Users/Rivan/Projects/AI_Grand_Prix/data/_hf_snapshot/test_50k/20220330111236147-water-concrete-smooth.jpg,WET,202203301112,water,concrete,smooth,20220330111236147,105d9d4f02b4ce79abd9938bc76271d0315f498f20bb3c11c1f141673fa28009,20220330111236147-water-concrete-smooth.jpg,240,360,133.28690972222222,464.61049158615714,False,train
c:/Users/Rivan/Projects/AI_Grand_Prix/data/_hf_snapshot/test_50k/20220330111243444-water-concrete-smooth.jpg,WET,202203301112,water,concrete,smooth,20220330111243444,1dbd3c11141bb0d4fea26a1d54d47610a6bef63dab7d2c2da8cff9a791079d17,20220330111243444-water-concrete-smooth.jpg,240,360,80.7051736111111,49.11865933588391,False,train
c:/Users/Rivan/Projects/AI_Grand_Prix/data/_hf_snapshot/test_50k/20220330111245540-water-concrete-smooth.jpg,WET,202203301112,water,concrete,smooth,20220330111245540,9802bf0c14c6f87c1d67af1f250ef4de9a05d651cfdd2c303fd9bcc0feb66ce5,20220330111245540-water-concrete-smooth.jpg,240,360,167.24677083333333,810.8736127602826,False,train
c:/Users/Rivan/Projects/AI_Grand_Prix/data/_hf_snapshot/test_50k/20220330111253898-water-concrete-smooth.jpg,WET,202203301112,water,concrete,smooth,20220330111253898,ef7bdd7378d5c0424eee98ecfc22ae761778a18031389b556a05684a45525280,20220330111253898-water-concrete-smooth.jpg,240,360,104.72578703703704,180.31076195987654,False,train
c:/Users/Rivan/Projects/AI_Grand_Prix/data/_hf_snapshot/test_50k/20220330111253918-water-concrete-smooth.jpg,WET,202203301112,water,concrete,smooth,20220330111253918,e2bd3443467c7447019aded134be25f8abb2247c5bb2a1785b4f7b74b09569c9,20220330111253918-water-concrete-smooth.jpg,240,360,137.83765046296296,147.19093590843087,False,train
c:/Users/Rivan/Projects/AI_Grand_Prix/data/_hf_snapshot/test_50k/2022033011125795-wet-concrete-slight.jpg,DAMP,202203301112,wet,concrete,slight,2022033011125795,09a373bd5d2a3227c77f9a9859d44919192e34a6558d681fe61cd8438a96fe13,2022033011125795-wet-concrete-slight.jpg,240,360,130.48234953703704,56.592002255738805,False,train
c:/Users/Rivan/Projects/AI_Grand_Prix/data/_hf_snapshot/test_50k/20220330111258119-water-concrete-smooth.jpg,WET,202203301112,water,concrete,smooth,20220330111258119,7029ca8ef76b2f9990fad1d260b63dd71eb99a38329a400a219bc56ae071e2fe,20220330111258119-water-concrete-smooth.jpg,240,360,151.45310185185184,357.50851140046296,False,train
c:/Users/Rivan/Projects/AI_Grand_Prix/data/_hf_snapshot/test_50k/20220330111300208-water-concrete-smooth.jpg,WET,202203301113,water,concrete,smooth,20220330111300208,c2a58c2aaa0dec0ccc9e7f05174e6c0f9aa9ede2ffbbcca5db9d5acf696bfcdb,20220330111300208-water-concrete-smooth.jpg,240,360,158.64203703703703,437.1754840265721,False,train
c:/Users/Rivan/Projects/AI_Grand_Prix/data/_hf_snapshot/test_50k/20220330111303348-water-concrete-smooth.jpg,WET,202203301113,water,concrete,smooth,20220330111303348,a2202c85d4c243360026969f9284ad9c587fa75f1f8391d8539162595a436375,20220330111303348-water-concrete-smooth.jpg,240,360,161.42694444444444,377.48401913526664,False,train
c:/Users/Rivan/Projects/AI_Grand_Prix/data/_hf_snapshot/test_50k/20220330111305488-water-concrete-smooth.jpg,WET,202203301113,water,concrete,smooth,20220330111305488,a1808c7e1401e6995f6b6e6784f85c7bb245792090a6dc09be492b3c69ae0163,20220330111305488-water-concrete-smooth.jpg,240,360,128.22157407407408,591.3329564224055,False,train
c:/Users/Rivan/Projects/AI_Grand_Prix/data/_hf_snapshot/test_50k/20220330111310685-water-concrete-smooth.jpg,WET,202203301113,water,concrete,smooth,20220330111310685,5865bdb35bee69b2c8c8494318f18c07b86a57de435d08a335bb83938525a5f7,20220330111310685-water-concrete-smooth.jpg,240,360,116.16333333333333,70.89828564332562,False,train
c:/Users/Rivan/Projects/AI_Grand_Prix/data/_hf_snapshot/test_50k/20220330111315949-wet-concrete-slight.jpg,DAMP,202203301113,wet,concrete,slight,20220330111315949,1351d5aff2736b1cf617bc2c2336e5be20aeb760e3d63267942e80abcfdb0c99,20220330111315949-wet-concrete-slight.jpg,240,360,151.1434375,1169.934418509945,False,train
c:/Users/Rivan/Projects/AI_Grand_Prix/data/_hf_snapshot/test_50k/20220330111316954-water-concrete-smooth.jpg,WET,202203301113,water,concrete,smooth,20220330111316954,023e3ca308d92aeadc4829d0004192212e58070983e8d5d7aa26e446298e4418,20220330111316954-water-concrete-smooth.jpg,240,360,190.92909722222223,1846.0939919301643,False,train
c:/Users/Rivan/Projects/AI_Grand_Prix/data/_hf_snapshot/test_50k/2022033011131722-water-concrete-slight.jpg,WET,202203301113,water,concrete,slight,2022033011131722,c9a66b1e40d5c80fac2ca54e4521fbad2cbb2a6d2fde5b6460bc1af004a93536,2022033011131722-water-concrete-slight.jpg,240,360,109.61188657407408,1066.6614779830034,False,train
c:/Users/Rivan/Projects/AI_Grand_Prix/data/_hf_snapshot/test_50k/20220330111320164-water-concrete-smooth.jpg,WET,202203301113,water,concrete,smooth,20220330111320164,facb4328906f143eb8560f155e062f7963e5262f26d37bf949e31bf79e64ec44,20220330111320164-water-concrete-smooth.jpg,240,360,174.848125,643.6414711398319,False,train
c:/Users/Rivan/Projects/AI_Grand_Prix/data/_hf_snapshot/test_50k/20220330111324342-wet-concrete-slight.jpg,DAMP,202203301113,wet,concrete,slight,20220330111324342,a8ec5b1f3dd8d5aaa35b48e1c86b4ccd82b9462971a099aa908ddaae852c01b8,20220330111324342-wet-concrete-slight.jpg,240,360,109.0734375,1750.2631064043208,False,train
c:/Users/Rivan/Projects/AI_Grand_Prix/data/_hf_snapshot/test_50k/2022033014390959-wet-asphalt-smooth.jpg,DAMP,202203301439,wet,asphalt,smooth,2022033014390959,99c5e29eafef4298c02a9a82f1f7fe881d55b445e25649a22e904ba0c59f872a,2022033014390959-wet-asphalt-smooth.jpg,240,360,105.8160300925926,33.05068988862633,False,train
c:/Users/Rivan/Projects/AI_Grand_Prix/data/_hf_snapshot/test_50k/20220330143926852-water-asphalt-smooth.jpg,WET,202203301439,water,asphalt,smooth,20220330143926852,c843725cedfa45a57faf062866370ddd91f6b8110ff94e7a32a11bc91698888d,20220330143926852-water-asphalt-smooth.jpg,240,360,100.0371875,175.22096869521067,False,train
c:/Users/Rivan/Projects/AI_Grand_Prix/data/_hf_snapshot/test_50k/20220330143934242-water-asphalt-smooth.jpg,WET,202203301439,water,asphalt,smooth,20220330143934242,827d2e1d0ec067fda10762862a2ff3eb2a6b680b3972065e38bac6f597cfdd19,20220330143934242-water-asphalt-smooth.jpg,240,360,93.27936342592592,13.209849488677767,False,train
c:/Users/Rivan/Projects/AI_Grand_Prix/data/_hf_snapshot/test_50k/20220330143937390-wet-asphalt-smooth.jpg,DAMP,202203301439,wet,asphalt,smooth,20220330143937390,6652ff7e732e2fb9183fbb43698433d858da245a13e3bd7836c17ce260702cef,20220330143937390-wet-asphalt-smooth.jpg,240,360,79.5342824074074,122.74119059593085,False,train
c:/Users/Rivan/Projects/AI_Grand_Prix/data/_hf_snapshot/test_50k/20220330144244399-wet-asphalt-smooth.jpg,DAMP,202203301442,wet,asphalt,smooth,20220330144244399,ab627fe6cebae06f406fa46562104df6b2925afe4e4bb978c087a7356e3a1ebb,20220330144244399-wet-asphalt-smooth.jpg,240,360,106.15822916666667,650.8985978265122,False,train
c:/Users/Rivan/Projects/AI_Grand_Prix/data/_hf_snapshot/test_50k/20220330144251727-wet-asphalt-smooth.jpg,DAMP,202203301442,wet,asphalt,smooth,20220330144251727,9cce42bf62cceee0498d35645052570236b8fb884c2a6c99c6df3a20ec0ce27e,20220330144251727-wet-asphalt-smooth.jpg,240,360,111.40775462962964,1020.252538580247,False,train
c:/Users/Rivan/Projects/AI_Grand_Prix/data/_hf_snapshot/test_50k/20220330144256977-wet-asphalt-slight.jpg,DAMP,202203301442,wet,asphalt,slight,20220330144256977,5c11a19929b36fe9836c80634aa395dfd55880026dd60a840ed8f5c34407c902,20220330144256977-wet-asphalt-slight.jpg,240,360,126.44611111111111,344.4650320589796,False,train
c:/Users/Rivan/Projects/AI_Grand_Prix/data/_hf_snapshot/test_50k/20220330144342161-wet-asphalt-smooth.jpg,DAMP,202203301443,wet,asphalt,smooth,20220330144342161,0c7b3f5a88d819a745f992f944f5a1ebe0dbacfc424d77026861d1af2e7ec874,20220330144342161-wet-asphalt-smooth.jpg,240,360,99.04521990740741,36.860598591820995,False,train
c:/Users/Rivan/Projects/AI_Grand_Prix/data/_hf_snapshot/test_50k/20220330144604937-water-asphalt-smooth.jpg,WET,202203301446,water,asphalt,smooth,20220330144604937,cb2e56c89043d9c17d34bae668dac41df3a605ae9ca8e38e1a716ea56796e23d,20220330144604937-water-asphalt-smooth.jpg,240,360,101.55427083333333,580.5456570589796,False,train
c:/Users/Rivan/Projects/AI_Grand_Prix/data/_hf_snapshot/test_50k/20220330144629108-wet-asphalt-slight.jpg,DAMP,202203301446,wet,asphalt,slight,20220330144629108,7a12bb0cdd451abaed48eb260fcdd468ccc64a31f304a29fc658479c0ce25388,20220330144629108-wet-asphalt-slight.jpg,240,360,96.71930555555555,1666.5260852360898,False,train
c:/Users/Rivan/Projects/AI_Grand_Prix/data/_hf_snapshot/test_50k/20220330144629118-wet-asphalt-slight.jpg,DAMP,202203301446,wet,asphalt,slight,20220330144629118,f83999d191134344d0039b5d3ebbe1c1b224d7a67ebd893d7cd2984cc05d539c,20220330144629118-wet-asphalt-slight.jpg,240,360,102.55983796296296,910.6248744936343,False,train
c:/Users/Rivan/Projects/AI_Grand_Prix/data/_hf_snapshot/test_50k/20220330144629124-wet-asphalt-slight.jpg,DAMP,202203301446,wet,asphalt,slight,20220330144629124,8058dbb51771eb66748bff5eff1501499e9017163cf04424f13bc5d29f9d0ac5,20220330144629124-wet-asphalt-slight.jpg,240,360,96.6439236111111,1084.3832268255958,False,train
c:/Users/Rivan/Projects/AI_Grand_Prix/data/_hf_snapshot/test_50k/202203311420571-water-concrete-smooth.jpg,WET,202203311420,water,concrete,smooth,202203311420571,2e1de13000d72a577e77cc119ccc2cc117107a02b80d4a904eef820f7d767b59,202203311420571-water-concrete-smooth.jpg,240,360,124.66321759259259,995.2808411939245,False,train
c:/Users/Rivan/Projects/AI_Grand_Prix/data/_hf_snapshot/test_50k/2022033114212410-water-concrete-smooth.jpg,WET,202203311421,water,concrete,smooth,2022033114212410,3c473fed676212f6c10e51993c6430bc70064cfef483451ec89a57eacfb24287,2022033114212410-water-concrete-smooth.jpg,240,360,119.13523148148148,321.46288715224193,False,train
c:/Users/Rivan/Projects/AI_Grand_Prix/data/_hf_snapshot/test_50k/202203311433211-dry-concrete-slight.jpg,DRY,202203311433,dry,concrete,slight,202203311433211,a2c5a7e76f8171cdd6f6c603bc5868d7e27e1e2a380580293b152caaca9c639a,202203311433211-dry-concrete-slight.jpg,240,360,129.26626157407406,63.32406882233797,False,train
c:/Users/Rivan/Projects/AI_Grand_Prix/data/_hf_snapshot/test_50k/202203311452081-water-concrete-smooth.jpg,WET,202203311452,water,concrete,smooth,202203311452081,b8d2af87088009d68b1bb5f92ff9ad47eea948aa979c625b94dec7eda2e576c0,202203311452081-water-concrete-smooth.jpg,240,360,105.0249537037037,859.6983796296296,False,train
c:/Users/Rivan/Projects/AI_Grand_Prix/data/_hf_snapshot/test_50k/202203311543558-wet-concrete-smooth.jpg,DAMP,202203311543,wet,concrete,smooth,202203311543558,ea5be7f8af9ce3e5c55cb026e3c3f7e9c232d401a80e743d5a43f08645262b4c,202203311543558-wet-concrete-smooth.jpg,240,360,105.34422453703704,27.83542823953511,False,train
c:/Users/Rivan/Projects/AI_Grand_Prix/data/_hf_snapshot/test_50k/202203311543559-wet-concrete-smooth.jpg,DAMP,202203311543,wet,concrete,smooth,202203311543559,3cd9d09d3991d2167b1ec496077dabddc5d77d9733fe30ae6393d19659d2bff1,202203311543559-wet-concrete-smooth.jpg,240,360,105.14668981481482,47.60318274163559,False,train
c:/Users/Rivan/Projects/AI_Grand_Prix/data/_hf_snapshot/test_50k/20220331155055244-dry-concrete-smooth.jpg,DRY,202203311550,dry,concrete,smooth,20220331155055244,68e7eeebcad9973f7a80623c075c4244d3eeb32ef98c8f82d202376ab3e2c736,20220331155055244-dry-concrete-smooth.jpg,240,360,131.52306712962962,258.1657163580247,False,train
c:/Users/Rivan/Projects/AI_Grand_Prix/data/_hf_snapshot/test_50k/202203311917174-water-asphalt-smooth.jpg,WET,202203311917,water,asphalt,smooth,202203311917174,b4988945c8314e72338a8049cb5aeaf4194a58a577ea3d292b4d0e0a15727fec,202203311917174-water-asphalt-smooth.jpg,240,360,110.94928240740741,103.63288162240656,False,train
c:/Users/Rivan/Projects/AI_Grand_Prix/data/_hf_snapshot/test_50k/2022033119210313-water-asphalt-smooth.jpg,WET,202203311921,water,asphalt,smooth,2022033119210313,242d0b8b9000923fc54144c1e96547cd13cbe1344aeb5b7d3286583fd803ee2b,2022033119210313-water-asphalt-smooth.jpg,240,360,152.30369212962964,1607.9827295090665,False,train
c:/Users/Rivan/Projects/AI_Grand_Prix/data/_hf_snapshot/test_50k/202203312105574-water-asphalt-smooth.jpg,WET,202203312105,water,asphalt,smooth,202203312105574,3af0cfdcf841a3dc1529bfcc4739aeaafc9ab5d5dc94ce8dfa1e02afdca258f9,202203312105574-water-asphalt-smooth.jpg,240,360,89.97944444444444,1.847129564793381,False,train
c:/Users/Rivan/Projects/AI_Grand_Prix/data/_hf_snapshot/test_50k/202203312107433-water-asphalt-severe.jpg,WET,202203312107,water,asphalt,severe,202203312107433,20ecacdf020bc60ae3aaae941b7b6a7896e4d7ff929b2ff0cf39de6b381d0a05,202203312107433-water-asphalt-severe.jpg,240,360,115.00142361111111,17.627152687221365,False,train
c:/Users/Rivan/Projects/AI_Grand_Prix/data/_hf_snapshot/test_50k/2022033121201317-water-asphalt-severe.jpg,WET,202203312120,water,asphalt,severe,2022033121201317,709252cf27d36c8759a46574ee5c4114c0352f4454a718e34ceb1624e443e415,2022033121201317-water-asphalt-severe.jpg,240,360,107.21278935185185,41.010162017746914,False,train
c:/Users/Rivan/Projects/AI_Grand_Prix/data/_hf_snapshot/test_50k/202203312122215-water-asphalt-slight.jpg,WET,202203312122,water,asphalt,slight,202203312122215,97ae1eac202d3ca52dca3e235ea6f2e998b13d704d2fc539e0045625145f997f,202203312122215-water-asphalt-slight.jpg,240,360,99.57701388888889,26.014899562221363,False,train
c:/Users/Rivan/Projects/AI_Grand_Prix/data/_hf_snapshot/test_50k/202203312203183-water-asphalt-smooth.jpg,WET,202203312203,water,asphalt,smooth,202203312203183,d7440ac4590d7433c028e0d1a78ceaeb28bc95edc0e866332de18f4c874edccc,202203312203183-water-asphalt-smooth.jpg,240,360,72.7445949074074,27.334306400972007,False,train
c:/Users/Rivan/Projects/AI_Grand_Prix/data/_hf_snapshot/test_50k/2022033122082014-water-asphalt-smooth.jpg,WET,202203312208,water,asphalt,smooth,2022033122082014,9291a2c2563a623bb3469913b59c7e619a77bc05914eceb4c2ec053d7e2e44a5,2022033122082014-water-asphalt-smooth.jpg,240,360,80.1116550925926,6.079259154235255,False,train
c:/Users/Rivan/Projects/AI_Grand_Prix/data/_hf_snapshot/test_50k/202203312217446-wet-asphalt-severe.jpg,DAMP,202203312217,wet,asphalt,severe,202203312217446,59cba1d489d4ee6508335c0c8f5357fa1f8d662d834909fc2c01aab8de7b84af,202203312217446-wet-asphalt-severe.jpg,240,360,102.69672453703704,19.364154888840662,False,train
c:/Users/Rivan/Projects/AI_Grand_Prix/data/_hf_snapshot/test_50k/202203312218261-water-asphalt-slight.jpg,WET,202203312218,water,asphalt,slight,202203312218261,58055e1b239cddeda3d1273a22f4d0fc32a0a8a73d98be902755c654b8df26e3,202203312218261-water-asphalt-slight.jpg,240,360,97.68052083333333,123.52122640121314,False,train
c:/Users/Rivan/Projects/AI_Grand_Prix/data/_hf_snapshot/test_50k/202203312252188-water-asphalt-smooth.jpg,WET,202203312252,water,asphalt,smooth,202203312252188,2ba76637375e7bbb4d72644c282a3d8616b5039d7e04a1cf19efd3149838b780,202203312252188-water-asphalt-smooth.jpg,240,360,78.04913194444444,4.997950751109182,False,train
c:/Users/Rivan/Projects/AI_Grand_Prix/data/_hf_snapshot/test_50k/202203312356097-water-asphalt-smooth.jpg,WET,202203312356,water,asphalt,smooth,202203312356097,7b3a4bcf81a63d84880abba867698d7b163415c690ca5afdb83d7c172ccd9cec,202203312356097-water-asphalt-smooth.jpg,240,360,59.12556712962963,24.21667019984032,False,train
c:/Users/Rivan/Projects/AI_Grand_Prix/data/_hf_snapshot/test_50k/202204162026491-wet-asphalt-slight.jpg,DAMP,202204162026,wet,asphalt,slight,202204162026491,f3b247960c3d68c36cc1b4f4dc7a7ea93d9f59d61a976bb33a1fe19d823ebedd,202204162026491-wet-asphalt-slight.jpg,240,360,77.84274305555556,1039.601066695468,False,train
c:/Users/Rivan/Projects/AI_Grand_Prix/data/_hf_snapshot/test_50k/202204162032474-dry-asphalt-slight.jpg,DRY,202204162032,dry,asphalt,slight,202204162032474,e2f4137e41c9d8bb723b7c5e7f03757a1ccdab4ebf73d13b3e2c1ecb15199346,202204162032474-dry-asphalt-slight.jpg,240,360,147.6025,2120.8579900071804,False,train
c:/Users/Rivan/Projects/AI_Grand_Prix/data/_hf_snapshot/test_50k/202204162034295-dry-asphalt-slight.jpg,DRY,202204162034,dry,asphalt,slight,202204162034295,375f8a6dfd40d764bdaf1f7cc9abe9e92f3cdcc3c1951d6d9167224262af1bcb,202204162034295-dry-asphalt-slight.jpg,240,360,150.62552083333333,2606.447645265346,False,train
c:/Users/Rivan/Projects/AI_Grand_Prix/data/_hf_snapshot/test_50k/202204162047053-dry-asphalt-slight.jpg,DRY,202204162047,dry,asphalt,slight,202204162047053,7c2745c4c84fe8acfed7df6093c4eaf641282e8b28dfbf36a6b3429ed8964e0a,202204162047053-dry-asphalt-slight.jpg,240,360,162.0037152777778,2373.3332111592026,False,train
c:/Users/Rivan/Projects/AI_Grand_Prix/data/_hf_snapshot/test_50k/202204162052432-water-asphalt-smooth.jpg,WET,202204162052,water,asphalt,smooth,202204162052432,c00e41f4dd66573ad4803a22a958ae09bf8f766cd0c89a2bac49121c9abe5654,202204162052432-water-asphalt-smooth.jpg,240,360,151.17392361111112,443.6437382007406,False,train
c:/Users/Rivan/Projects/AI_Grand_Prix/data/_hf_snapshot/test_50k/202204162100072-wet-asphalt-smooth.jpg,DAMP,202204162100,wet,asphalt,smooth,202204162100072,a4b20b5dd1b6e52fbfe341b2d66991c06cb2f8cc940d287db55be8403f92fb60,202204162100072-wet-asphalt-smooth.jpg,240,360,100.73496527777777,92.99707062542866,False,train
c:/Users/Rivan/Projects/AI_Grand_Prix/data/_hf_snapshot/test_50k/202204162101422-dry-asphalt-slight.jpg,DRY,202204162101,dry,asphalt,slight,202204162101422,37a1723aaf3868a94b6084393637bdc225ba85673aa88a445997554b726223ba,202204162101422-dry-asphalt-slight.jpg,240,360,148.32592592592593,2866.4435119164737,False,train
c:/Users/Rivan/Projects/AI_Grand_Prix/data/_hf_snapshot/test_50k/202204162106172-water-asphalt-smooth.jpg,WET,202204162106,water,asphalt,smooth,202204162106172,b8ae4aba20372bcb34905991aabadac88840965c3d935892b0dcedd2c0ce468f,202204162106172-water-asphalt-smooth.jpg,240,360,181.24409722222222,721.2534948216735,False,train
c:/Users/Rivan/Projects/AI_Grand_Prix/data/_hf_snapshot/test_50k/202204162107165-water-asphalt-severe.jpg,WET,202204162107,water,asphalt,severe,202204162107165,ce61ea879f5f80b025972c386be2ffbe0930ff9355cdce054256193d0d42613b,202204162107165-water-asphalt-severe.jpg,240,360,169.52230324074074,1610.094602805507,False,train
c:/Users/Rivan/Projects/AI_Grand_Prix/data/_hf_snapshot/test_50k/202204162107516-dry-asphalt-slight.jpg,DRY,202204162107,dry,asphalt,slight,202204162107516,f09558f6443c766870823848f61b48e9920ee704266a1aadeedc56d95fb960b5,202204162107516-dry-asphalt-slight.jpg,240,360,157.44753472222223,760.9193779512549,False,train
c:/Users/Rivan/Projects/AI_Grand_Prix/data/_hf_snapshot/test_50k/202204162115405-dry-asphalt-slight.jpg,DRY,202204162115,dry,asphalt,slight,202204162115405,41a857fde7d2745d7f85cb1c0ffddc678f65b1cf3906d5a6a8bbfd6566036d8e,202204162115405-dry-asphalt-slight.jpg,240,360,148.50243055555555,1808.321412496651,False,train
c:/Users/Rivan/Projects/AI_Grand_Prix/data/_hf_snapshot/test_50k/202204162116396-water-asphalt-smooth.jpg,WET,202204162116,water,asphalt,smooth,202204162116396,5cbcbfac4f4b3b99dc4a913258ec90da6c1010b6c568549fde733036f5d06cdb,202204162116396-water-asphalt-smooth.jpg,240,360,113.12377314814815,877.4713986913525,False,train
c:/Users/Rivan/Projects/AI_Grand_Prix/data/_hf_snapshot/test_50k/202204162135422-wet-asphalt-slight.jpg,DAMP,202204162135,wet,asphalt,slight,202204162135422,a6cc32d398a309084de9556e7695430f425fce35a8bd7ea2a4a6fb7f428ed618,202204162135422-wet-asphalt-slight.jpg,240,360,110.64775462962963,1330.947151489626,False,train
c:/Users/Rivan/Projects/AI_Grand_Prix/data/_hf_snapshot/test_50k/202204162138415-dry-asphalt-slight.jpg,DRY,202204162138,dry,asphalt,slight,202204162138415,eeb97d2307d6e8fb8a8eff1789aa0f2ff139a6588db750443501df040d90741f,202204162138415-dry-asphalt-slight.jpg,240,360,108.26474537037036,731.5490009161468,False,train
c:/Users/Rivan/Projects/AI_Grand_Prix/data/_hf_snapshot/test_50k/2022041621453416-wet-asphalt-smooth.jpg,DAMP,202204162145,wet,asphalt,smooth,2022041621453416,7d664d33d52ccb18f0733b81bca3a5fdaa8caa7e47df0a042dd22a0acb5a8442,2022041621453416-wet-asphalt-smooth.jpg,240,360,101.63722222222222,568.5303227344821,False,train
c:/Users/Rivan/Projects/AI_Grand_Prix/data/_hf_snapshot/test_50k/202204162230052-dry-asphalt-slight.jpg,DRY,202204162230,dry,asphalt,slight,202204162230052,1e96600cca334c9b553042b59e3e76ff68918b3671f8c794113d0ab99e90315f,202204162230052-dry-asphalt-slight.jpg,240,360,144.10166666666666,960.0225912015602,False,train
c:/Users/Rivan/Projects/AI_Grand_Prix/data/_hf_snapshot/test_50k/2022041622303910-dry-asphalt-slight.jpg,DRY,202204162230,dry,asphalt,slight,2022041622303910,33b2f98b0e03f1ae84c73b025cc960fe975288d47a01879c1bedee8c426fb389,2022041622303910-dry-asphalt-slight.jpg,240,360,144.47261574074074,1360.881764505637,False,train
c:/Users/Rivan/Projects/AI_Grand_Prix/data/_hf_snapshot/test_50k/202204162241333-dry-asphalt-smooth.jpg,DRY,202204162241,dry,asphalt,smooth,202204162241333,5ff54a1cfb0a5efa503bca094be6da934e4f5a21f41c719d609bc30e5dd0f4b5,202204162241333-dry-asphalt-smooth.jpg,240,360,111.57188657407407,1894.5597906720197,False,train
c:/Users/Rivan/Projects/AI_Grand_Prix/data/_hf_snapshot/test_50k/202204162300591-water-asphalt-smooth.jpg,WET,202204162300,water,asphalt,smooth,202204162300591,193f7974186c3ece098acfa4888d8f0720e5f2082ac91cb753122dc9f7663aaa,202204162300591-water-asphalt-smooth.jpg,240,360,151.96662037037038,2329.2312964397665,False,train
c:/Users/Rivan/Projects/AI_Grand_Prix/data/_hf_snapshot/test_50k/202204162301314-water-asphalt-smooth.jpg,WET,202204162301,water,asphalt,smooth,202204162301314,8eb2f873450181fac6d41522310248404cbd0cdde32b5d0b0193a436d9e8d9e0,202204162301314-water-asphalt-smooth.jpg,240,360,170.2415162037037,59.716372511574065,False,train
c:/Users/Rivan/Projects/AI_Grand_Prix/data/_hf_snapshot/test_50k/202204241657011-dry-asphalt-severe.jpg,DRY,202204241657,dry,asphalt,severe,202204241657011,2c08ef14aaf38df237fca0ce1de6aac16ad0f6145f8f8fdbe935b7436cc4d28d,202204241657011-dry-asphalt-severe.jpg,240,360,133.9378240740741,622.8127057822145,False,train
c:/Users/Rivan/Projects/AI_Grand_Prix/data/_hf_snapshot/test_50k/202204241657111-dry-asphalt-severe.jpg,DRY,202204241657,dry,asphalt,severe,202204241657111,10d49e0cb3fd0faec7b3ec701e2fc4836a7c237d2f4c41cb43a3f74f7f0eb491,202204241657111-dry-asphalt-severe.jpg,240,360,151.05252314814814,1530.8345827846363,False,train
c:/Users/Rivan/Projects/AI_Grand_Prix/data/_hf_snapshot/test_50k/202204241657112-dry-asphalt-severe.jpg,DRY,202204241657,dry,asphalt,severe,202204241657112,6f5256ff4638b8309bf5e814785bb3bdb07ea0b064a318ad2b4d8987b5230ead,202204241657112-dry-asphalt-severe.jpg,240,360,161.51863425925927,1883.4342202498071,False,train
c:/Users/Rivan/Projects/AI_Grand_Prix/data/_hf_snapshot/test_50k/202204241657118-dry-asphalt-severe.jpg,DRY,202204241657,dry,asphalt,severe,202204241657118,63193dc24c194b31c718cbd83b98ce00824a7884ad13ac7da188b5d4646499fa,202204241657118-dry-asphalt-severe.jpg,240,360,128.9418287037037,400.4974898785794,False,train
c:/Users/Rivan/Projects/AI_Grand_Prix/data/_hf_snapshot/test_50k/202204241658163-dry-asphalt-severe.jpg,DRY,202204241658,dry,asphalt,severe,202204241658163,c18e0f1e592b02740506e5036fae9c6b964532253beec159a2f0523ec2b6d9f2,202204241658163-dry-asphalt-severe.jpg,240,360,171.9045023148148,1838.2204138803158,False,train
c:/Users/Rivan/Projects/AI_Grand_Prix/data/_hf_snapshot/test_50k/202204241700188-dry-asphalt-slight.jpg,DRY,202204241700,dry,asphalt,slight,202204241700188,984fad43aba7ba53ae1b5eb137617edb36b353a0141c3dd054d6e984c616844a,202204241700188-dry-asphalt-slight.jpg,240,360,177.11903935185185,3320.2292556122206,False,train
c:/Users/Rivan/Projects/AI_Grand_Prix/data/_hf_snapshot/test_50k/202204241702542-dry-concrete-severe.jpg,DRY,202204241702,dry,concrete,severe,202204241702542,aefded0f38c9b3ac151ee3dedc52e3c83541f94e102bcb3c061779177a2df38b,202204241702542-dry-concrete-severe.jpg,240,360,224.3591550925926,370.77610580297824,False,train
c:/Users/Rivan/Projects/AI_Grand_Prix/data/_hf_snapshot/test_50k/202204241714545-dry-concrete-severe.jpg,DRY,202204241714,dry,concrete,severe,202204241714545,772b41e4e4c6c0c667bcc2f70a83f4d3c5082c40a3470630655789f27d2290cd,202204241714545-dry-concrete-severe.jpg,240,360,208.5363773148148,323.52939774613657,False,train
c:/Users/Rivan/Projects/AI_Grand_Prix/data/_hf_snapshot/test_50k/202204241719116-dry-concrete-severe.jpg,DRY,202204241719,dry,concrete,severe,202204241719116,09efab70e58b935a3374c0edf9fa993d3fe950a03832d1b9fc69c2b8fe3dd69e,202204241719116-dry-concrete-severe.jpg,240,360,217.5698148148148,449.64093744641633,False,train
c:/Users/Rivan/Projects/AI_Grand_Prix/data/_hf_snapshot/test_50k/202204241722098-dry-concrete-slight.jpg,DRY,202204241722,dry,concrete,slight,202204241722098,bf8102252473976c4fd74bebfdace7ae8721804cbe9c1627cf5ef39575252458,202204241722098-dry-concrete-slight.jpg,240,360,222.45341435185185,359.27048950617285,False,train
c:/Users/Rivan/Projects/AI_Grand_Prix/data/_hf_snapshot/test_50k/2022042417245418-dry-concrete-severe.jpg,DRY,202204241724,dry,concrete,severe,2022042417245418,590315aea6714d85a97779a5afd39be480dfbef05f96c8859da8d7cda4383c8f,2022042417245418-dry-concrete-severe.jpg,240,360,195.31608796296297,1979.6179933437015,False,train
c:/Users/Rivan/Projects/AI_Grand_Prix/data/_hf_snapshot/test_50k/202204242132422-dry-concrete-slight.jpg,DRY,202204242132,dry,concrete,slight,202204242132422,529822abea71bf3fee60ac932f432fb1bdd4efba661b21a64a0381976aef72b0,202204242132422-dry-concrete-slight.jpg,240,360,158.53141203703703,620.9759620647666,False,train
c:/Users/Rivan/Projects/AI_Grand_Prix/data/_hf_snapshot/test_50k/202204242148564-dry-asphalt-severe.jpg,DRY,202204242148,dry,asphalt,severe,202204242148564,9f64e46315507a2269b0de5e7eeecf4cce8aa1a53a2a189065bcbd500bf7b54c,202204242148564-dry-asphalt-severe.jpg,240,360,163.78815972222222,137.74920300925928,False,train
c:/Users/Rivan/Projects/AI_Grand_Prix/data/_hf_snapshot/test_50k/202204242153332-dry-concrete-severe.jpg,DRY,202204242153,dry,concrete,severe,202204242153332,056c1494ff94c4955b1e220a2bfe2eb8695abb0c1ba796b9e58b540f6da2f2b9,202204242153332-dry-concrete-severe.jpg,240,360,212.76611111111112,365.31283154564795,False,train
c:/Users/Rivan/Projects/AI_Grand_Prix/data/_hf_snapshot/test_50k/202204242153344-dry-concrete-severe.jpg,DRY,202204242153,dry,concrete,severe,202204242153344,261651c7185e0dffade7cdbb2101509118a37f1bae0e2b3fc3a18b6e48e1fc51,202204242153344-dry-concrete-severe.jpg,240,360,210.47560185185185,246.3478332067419,False,train
c:/Users/Rivan/Projects/AI_Grand_Prix/data/_hf_snapshot/test_50k/202204242157277-dry-concrete-severe.jpg,DRY,202204242157,dry,concrete,severe,202204242157277,829141747ae80159bf9a0856607a8f3b2b180a36793cf32d03ee8c265a8c8d27,202204242157277-dry-concrete-severe.jpg,240,360,192.20578703703703,316.8836341755348,False,train
c:/Users/Rivan/Projects/AI_Grand_Prix/data/_hf_snapshot/test_50k/2022042421594622-dry-concrete-severe.jpg,DRY,202204242159,dry,concrete,severe,2022042421594622,e34cccc63fe1ae0a45cca5c3d76a7e01c77f5c6f25452cf0b3165b7b6022b8bd,2022042421594622-dry-concrete-severe.jpg,240,360,212.16472222222222,187.48679381858713,False,train
c:/Users/Rivan/Projects/AI_Grand_Prix/data/_hf_snapshot/test_50k/202204242235541-dry-concrete-slight.jpg,DRY,202204242235,dry,concrete,slight,202204242235541,089e465b6b11b0c9b08d33fe0c9554d67b6b39bec95ac827fd60ddd0dee9ffc9,202204242235541-dry-concrete-slight.jpg,240,360,124.79224537037037,525.6267119722008,False,train
c:/Users/Rivan/Projects/AI_Grand_Prix/data/_hf_snapshot/test_50k/202204242249475-dry-concrete-slight.jpg,DRY,202204242249,dry,concrete,slight,202204242249475,5648fd6893d2fe110bbe6049289ce1074327dd37f8272e92715639f8b450d3f1,202204242249475-dry-concrete-slight.jpg,240,360,207.62907407407408,148.0432410359868,False,train
c:/Users/Rivan/Projects/AI_Grand_Prix/data/_hf_snapshot/test_50k/202204242258393-dry-asphalt-slight.jpg,DRY,202204242258,dry,asphalt,slight,202204242258393,e69c66a5fb306e323d9fc948f0f5e8f35cba43b46187807041251d01ddcfd273,202204242258393-dry-asphalt-slight.jpg,240,360,184.23553240740742,438.95409275923777,False,train
c:/Users/Rivan/Projects/AI_Grand_Prix/data/_hf_snapshot/test_50k/202204242300384-dry-asphalt-slight.jpg,DRY,202204242300,dry,asphalt,slight,202204242300384,21209ea63bce5dbd1c0266e8752a5bbb24f6d4b5ee153d75200bd3cd67e87ed2,202204242300384-dry-asphalt-slight.jpg,240,360,191.12881944444445,1795.4763534913784,False,train
c:/Users/Rivan/Projects/AI_Grand_Prix/data/_hf_snapshot/test_50k/2022042423033410-dry-asphalt-slight.jpg,DRY,202204242303,dry,asphalt,slight,2022042423033410,7de610fee18ea8e580e1956541d524fe1f55a654952b664e64bef3365e5f178f,2022042423033410-dry-asphalt-slight.jpg,240,360,183.34846064814815,906.8877049891761,False,train
c:/Users/Rivan/Projects/AI_Grand_Prix/data/_hf_snapshot/test_50k/202204242303535-dry-asphalt-slight.jpg,DRY,202204242303,dry,asphalt,slight,202204242303535,1a5f16debb4195cc4dcfb59433c2eb273d4f545b984ef0834dfb25f391fc2d92,202204242303535-dry-asphalt-slight.jpg,240,360,186.15024305555556,1516.030897839506,False,train
c:/Users/Rivan/Projects/AI_Grand_Prix/data/_hf_snapshot/test_50k/2022042423113610-dry-asphalt-severe.jpg,DRY,202204242311,dry,asphalt,severe,2022042423113610,0e0b79bca2497c0aed83ca2ccea69344b407abe44ef39e8e108988cd9458f1f2,2022042423113610-dry-asphalt-severe.jpg,240,360,186.6691550925926,2913.463322572525,False,train
c:/Users/Rivan/Projects/AI_Grand_Prix/data/_hf_snapshot/test_50k/2022042423113624-dry-asphalt-slight.jpg,DRY,202204242311,dry,asphalt,slight,2022042423113624,96923020df8e6f70606c67b793c278c28232ba087e2e3a2339d3498c2e02d2bb,2022042423113624-dry-asphalt-slight.jpg,240,360,177.1613888888889,4388.345951387683,False,train
c:/Users/Rivan/Projects/AI_Grand_Prix/data/_hf_snapshot/test_50k/2022042423113626-dry-asphalt-slight.jpg,DRY,202204242311,dry,asphalt,slight,2022042423113626,7b9b9e10c1b1b367de9d719dc309f3a74bf326f53a7793c98d699c68e9a099ea,2022042423113626-dry-asphalt-slight.jpg,240,360,175.7291550925926,5584.338183008482,False,train
c:/Users/Rivan/Projects/AI_Grand_Prix/data/_hf_snapshot/test_50k/2022042423125314-dry-asphalt-slight.jpg,DRY,202204242312,dry,asphalt,slight,2022042423125314,4bf56896ddf4c8256bd2f85b35630a5b7c296042e61e07a93d975353c35ffadb,2022042423125314-dry-asphalt-slight.jpg,240,360,181.5868287037037,5636.859464489964,False,train
c:/Users/Rivan/Projects/AI_Grand_Prix/data/_hf_snapshot/test_50k/2022042423155022-dry-asphalt-slight.jpg,DRY,202204242315,dry,asphalt,slight,2022042423155022,a83050cee7728fe2f5c15c147acc180c2f2f79cb4be5ff055770e401f9563de1,2022042423155022-dry-asphalt-slight.jpg,240,360,193.31797453703703,3103.73574998071,False,train
c:/Users/Rivan/Projects/AI_Grand_Prix/data/_hf_snapshot/test_50k/2022042423175013-dry-concrete-severe.jpg,DRY,202204242317,dry,concrete,severe,2022042423175013,d9abbafbd5a6ac3e414479305a1c9016068562e80f55c394f9a8747e518119bf,2022042423175013-dry-concrete-severe.jpg,240,360,207.68658564814814,2209.892656678669,False,train
c:/Users/Rivan/Projects/AI_Grand_Prix/data/_hf_snapshot/test_50k/2022042423192915-dry-concrete-severe.jpg,DRY,202204242319,dry,concrete,severe,2022042423192915,32888200d54862453c00b577695e543fe95b66d5001c2d9b62247207dc277e33,2022042423192915-dry-concrete-severe.jpg,240,360,209.2384375,937.1244013598198,False,train
c:/Users/Rivan/Projects/AI_Grand_Prix/data/_hf_snapshot/test_50k/202204242325033-dry-asphalt-slight.jpg,DRY,202204242325,dry,asphalt,slight,202204242325033,b47d59108bee2dc6538cc33ebf43e4c72ca19454a7e5fb858afd5975f98a0d13,202204242325033-dry-asphalt-slight.jpg,240,360,199.6009837962963,4274.007222915461,False,train
c:/Users/Rivan/Projects/AI_Grand_Prix/data/_hf_snapshot/test_50k/202204242326155-dry-asphalt-slight.jpg,DRY,202204242326,dry,asphalt,slight,202204242326155,5cc384b0dea27e1c04becc0dd6fb8913f6f44c9fe160929e470022e2f59e8128,202204242326155-dry-asphalt-slight.jpg,240,360,205.90219907407408,3102.7206007180216,False,train
c:/Users/Rivan/Projects/AI_Grand_Prix/data/_hf_snapshot/test_50k/202204251158581-dry-concrete-severe.jpg,DRY,202204251158,dry,concrete,severe,202204251158581,15a405753adbb0db6ebdce5c1cf626c6ce010a074df6497cdf9dc84936c04187,202204251158581-dry-concrete-severe.jpg,240,360,193.61800925925925,100.61345596372922,False,train
c:/Users/Rivan/Projects/AI_Grand_Prix/data/_hf_snapshot/test_50k/202204251159193-dry-concrete-slight.jpg,DRY,202204251159,dry,concrete,slight,202204251159193,e424d528b937b39197cd870bc0472e24057cce890b2f0920c914f7c159a795d6,202204251159193-dry-concrete-slight.jpg,240,360,200.56260416666666,162.81939619649668,False,train
c:/Users/Rivan/Projects/AI_Grand_Prix/data/_hf_snapshot/test_50k/202204251203563-dry-asphalt-severe.jpg,DRY,202204251203,dry,asphalt,severe,202204251203563,82cd977d9521fc583e7831fdfe5ba4ddf1d224e7ac957798fe70a64abe6e7a17,202204251203563-dry-asphalt-severe.jpg,240,360,226.73719907407408,314.8095271882234,False,train
c:/Users/Rivan/Projects/AI_Grand_Prix/data/_hf_snapshot/test_50k/202204251205441-dry-asphalt-severe.jpg,DRY,202204251205,dry,asphalt,severe,202204251205441,23a5a3dc902e3aab00b82045b7b8905b358a40d956365312d8d3cd8b3635c394,202204251205441-dry-asphalt-severe.jpg,240,360,196.7518287037037,72.4722276040327,False,train
c:/Users/Rivan/Projects/AI_Grand_Prix/data/_hf_snapshot/test_50k/202204251217224-dry-asphalt-slight.jpg,DRY,202204251217,dry,asphalt,slight,202204251217224,7ee987a8604dea71ce1c643e8ed1eed4740d58e3a70a57dcd8f4432101df48e5,202204251217224-dry-asphalt-slight.jpg,240,360,211.16710648148148,106.81530242573302,False,train
c:/Users/Rivan/Projects/AI_Grand_Prix/data/_hf_snapshot/test_50k/202204251218234-dry-asphalt-slight.jpg,DRY,202204251218,dry,asphalt,slight,202204251218234,f6ac2936e5b6285f78f5a6f2f0fcfaf55b01ee5b5e98b5f77c62b36c74fd1a06,202204251218234-dry-asphalt-slight.jpg,240,360,210.46662037037038,81.59263019212428,False,train
c:/Users/Rivan/Projects/AI_Grand_Prix/data/_hf_snapshot/test_50k/202204251222043-dry-asphalt-slight.jpg,DRY,202204251222,dry,asphalt,slight,202204251222043,e76c76e11605a83516ee91a58ec34e73547b6788e2238a043da2781a339473b9,202204251222043-dry-asphalt-slight.jpg,240,360,213.1932175925926,334.89723006030846,False,train
c:/Users/Rivan/Projects/AI_Grand_Prix/data/_hf_snapshot/test_50k/202204251234384-dry-asphalt-slight.jpg,DRY,202204251234,dry,asphalt,slight,202204251234384,a897db98e1abf802886a94ff05b74b1888f349efb42aee86309e5ab14796d074,202204251234384-dry-asphalt-slight.jpg,240,360,202.03886574074073,193.03317030553413,False,train
c:/Users/Rivan/Projects/AI_Grand_Prix/data/_hf_snapshot/test_50k/202204251235471-dry-concrete-severe.jpg,DRY,202204251235,dry,concrete,severe,202204251235471,25c144477a101aa95c650f8e15a562dbd7c8b375c083096869a533c42a61deeb,202204251235471-dry-concrete-severe.jpg,240,360,212.23984953703703,149.98832159515925,False,train
c:/Users/Rivan/Projects/AI_Grand_Prix/data/_hf_snapshot/test_50k/202204251238265-dry-asphalt-slight.jpg,DRY,202204251238,dry,asphalt,slight,202204251238265,741fd486a157513329724cd34eb5bf1b3e344d52665c2b1d49f0a775119a2b9a,202204251238265-dry-asphalt-slight.jpg,240,360,216.13613425925925,55.936972294560185,False,train
c:/Users/Rivan/Projects/AI_Grand_Prix/data/_hf_snapshot/test_50k/202204251245246-dry-asphalt-slight.jpg,DRY,202204251245,dry,asphalt,slight,202204251245246,179af6f9fba9b42fdf005ba7e99bdf40bbc86de3d110f2b4609676d397464ec0,202204251245246-dry-asphalt-slight.jpg,240,360,204.7909837962963,17.01977191987633,False,train
c:/Users/Rivan/Projects/AI_Grand_Prix/data/_hf_snapshot/test_50k/2022042512532313-dry-asphalt-slight.jpg,DRY,202204251253,dry,asphalt,slight,2022042512532313,e7b851132b2d1172eb297e278202044961c32528ddc2f696072507eb1e65755b,2022042512532313-dry-asphalt-slight.jpg,240,360,207.0316087962963,1590.711627159958,False,train
c:/Users/Rivan/Projects/AI_Grand_Prix/data/_hf_snapshot/test_50k/2022042512554217-dry-asphalt-slight.jpg,DRY,202204251255,dry,asphalt,slight,2022042512554217,d70a1d63fce6c3e899a0cfe22322b068f3b3dbc24532d946163e2ddfd43f3c97,2022042512554217-dry-asphalt-slight.jpg,240,360,210.40145833333332,516.0422592430502,False,train
c:/Users/Rivan/Projects/AI_Grand_Prix/data/_hf_snapshot/test_50k/2022042512571910-dry-asphalt-slight.jpg,DRY,202204251257,dry,asphalt,slight,2022042512571910,89622475ed0f7ddf98c537a12cb7f7ee24b82f629467214c06b0fb391c37f3fc,2022042512571910-dry-asphalt-slight.jpg,240,360,205.6245023148148,161.05717266589505,False,train
c:/Users/Rivan/Projects/AI_Grand_Prix/data/_hf_snapshot/test_50k/202204251257426-dry-asphalt-slight.jpg,DRY,202204251257,dry,asphalt,slight,202204251257426,8a77f73d55d3b98b36f48d36d28df9ebaa912a838ee7ae987f50df5fa1083046,202204251257426-dry-asphalt-slight.jpg,240,360,213.9727662037037,1032.2869209907353,False,train
c:/Users/Rivan/Projects/AI_Grand_Prix/data/_hf_snapshot/test_50k/202204251259279-dry-asphalt-slight.jpg,DRY,202204251259,dry,asphalt,slight,202204251259279,fd5fa4ea7cb60e58f8d844fe1102578ea340d4c50c8e35de8eb1c2fda1896ab1,202204251259279-dry-asphalt-slight.jpg,240,360,192.21105324074074,148.78521399980713,False,train
c:/Users/Rivan/Projects/AI_Grand_Prix/data/_hf_snapshot/test_50k/202204251310524-dry-asphalt-slight.jpg,DRY,202204251310,dry,asphalt,slight,202204251310524,f82d606d089fdfc6c382306a26e1812982a563f73f9eba9e216298a4d0d488fb,202204251310524-dry-asphalt-slight.jpg,240,360,177.96537037037038,549.8595433061932,False,train
c:/Users/Rivan/Projects/AI_Grand_Prix/data/_hf_snapshot/test_50k/2022042513162014-dry-asphalt-slight.jpg,DRY,202204251316,dry,asphalt,slight,2022042513162014,839040c08c54371c604df60990e666600d883e1c28a909e6609a92cc0b0dde67,2022042513162014-dry-asphalt-slight.jpg,240,360,190.9124189814815,1951.8799702498072,False,train
c:/Users/Rivan/Projects/AI_Grand_Prix/data/_hf_snapshot/test_50k/2022042513164013-dry-asphalt-slight.jpg,DRY,202204251316,dry,asphalt,slight,2022042513164013,164cea322dfbb4ca8749df12e7e98fb209b2caba580f3c68e538c3b038d83db7,2022042513164013-dry-asphalt-slight.jpg,240,360,202.16506944444444,169.4688768325617,False,train
c:/Users/Rivan/Projects/AI_Grand_Prix/data/_hf_snapshot/test_50k/2022042513265327-dry-asphalt-slight.jpg,DRY,202204251326,dry,asphalt,slight,2022042513265327,7aae10ada8adffa3df20132f538ad1fc25a3be5af81772386507cabb7f2c47af,2022042513265327-dry-asphalt-slight.jpg,240,360,191.54875,239.51276967110337,False,train
c:/Users/Rivan/Projects/AI_Grand_Prix/data/_hf_snapshot/test_50k/2022042513364813-dry-asphalt-slight.jpg,DRY,202204251336,dry,asphalt,slight,2022042513364813,43cf53b1931933422d96b898272ba6c7a02e92c01861cb80ece7c7963aeb70ad,2022042513364813-dry-asphalt-slight.jpg,240,360,181.47862268518517,279.2870156891665,False,train
c:/Users/Rivan/Projects/AI_Grand_Prix/data/_hf_snapshot/test_50k/2022042513390819-dry-asphalt-slight.jpg,DRY,202204251339,dry,asphalt,slight,2022042513390819,e93796767e503839f56fe95e6b56fe6fb9b574532da4a40501d40a6a62853848,2022042513390819-dry-asphalt-slight.jpg,240,360,195.6344560185185,65.44026330897955,False,train
c:/Users/Rivan/Projects/AI_Grand_Prix/data/_hf_snapshot/test_50k/2022042513560415-dry-asphalt-slight.jpg,DRY,202204251356,dry,asphalt,slight,2022042513560415,cd72624f5684ecd47b5ec3ea6caadf20dd409006dbd6ab089ca647b977056e30,2022042513560415-dry-asphalt-slight.jpg,240,360,212.58203703703703,1787.1742771024894,False,train
c:/Users/Rivan/Projects/AI_Grand_Prix/data/_hf_snapshot/test_50k/202204251423212-dry-asphalt-slight.jpg,DRY,202204251423,dry,asphalt,slight,202204251423212,a75e189a48bb7f1473d35650b0e0566fdc53c6345035bbc8a3f5dc7e79f1e85b,202204251423212-dry-asphalt-slight.jpg,240,360,151.9525925925926,4323.059726078103,False,train
c:/Users/Rivan/Projects/AI_Grand_Prix/data/_hf_snapshot/test_50k/202204251423574-dry-asphalt-slight.jpg,DRY,202204251423,dry,asphalt,slight,202204251423574,e170a1c03cd4a22d59a3cee4a8006cf41481cb705c30465e351d8af3462d9243,202204251423574-dry-asphalt-slight.jpg,240,360,159.3386111111111,1681.3522026908383,False,train
c:/Users/Rivan/Projects/AI_Grand_Prix/data/_hf_snapshot/test_50k/202204251428011-dry-concrete-severe.jpg,DRY,202204251428,dry,concrete,severe,202204251428011,4c7f463d68e34cecd80a00f0bfb2a5746ed688cabd67b5049c28c82fca945ea0,202204251428011-dry-concrete-severe.jpg,240,360,162.2621412037037,436.3420910445602,False,train
c:/Users/Rivan/Projects/AI_Grand_Prix/data/_hf_snapshot/test_50k/202204251441102-dry-asphalt-slight.jpg,DRY,202204251441,dry,asphalt,slight,202204251441102,739fead7ab72b6a2e954729c00cdd3768689ad821413e059f88346b09f21150f,202204251441102-dry-asphalt-slight.jpg,240,360,143.57480324074075,449.027020742777,False,train
c:/Users/Rivan/Projects/AI_Grand_Prix/data/_hf_snapshot/test_50k/202204251509053-dry-asphalt-slight.jpg,DRY,202204251509,dry,asphalt,slight,202204251509053,1e5e8bc051edb6c3820990def03c12bccd52158d4c56343d14db7d5fe403f8f6,202204251509053-dry-asphalt-slight.jpg,240,360,199.1468287037037,857.6860993911555,False,train
c:/Users/Rivan/Projects/AI_Grand_Prix/data/_hf_snapshot/test_50k/202204251512525-dry-asphalt-slight.jpg,DRY,202204251512,dry,asphalt,slight,202204251512525,1a026c9ed90ba0b135eed77d7dd6e6f7ba91ce23bcda313505a38f66c4284853,202204251512525-dry-asphalt-slight.jpg,240,360,192.00168981481482,723.2632713636779,False,train
c:/Users/Rivan/Projects/AI_Grand_Prix/data/_hf_snapshot/test_50k/202204251512582-dry-asphalt-slight.jpg,DRY,202204251512,dry,asphalt,slight,202204251512582,b1a4f2f635e2773276aaee4fca4192eef7491fc21a593ea996136951734b6893,202204251512582-dry-asphalt-slight.jpg,240,360,192.93875,2092.0712644011487,False,train
c:/Users/Rivan/Projects/AI_Grand_Prix/data/_hf_snapshot/test_50k/202204251513086-dry-asphalt-slight.jpg,DRY,202204251513,dry,asphalt,slight,202204251513086,d71cd71b718b2f73684bbab6e3feb683b12afe54003ea7db18ce1eaf36d7022d,202204251513086-dry-asphalt-slight.jpg,240,360,196.05153935185186,151.6211294233325,False,train
c:/Users/Rivan/Projects/AI_Grand_Prix/data/_hf_snapshot/test_50k/202204251519455-dry-concrete-slight.jpg,DRY,202204251519,dry,concrete,slight,202204251519455,87603d4e9556e487c9a85cb6593cfd51d195862a88c52a93922468a038d07992,202204251519455-dry-concrete-slight.jpg,240,360,220.83519675925925,123.6844307270233,False,train
c:/Users/Rivan/Projects/AI_Grand_Prix/data/_hf_snapshot/test_50k/202204251530476-dry-asphalt-severe.jpg,DRY,202204251530,dry,asphalt,severe,202204251530476,4497b8d906e7680e28e2f765d6a2c1512c9c569b53526651c99219f7cb245989,202204251530476-dry-asphalt-severe.jpg,240,360,182.39565972222223,54.67894949725115,False,train
c:/Users/Rivan/Projects/AI_Grand_Prix/data/_hf_snapshot/test_50k/202204251533583-dry-asphalt-slight.jpg,DRY,202204251533,dry,asphalt,slight,202204251533583,a4fbf489ca1da9e6e9d0a7209260cfd80618f756afbe2aaa4b366f5b3ab89e3a,202204251533583-dry-asphalt-slight.jpg,240,360,177.61003472222222,339.4440153247974,False,train
c:/Users/Rivan/Projects/AI_Grand_Prix/data/_hf_snapshot/test_50k/202204251538518-dry-asphalt-slight.jpg,DRY,202204251538,dry,asphalt,slight,202204251538518,2f5e3b1e4b219b785f70af46fe45307608e21577e25da45fe9f4192afde8e265,202204251538518-dry-asphalt-slight.jpg,240,360,184.84258101851853,1135.1983802383404,False,train
c:/Users/Rivan/Projects/AI_Grand_Prix/data/_hf_snapshot/test_50k/202204251539531-dry-asphalt-slight.jpg,DRY,202204251539,dry,asphalt,slight,202204251539531,e9288740d2a4d25eea4852a7d01c8ba77121e30561d5c3cf706a949ced3c511d,202204251539531-dry-asphalt-slight.jpg,240,360,147.86707175925926,3074.7215295126834,False,train
c:/Users/Rivan/Projects/AI_Grand_Prix/data/_hf_snapshot/test_50k/202204251547392-dry-asphalt-slight.jpg,DRY,202204251547,dry,asphalt,slight,202204251547392,3950116997d962b4aa27c7a550c4216a4c9791774e20872d481d31c46b5c3071,202204251547392-dry-asphalt-slight.jpg,240,360,138.9571875,1238.7029916183074,False,train
c:/Users/Rivan/Projects/AI_Grand_Prix/data/_hf_snapshot/test_50k/202204251553172-dry-asphalt-slight.jpg,DRY,202204251553,dry,asphalt,slight,202204251553172,6151624ec9ffc9714b5d01ca02a2a407a1f36f7185b0f38901a1129cc0be1f51,202204251553172-dry-asphalt-slight.jpg,240,360,139.59015046296295,724.8242324759944,False,train
c:/Users/Rivan/Projects/AI_Grand_Prix/data/_hf_snapshot/test_50k/202204251951504-dry-concrete-severe.jpg,DRY,202204251951,dry,concrete,severe,202204251951504,68126a7bebb375a24f480964527dc2fe9078912229e93492238d3ed82144c60e,202204251951504-dry-concrete-severe.jpg,240,360,197.34813657407406,113.30111110896777,False,train
c:/Users/Rivan/Projects/AI_Grand_Prix/data/_hf_snapshot/test_50k/2022042519560410-dry-concrete-severe.jpg,DRY,202204251956,dry,concrete,severe,2022042519560410,5c096c3011895aaa54a607667338c7c6722d62b938ecc98609a8c5e464cf32f3,2022042519560410-dry-concrete-severe.jpg,240,360,200.2177199074074,475.0728888117284,False,train
c:/Users/Rivan/Projects/AI_Grand_Prix/data/_hf_snapshot/test_50k/2022042519562910-dry-concrete-severe.jpg,DRY,202204251956,dry,concrete,severe,2022042519562910,60a5fb84a8cd3d5b0ec5a6bc0f4f729520a373139be91cbab766ea590a8a5cdc,2022042519562910-dry-concrete-severe.jpg,240,360,203.13946759259258,22.048001028270747,False,train
c:/Users/Rivan/Projects/AI_Grand_Prix/data/_hf_snapshot/test_50k/202204251959234-dry-concrete-severe.jpg,DRY,202204251959,dry,concrete,severe,202204251959234,799e819d1badaab88e90c5c128bb790f56e85ec14a86bf080381f350524d9334,202204251959234-dry-concrete-severe.jpg,240,360,204.8434259259259,63.947698353373625,False,train
c:/Users/Rivan/Projects/AI_Grand_Prix/data/_hf_snapshot/test_50k/2022042520023315-dry-concrete-severe.jpg,DRY,202204252002,dry,concrete,severe,2022042520023315,a65d3d1c5b89bb0941b49698d2ec8063c62c4bb4335a1f3a90e01bb8ed623e7e,2022042520023315-dry-concrete-severe.jpg,240,360,181.81574074074075,281.20229121602796,False,train
c:/Users/Rivan/Projects/AI_Grand_Prix/data/_hf_snapshot/test_50k/202204252005105-dry-concrete-severe.jpg,DRY,202204252005,dry,concrete,severe,202204252005105,c5753f01a171c07fbaa476440a44e101c82a79316cb0f9358374832058d089e3,202204252005105-dry-concrete-severe.jpg,240,360,212.75756944444444,689.7154494050873,False,train
c:/Users/Rivan/Projects/AI_Grand_Prix/data/_hf_snapshot/test_50k/202204252007334-dry-concrete-slight.jpg,DRY,202204252007,dry,concrete,slight,202204252007334,511c38521881bae315e1ef1c05137b8c978a52d59b0170fd8a589347e125b87e,202204252007334-dry-concrete-slight.jpg,240,360,213.0609375,538.9320671477141,False,train
c:/Users/Rivan/Projects/AI_Grand_Prix/data/_hf_snapshot/test_50k/2022042520105614-dry-concrete-severe.jpg,DRY,202204252010,dry,concrete,severe,2022042520105614,10c7437aeefd86b53eee545aab1556fa840351df85b8d0ddccb1190e83a386a2,2022042520105614-dry-concrete-severe.jpg,240,360,203.8371412037037,473.7099918872974,False,train
c:/Users/Rivan/Projects/AI_Grand_Prix/data/_hf_snapshot/test_50k/202204252015306-dry-concrete-severe.jpg,DRY,202204252015,dry,concrete,severe,202204252015306,76b443b45b8ca0780b53f5a1a9d6ab68a62661b39053e4a8933c8a4e2bf5fdce,202204252015306-dry-concrete-severe.jpg,240,360,163.92231481481483,54.435873027584876,False,train
c:/Users/Rivan/Projects/AI_Grand_Prix/data/_hf_snapshot/test_50k/202204252016492-dry-concrete-slight.jpg,DRY,202204252016,dry,concrete,slight,202204252016492,193ce8a23c8da0c3a19a6b66eefda1227267b111eea378437a26671f924f97ce,202204252016492-dry-concrete-slight.jpg,240,360,201.69172453703703,208.48184779610338,False,train
c:/Users/Rivan/Projects/AI_Grand_Prix/data/_hf_snapshot/test_50k/2022042520181317-dry-concrete-slight.jpg,DRY,202204252018,dry,concrete,slight,2022042520181317,e289aea82197a5669e2f9746f4800ccb400eb94042ffe2e454ff250570ffd5e9,2022042520181317-dry-concrete-slight.jpg,240,360,214.20671296296297,855.5169174248756,False,train
c:/Users/Rivan/Projects/AI_Grand_Prix/data/_hf_snapshot/test_50k/202204252018553-dry-concrete-slight.jpg,DRY,202204252018,dry,concrete,slight,202204252018553,a600fe59702ce375775d3a8c0ad82c18cc1f814856670f866d671a3c438e2db4,202204252018553-dry-concrete-slight.jpg,240,360,202.89693287037036,898.4357806064601,False,train
c:/Users/Rivan/Projects/AI_Grand_Prix/data/_hf_snapshot/test_50k/202204252033408-dry-concrete-slight.jpg,DRY,202204252033,dry,concrete,slight,202204252033408,3e0897fe8cedcd7d13fa6ed71753001b72fc1550cd9de9a517f1d1c4e91a7883,202204252033408-dry-concrete-slight.jpg,240,360,208.41931712962963,53.64882912152242,False,train
c:/Users/Rivan/Projects/AI_Grand_Prix/data/_hf_snapshot/test_50k/202204252036325-dry-concrete-severe.jpg,DRY,202204252036,dry,concrete,severe,202204252036325,b0000ddb8c8b280c8eeeb7888281d9eec6642d3cb1a093ba73cc8011d0aaecb4,202204252036325-dry-concrete-severe.jpg,240,360,128.94850694444443,86.44995254147375,False,train
c:/Users/Rivan/Projects/AI_Grand_Prix/data/_hf_snapshot/test_50k/2022042521015211-dry-concrete-severe.jpg,DRY,202204252101,dry,concrete,severe,2022042521015211,9e3b8e8e578e24ba1c70bee7bad4ca09a4128450d71d12612e2c9c92a830a62d,2022042521015211-dry-concrete-severe.jpg,240,360,204.01774305555554,83.48512065315822,False,train
c:/Users/Rivan/Projects/AI_Grand_Prix/data/_hf_snapshot/test_50k/202204252103393-dry-concrete-slight.jpg,DRY,202204252103,dry,concrete,slight,202204252103393,d8a06034ee3344f5b89e6859db7a282538097e79f58da101577bb96fd2f0f5be,202204252103393-dry-concrete-slight.jpg,240,360,213.4987152777778,737.3679844902049,False,train
c:/Users/Rivan/Projects/AI_Grand_Prix/data/_hf_snapshot/test_50k/202204252104068-dry-concrete-slight.jpg,DRY,202204252104,dry,concrete,slight,202204252104068,c7def16b4ec785cf64361d563ef2a285f92057c48f674a96a51792b33201d578,202204252104068-dry-concrete-slight.jpg,240,360,217.93283564814814,105.78889597680362,False,train
c:/Users/Rivan/Projects/AI_Grand_Prix/data/_hf_snapshot/test_50k/202204252104496-dry-concrete-slight.jpg,DRY,202204252104,dry,concrete,slight,202204252104496,da94b82e9c433d8bc567f947a3f3aa015c0ec9ec8710013e8a0d815e91b64a4e,202204252104496-dry-concrete-slight.jpg,240,360,213.55667824074075,51.387660319010415,False,train
c:/Users/Rivan/Projects/AI_Grand_Prix/data/_hf_snapshot/test_50k/202204252107165-dry-concrete-slight.jpg,DRY,202204252107,dry,concrete,slight,202204252107165,a2f7101d85f95a4492844f1e46dcb4f2babea5819b66559afbaa4ccfa114dd26,202204252107165-dry-concrete-slight.jpg,240,360,218.41497685185186,226.34643104370284,False,train
c:/Users/Rivan/Projects/AI_Grand_Prix/data/_hf_snapshot/test_50k/202204252110087-dry-concrete-slight.jpg,DRY,202204252110,dry,concrete,slight,202204252110087,ffd395670c217a4b99399fb6ccf2253f68b37cd0e9e499be84d637de6b6ce147,202204252110087-dry-concrete-slight.jpg,240,360,215.0536111111111,155.87655068962192,False,train
c:/Users/Rivan/Projects/AI_Grand_Prix/data/_hf_snapshot/test_50k/202204252136532-dry-concrete-severe.jpg,DRY,202204252136,dry,concrete,severe,202204252136532,217b50798ae92e7ee7aae0ba82c0ebcaff3f72e95c47423c352c16bc558ba4cc,202204252136532-dry-concrete-severe.jpg,240,360,194.66275462962963,423.9538308556242,False,train
c:/Users/Rivan/Projects/AI_Grand_Prix/data/_hf_snapshot/test_50k/202204252144568-dry-concrete-severe.jpg,DRY,202204252144,dry,concrete,severe,202204252144568,b5e180700d1e50786f4b73cc5a2223ba5ab28b8b4c2353e93e9e470fe07187e1,202204252144568-dry-concrete-severe.jpg,240,360,219.97614583333333,205.04231911637837,False,train
c:/Users/Rivan/Projects/AI_Grand_Prix/data/_hf_snapshot/test_50k/202204252148483-dry-concrete-slight.jpg,DRY,202204252148,dry,concrete,slight,202204252148483,26885cbb192db6cce84e663932bbc455edab125c80c143544f8b66fb15e21318,202204252148483-dry-concrete-slight.jpg,240,360,154.95283564814815,322.16642571681564,False,train
c:/Users/Rivan/Projects/AI_Grand_Prix/data/_hf_snapshot/test_50k/202204252154288-dry-concrete-slight.jpg,DRY,202204252154,dry,concrete,slight,202204252154288,562267895dfaf2e1be024702e7f5159815995e04f0f2e35186db6b6621ff612c,202204252154288-dry-concrete-slight.jpg,240,360,213.85290509259258,231.54680510491684,False,train
c:/Users/Rivan/Projects/AI_Grand_Prix/data/_hf_snapshot/test_50k/202204252155395-dry-concrete-severe.jpg,DRY,202204252155,dry,concrete,severe,202204252155395,fe29967483e1bc6c75c6049f33cf2bde701b231ea94811918fa704cd4c81f2be,202204252155395-dry-concrete-severe.jpg,240,360,207.36560185185186,48.5311571339967,False,train
c:/Users/Rivan/Projects/AI_Grand_Prix/data/_hf_snapshot/test_50k/2022042522005311-dry-concrete-severe.jpg,DRY,202204252200,dry,concrete,severe,2022042522005311,cb03aac951c3af526294ad4420ed4817cf240b602831c380cd41a2daaf485b34,2022042522005311-dry-concrete-severe.jpg,240,360,220.3075,409.78229772041647,False,train
c:/Users/Rivan/Projects/AI_Grand_Prix/data/_hf_snapshot/test_50k/202204252201349-dry-concrete-severe.jpg,DRY,202204252201,dry,concrete,severe,202204252201349,d16f8f764158c424867c1b90f170963498dca501335e17a5ed2a36da75338abd,202204252201349-dry-concrete-severe.jpg,240,360,216.0819675925926,406.7509609470111,False,train
c:/Users/Rivan/Projects/AI_Grand_Prix/data/_hf_snapshot/test_50k/202204252201543-dry-concrete-severe.jpg,DRY,202204252201,dry,concrete,severe,202204252201543,f0842b9bc79a8b0937a1ca61b262e26fe488a54b124a6d7c3d59ba82329598ad,202204252201543-dry-concrete-severe.jpg,240,360,219.1439814814815,54.85579505194938,False,train
c:/Users/Rivan/Projects/AI_Grand_Prix/data/_hf_snapshot/test_50k/202204252204413-dry-concrete-smooth.jpg,DRY,202204252204,dry,concrete,smooth,202204252204413,e358f1d3cd6ce887333e82e97f187c7931d4d05c9de15f4267020aa590e2d6ad,202204252204413-dry-concrete-smooth.jpg,240,360,221.9840509259259,121.60203648834019,False,train
c:/Users/Rivan/Projects/AI_Grand_Prix/data/_hf_snapshot/test_50k/202204252208395-dry-concrete-severe.jpg,DRY,202204252208,dry,concrete,severe,202204252208395,8fc09e37d62a00fa7ab2e6500f162cb530bb087ff6b8af44c6ba6680ac7c7a4a,202204252208395-dry-concrete-severe.jpg,240,360,200.1693287037037,370.7924452148437,False,train
c:/Users/Rivan/Projects/AI_Grand_Prix/data/_hf_snapshot/test_50k/2022042522092615-dry-concrete-severe.jpg,DRY,202204252209,dry,concrete,severe,2022042522092615,52d84bd957d3ecbf6f2e2f90c45851aa878c9141a43855fb62a413d1b6d174a6,2022042522092615-dry-concrete-severe.jpg,240,360,191.63993055555557,259.5474688645351,False,train
c:/Users/Rivan/Projects/AI_Grand_Prix/data/_hf_snapshot/test_50k/2022042522115212-dry-concrete-slight.jpg,DRY,202204252211,dry,concrete,slight,2022042522115212,e1a809514223cab3b2ae5ae99965fdcda8d2d7adf5e2b1e2a7a2e203b84408c9,2022042522115212-dry-concrete-slight.jpg,240,360,203.62748842592592,636.1501187402209,False,train
c:/Users/Rivan/Projects/AI_Grand_Prix/data/_hf_snapshot/test_50k/2022042522120215-dry-concrete-slight.jpg,DRY,202204252212,dry,concrete,slight,2022042522120215,9b961e7b9d7bfbcf298a2032442e11f3b2cbab5e64b5895cbc80b99a8c60254f,2022042522120215-dry-concrete-slight.jpg,240,360,217.01974537037037,610.089439042674,False,train
c:/Users/Rivan/Projects/AI_Grand_Prix/data/_hf_snapshot/test_50k/2022042522182819-dry-concrete-slight.jpg,DRY,202204252218,dry,concrete,slight,2022042522182819,e1d988f44da61688270228952e21a6b7e2d7c635f396c0cd1bb67430340a666b,2022042522182819-dry-concrete-slight.jpg,240,360,214.9903125,292.2763583942848,False,train
c:/Users/Rivan/Projects/AI_Grand_Prix/data/_hf_snapshot/test_50k/2022042522184213-dry-concrete-slight.jpg,DRY,202204252218,dry,concrete,slight,2022042522184213,531c67f940b2480639ecd8d92fee2dbe89fe4a0a82ace7875b237d251ffaac04,2022042522184213-dry-concrete-slight.jpg,240,360,210.9427662037037,201.6849749228395,False,train
c:/Users/Rivan/Projects/AI_Grand_Prix/data/_hf_snapshot/test_50k/202204252226581-dry-concrete-severe.jpg,DRY,202204252226,dry,concrete,severe,202204252226581,2715e66e4480a988e2a18587e98a93d2ff6cf42e089eea75ff1a52f6570b2236,202204252226581-dry-concrete-severe.jpg,240,360,199.63400462962963,432.77064043209873,False,train
c:/Users/Rivan/Projects/AI_Grand_Prix/data/_hf_snapshot/test_50k/2022042522402111-dry-concrete-severe.jpg,DRY,202204252240,dry,concrete,severe,2022042522402111,e682b83b4a09a4a888e0be22cd5290fe1a6c623deb0c00886426118548ac3da7,2022042522402111-dry-concrete-severe.jpg,240,360,209.6290625,78.4233935822831,False,train
c:/Users/Rivan/Projects/AI_Grand_Prix/data/_hf_snapshot/test_50k/20220425232037244-dry-concrete-smooth.jpg,DRY,202204252320,dry,concrete,smooth,20220425232037244,be195561f965a4798ebced8b41792e9ae45b847eb5638b21452dfb28e9312421,20220425232037244-dry-concrete-smooth.jpg,240,360,226.9232986111111,125.46953682270232,False,train
c:/Users/Rivan/Projects/AI_Grand_Prix/data/_hf_snapshot/test_50k/20220425232114398-dry-concrete-smooth.jpg,DRY,202204252321,dry,concrete,smooth,20220425232114398,b943e64e75dacc7b2a39527fefdda12b90e8709dd119aae5c3cb310b4e0e583c,20220425232114398-dry-concrete-smooth.jpg,240,360,223.95605324074074,23.013911380637,False,train
c:/Users/Rivan/Projects/AI_Grand_Prix/data/_hf_snapshot/test_50k/20220425232128835-dry-concrete-smooth.jpg,DRY,202204252321,dry,concrete,smooth,20220425232128835,c144344692aa559c729174bd5fc521f59be34f5c937f302471262eb30b90b8d9,20220425232128835-dry-concrete-smooth.jpg,240,360,207.29885416666667,17.61610287851509,False,train
c:/Users/Rivan/Projects/AI_Grand_Prix/data/_hf_snapshot/test_50k/20220425232201862-dry-concrete-smooth.jpg,DRY,202204252322,dry,concrete,smooth,20220425232201862,281557f37ed8734452245e6a3b81aed4585571bc6383249185185e4d6b70affb,20220425232201862-dry-concrete-smooth.jpg,240,360,223.9170949074074,36.17811260489004,False,train
c:/Users/Rivan/Projects/AI_Grand_Prix/data/_hf_snapshot/test_50k/20220425232236945-dry-concrete-smooth.jpg,DRY,202204252322,dry,concrete,smooth,20220425232236945,1c38491db0373f16f70ba6b99ca9a8cdc8f2adde0df969d280f7e0d9bb094f1d,20220425232236945-dry-concrete-smooth.jpg,240,360,220.6307060185185,34.73461804899155,False,train
c:/Users/Rivan/Projects/AI_Grand_Prix/data/_hf_snapshot/test_50k/20220425232302743-dry-concrete-smooth.jpg,DRY,202204252323,dry,concrete,smooth,20220425232302743,f5ae331c9ab321dff229be01fecc12859509237a477f4e261c8714c9b4ddf6f9,20220425232302743-dry-concrete-smooth.jpg,240,360,220.72226851851852,7.988942842158566,False,train
c:/Users/Rivan/Projects/AI_Grand_Prix/data/_hf_snapshot/test_50k/20220425232306872-dry-concrete-smooth.jpg,DRY,202204252323,dry,concrete,smooth,20220425232306872,f3199840c9f5f86a085458699b79106829031a21ce0f2f95803d4ac4939a69d8,20220425232306872-dry-concrete-smooth.jpg,240,360,219.33927083333333,59.065277044217254,False,train
c:/Users/Rivan/Projects/AI_Grand_Prix/data/_hf_snapshot/test_50k/20220425232307904-dry-concrete-smooth.jpg,DRY,202204252323,dry,concrete,smooth,20220425232307904,14f766d1eb6322336fb523fa6ae9a51e03191bbea82df8d497b731bd52ea5924,20220425232307904-dry-concrete-smooth.jpg,240,360,223.84672453703703,94.45514448248885,False,train
c:/Users/Rivan/Projects/AI_Grand_Prix/data/_hf_snapshot/test_50k/20220425232317217-dry-concrete-smooth.jpg,DRY,202204252323,dry,concrete,smooth,20220425232317217,e0609f61c17adb850276da85cf5e98be258c4517a8195009c0c88a7322b0716a,20220425232317217-dry-concrete-smooth.jpg,240,360,226.4121875,84.83140014092507,False,train
c:/Users/Rivan/Projects/AI_Grand_Prix/data/_hf_snapshot/test_50k/20220425232334756-dry-concrete-smooth.jpg,DRY,202204252323,dry,concrete,smooth,20220425232334756,4b46cbe14b72e8c02643145589e7e5b9db77a2aaf88eb99ba0791cd816f283fa,20220425232334756-dry-concrete-smooth.jpg,240,360,222.02226851851853,54.97068257445452,False,train
c:/Users/Rivan/Projects/AI_Grand_Prix/data/_hf_snapshot/test_50k/20220425232354375-dry-concrete-smooth.jpg,DRY,202204252323,dry,concrete,smooth,20220425232354375,1f20e8c1115fa384330db8f35d551a6754561a3652c6433bfe4a3f18c537bf44,20220425232354375-dry-concrete-smooth.jpg,240,360,220.0369212962963,104.61666576592506,False,train
c:/Users/Rivan/Projects/AI_Grand_Prix/data/_hf_snapshot/test_50k/20220425232450113-dry-concrete-smooth.jpg,DRY,202204252324,dry,concrete,smooth,20220425232450113,fe38caf82902fc0d7f856f4e57134556ff1ae25ad2465834e3085a50490badb0,20220425232450113-dry-concrete-smooth.jpg,240,360,217.59366898148147,25.72705812542867,False,train
c:/Users/Rivan/Projects/AI_Grand_Prix/data/_hf_snapshot/test_50k/20220425232505553-dry-concrete-smooth.jpg,DRY,202204252325,dry,concrete,smooth,20220425232505553,bf919eb98256e25acb5ab1036566c15500be7645c30ff0b430f4d673c0053dad,20220425232505553-dry-concrete-smooth.jpg,240,360,214.48828703703703,70.10558768955225,False,train
c:/Users/Rivan/Projects/AI_Grand_Prix/data/_hf_snapshot/test_50k/202204260925392-dry-asphalt-slight.jpg,DRY,202204260925,dry,asphalt,slight,202204260925392,5d6f9ff49fc3c4a53817251a33fc67197f4bda8934137aa8bdc27429968a4913,202204260925392-dry-asphalt-slight.jpg,240,360,168.17891203703704,4572.98063568981,False,train
c:/Users/Rivan/Projects/AI_Grand_Prix/data/_hf_snapshot/test_50k/202204260929482-dry-asphalt-slight.jpg,DRY,202204260929,dry,asphalt,slight,202204260929482,7f55ee4b061ab26b5f00dbda3efe4c15ad37d2ede56019d5e73e58bdc8573974,202204260929482-dry-asphalt-slight.jpg,240,360,177.31150462962964,2922.250682696759,False,train
c:/Users/Rivan/Projects/AI_Grand_Prix/data/_hf_snapshot/test_50k/202204260938273-dry-asphalt-slight.jpg,DRY,202204260938,dry,asphalt,slight,202204260938273,f89c68b77dc3fab3badccb272494b54a11aa0013e0a0365f49cb8bdc5c791512,202204260938273-dry-asphalt-slight.jpg,240,360,167.48179398148147,316.7342455245574,False,train
c:/Users/Rivan/Projects/AI_Grand_Prix/data/_hf_snapshot/test_50k/2022042609532917-dry-concrete-slight.jpg,DRY,202204260953,dry,concrete,slight,2022042609532917,f0d7362ef1155073a4c0bf0806988096504edc2a6c6fe2e22b346a5fc4dddb64,2022042609532917-dry-concrete-slight.jpg,240,360,158.6674074074074,473.6015909122085,False,train
c:/Users/Rivan/Projects/AI_Grand_Prix/data/_hf_snapshot/test_50k/202204260954502-dry-concrete-slight.jpg,DRY,202204260954,dry,concrete,slight,202204260954502,e429dad28429b7810ed2f28e9cd887c176abe7e305ffd4f872dc1189e65410a7,202204260954502-dry-concrete-slight.jpg,240,360,119.310625,298.5841549156325,False,train
c:/Users/Rivan/Projects/AI_Grand_Prix/data/_hf_snapshot/test_50k/202204260956468-dry-concrete-slight.jpg,DRY,202204260956,dry,concrete,slight,202204260956468,8d59732e730ede6064c1f341c6e545481279884e610b63b4595125ab3f03e3ef,202204260956468-dry-concrete-slight.jpg,240,360,108.12461805555556,153.9506873069648,False,train
c:/Users/Rivan/Projects/AI_Grand_Prix/data/_hf_snapshot/test_50k/202204261002432-dry-concrete-slight.jpg,DRY,202204261002,dry,concrete,slight,202204261002432,8c9139b5abb9597745df23c2156351895ebdf5cb9baf417a6712b9978e187a24,202204261002432-dry-concrete-slight.jpg,240,360,211.60510416666668,628.4965377602828,False,train
c:/Users/Rivan/Projects/AI_Grand_Prix/data/_hf_snapshot/test_50k/202204261020547-dry-concrete-slight.jpg,DRY,202204261020,dry,concrete,slight,202204261020547,622aab248f8fc812e308c3b6a9f3e653eadf8f0829ee580939d17074d1962196,202204261020547-dry-concrete-slight.jpg,240,360,204.95299768518518,262.0873751927673,False,train
c:/Users/Rivan/Projects/AI_Grand_Prix/data/_hf_snapshot/test_50k/202204261026232-dry-concrete-severe.jpg,DRY,202204261026,dry,concrete,severe,202204261026232,ad84cff8ba2e223f784f1a41d02cd94269aa71e3d7a0852781ab74826ccc0e55,202204261026232-dry-concrete-severe.jpg,240,360,218.79591435185185,185.21302687703619,False,train
c:/Users/Rivan/Projects/AI_Grand_Prix/data/_hf_snapshot/test_50k/202204261037109-dry-concrete-severe.jpg,DRY,202204261037,dry,concrete,severe,202204261037109,9f241553ff0ca8e88a8bffec41f13aa87bd9b57c5ae4a84c59905b3f31b1a4ee,202204261037109-dry-concrete-severe.jpg,240,360,206.6495486111111,22.333122594628772,False,train
c:/Users/Rivan/Projects/AI_Grand_Prix/data/_hf_snapshot/test_50k/2022042610401516-dry-concrete-severe.jpg,DRY,202204261040,dry,concrete,severe,2022042610401516,41f82f9906392173d2d8b61ab43638c0742224a5f60e5f3ae1cabb527bcc81eb,2022042610401516-dry-concrete-severe.jpg,240,360,212.5762962962963,462.99868485711914,False,train
c:/Users/Rivan/Projects/AI_Grand_Prix/data/_hf_snapshot/test_50k/2022042610403810-dry-concrete-severe.jpg,DRY,202204261040,dry,concrete,severe,2022042610403810,e679d7abd02bfbac99944f314a144f2905050b06f75a980c8089b7afbc653e0f,2022042610403810-dry-concrete-severe.jpg,240,360,210.7342013888889,700.3064669876328,False,train
c:/Users/Rivan/Projects/AI_Grand_Prix/data/_hf_snapshot/test_50k/202204261041544-dry-concrete-severe.jpg,DRY,202204261041,dry,concrete,severe,202204261041544,aafc2dc6bd767363e1978d9397c1ac1b37709c24bdc2d7d50a87ebd0cc0248ba,202204261041544-dry-concrete-severe.jpg,240,360,214.49199074074073,280.29756634181564,False,train
c:/Users/Rivan/Projects/AI_Grand_Prix/data/_hf_snapshot/test_50k/202204261054295-dry-asphalt-slight.jpg,DRY,202204261054,dry,asphalt,slight,202204261054295,3a8ef63294d6b42c6ac483978b9444d3a98ca24b337101c1a64a3bdd0fcbbc6c,202204261054295-dry-asphalt-slight.jpg,240,360,194.17724537037037,1143.7628928593053,False,train
c:/Users/Rivan/Projects/AI_Grand_Prix/data/_hf_snapshot/test_50k/202204261058225-dry-asphalt-slight.jpg,DRY,202204261058,dry,asphalt,slight,202204261058225,cea24e0ae74ce3d19b84f657fff819025a8c893ecf77b33ee3bc6bf22a3c9e35,202204261058225-dry-asphalt-slight.jpg,240,360,186.58372685185185,4486.3231932279605,False,train
c:/Users/Rivan/Projects/AI_Grand_Prix/data/_hf_snapshot/test_50k/202204261101052-dry-asphalt-slight.jpg,DRY,202204261101,dry,asphalt,slight,202204261101052,6f60e91acb4a0e0eaf38921d07f7884b235848533af92485c20fe7b2b9750f49,202204261101052-dry-asphalt-slight.jpg,240,360,145.49335648148147,3108.7033564552253,False,train
c:/Users/Rivan/Projects/AI_Grand_Prix/data/_hf_snapshot/test_50k/2022042611024810-dry-concrete-severe.jpg,DRY,202204261102,dry,concrete,severe,2022042611024810,d95723fcabe540d2833bcd344dc642bc2bc86170623f63538479ad71d228c5a8,2022042611024810-dry-concrete-severe.jpg,240,360,153.42416666666668,2139.728134161603,False,train
c:/Users/Rivan/Projects/AI_Grand_Prix/data/_hf_snapshot/test_50k/2022042611171318-dry-asphalt-severe.jpg,DRY,202204261117,dry,asphalt,severe,2022042611171318,05328edafe57ce6bf22c79c1b2a8b77927630a89132febe95d3e511f21401081,2022042611171318-dry-asphalt-severe.jpg,240,360,200.92319444444445,2019.2164842076847,False,train
c:/Users/Rivan/Projects/AI_Grand_Prix/data/_hf_snapshot/test_50k/2022042611180714-dry-asphalt-severe.jpg,DRY,202204261118,dry,asphalt,severe,2022042611180714,2c1e8ee0330f633a2aaf39ddf219f4e7206f2ee72d19446f8c0369c421c7b7fd,2022042611180714-dry-asphalt-severe.jpg,240,360,187.29449074074074,1670.6481658563478,False,train
c:/Users/Rivan/Projects/AI_Grand_Prix/data/_hf_snapshot/test_50k/2022042611194111-dry-asphalt-severe.jpg,DRY,202204261119,dry,asphalt,severe,2022042611194111,e97fa91236c96d88f81e44942715e9f9cdabf46931fbd4c134071391073a992d,2022042611194111-dry-asphalt-severe.jpg,240,360,201.44733796296296,1107.7031833364144,False,train
c:/Users/Rivan/Projects/AI_Grand_Prix/data/_hf_snapshot/test_50k/202204261122259-dry-asphalt-severe.jpg,DRY,202204261122,dry,asphalt,severe,202204261122259,e7b25de3f86b24bb9d8b6b7147d60545a238145f62c96426387ce846405d10eb,202204261122259-dry-asphalt-severe.jpg,240,360,196.61306712962963,165.89807781622406,False,train
c:/Users/Rivan/Projects/AI_Grand_Prix/data/_hf_snapshot/test_50k/202204261122504-dry-asphalt-severe.jpg,DRY,202204261122,dry,asphalt,severe,202204261122504,d2400edd03267286b68cac5d20af24f61e85010ab4e19f05670a672f9a96941c,202204261122504-dry-asphalt-severe.jpg,240,360,219.73447916666666,245.23393497085053,False,train
c:/Users/Rivan/Projects/AI_Grand_Prix/data/_hf_snapshot/test_50k/202204261125411-dry-concrete-severe.jpg,DRY,202204261125,dry,concrete,severe,202204261125411,41e85484d957e807fae4785547d319bb7a18add3c965bb92b126750cceb9187a,202204261125411-dry-concrete-severe.jpg,240,360,209.74033564814815,338.35652054063246,False,train
c:/Users/Rivan/Projects/AI_Grand_Prix/data/_hf_snapshot/test_50k/202204261131476-dry-concrete-severe.jpg,DRY,202204261131,dry,concrete,severe,202204261131476,03961c335e26d039ce4cf398319064cec10842e8029adba00bef991b9859a067,202204261131476-dry-concrete-severe.jpg,240,360,201.88625,108.33694399380576,False,train
c:/Users/Rivan/Projects/AI_Grand_Prix/data/_hf_snapshot/test_50k/202204261133234-dry-concrete-severe.jpg,DRY,202204261133,dry,concrete,severe,202204261133234,a6efff4f623a915f325dd8864f2389593eabf65bee9ce575cad6ee9fcfb12675,202204261133234-dry-concrete-severe.jpg,240,360,196.2091898148148,47.74432603510267,False,train
c:/Users/Rivan/Projects/AI_Grand_Prix/data/_hf_snapshot/test_50k/202204261133467-dry-concrete-severe.jpg,DRY,202204261133,dry,concrete,severe,202204261133467,7708176fd5a53d6ec0eb66cbd26ca30fdcde96ae010f983ff4f27ab86baa8f06,202204261133467-dry-concrete-severe.jpg,240,360,211.1145949074074,729.4033544237344,False,train
c:/Users/Rivan/Projects/AI_Grand_Prix/data/_hf_snapshot/test_50k/202204261138076-dry-concrete-severe.jpg,DRY,202204261138,dry,concrete,severe,202204261138076,32e2aa18496e9f7b9989c69c6d36814783577871a447efbd0d2af24e7d35be04,202204261138076-dry-concrete-severe.jpg,240,360,193.89347222222221,210.04354831961592,False,train
c:/Users/Rivan/Projects/AI_Grand_Prix/data/_hf_snapshot/test_50k/2022042611385513-dry-concrete-severe.jpg,DRY,202204261138,dry,concrete,severe,2022042611385513,5ea6b80ffb2459452b55cfcf35f480847aac77987767ff7d14c7d95eb50ca000,2022042611385513-dry-concrete-severe.jpg,240,360,169.92318287037037,308.30568050076624,False,train
c:/Users/Rivan/Projects/AI_Grand_Prix/data/_hf_snapshot/test_50k/202204261143273-dry-concrete-severe.jpg,DRY,202204261143,dry,concrete,severe,202204261143273,45e4bdbf26db0d5f8ddf16c883fd4840b9c1bad52e91bcb15b9eda6cdc2518f3,202204261143273-dry-concrete-severe.jpg,240,360,217.8909375,11.791550848765432,False,train
c:/Users/Rivan/Projects/AI_Grand_Prix/data/_hf_snapshot/test_50k/2022042611451624-dry-concrete-severe.jpg,DRY,202204261145,dry,concrete,severe,2022042611451624,a96188bc07079048e605af9600b2a9f721b26501e651b5249f728ab3eff133eb,2022042611451624-dry-concrete-severe.jpg,240,360,194.21131944444446,223.02928236400462,False,train
c:/Users/Rivan/Projects/AI_Grand_Prix/data/_hf_snapshot/test_50k/2022042611490332-dry-concrete-severe.jpg,DRY,202204261149,dry,concrete,severe,2022042611490332,60f24025e37852f8b48cc29c7639fd0cabf2ac26ca531f11ae9ecf9480f0b82b,2022042611490332-dry-concrete-severe.jpg,240,360,196.47987268518517,2185.279685720486,False,train
c:/Users/Rivan/Projects/AI_Grand_Prix/data/_hf_snapshot/test_50k/202204261510514-dry-concrete-severe.jpg,DRY,202204261510,dry,concrete,severe,202204261510514,9760cac5f9e8ab57d940f973c8e61d58e91ab967e4ac9ba8b0b04f76092179d8,202204261510514-dry-concrete-severe.jpg,240,360,197.3428587962963,747.3288383482296,False,train
c:/Users/Rivan/Projects/AI_Grand_Prix/data/_hf_snapshot/test_50k/2022042615200211-dry-concrete-severe.jpg,DRY,202204261520,dry,concrete,severe,2022042615200211,380a1a9336596f1e999e7fc63ace13fe7d65017b4d53b4bbc1ffc4522a58bb86,2022042615200211-dry-concrete-severe.jpg,240,360,197.5376388888889,541.5430862054184,False,train
c:/Users/Rivan/Projects/AI_Grand_Prix/data/_hf_snapshot/test_50k/2022042615204810-dry-concrete-severe.jpg,DRY,202204261520,dry,concrete,severe,2022042615204810,3aee18e7ccb6f3920927ad8e488d6bfabe8fd1674b5410ec858c076527915df5,2022042615204810-dry-concrete-severe.jpg,240,360,194.9029050925926,841.9259874807099,False,train
c:/Users/Rivan/Projects/AI_Grand_Prix/data/_hf_snapshot/test_50k/2022042615212611-dry-concrete-severe.jpg,DRY,202204261521,dry,concrete,severe,2022042615212611,c61aa1663c4d36733f043a294e73fc2737cc5383cfde38fe3f2043c7580062f5,2022042615212611-dry-concrete-severe.jpg,240,360,186.59555555555556,99.9815718792867,False,train
c:/Users/Rivan/Projects/AI_Grand_Prix/data/_hf_snapshot/test_50k/202204261521262-dry-concrete-severe.jpg,DRY,202204261521,dry,concrete,severe,202204261521262,f5050601588291c8812541527c68b427e15f6414b4c966a5147d141d35dcc45e,202204261521262-dry-concrete-severe.jpg,240,360,204.53971064814814,171.05875500685872,False,train
c:/Users/Rivan/Projects/AI_Grand_Prix/data/_hf_snapshot/test_50k/202204261523149-dry-concrete-severe.jpg,DRY,202204261523,dry,concrete,severe,202204261523149,1be4830735f1d0e962a5a2ebb048776d626406b16f5af99102918780ee97d791,202204261523149-dry-concrete-severe.jpg,240,360,175.31042824074075,103.58879972511575,False,train
c:/Users/Rivan/Projects/AI_Grand_Prix/data/_hf_snapshot/test_50k/202204261524472-dry-concrete-slight.jpg,DRY,202204261524,dry,concrete,slight,202204261524472,1ffba09c19c956e74c431a8c2a61a01c56910b0ae3bf3c6ae20d7a240b676369,202204261524472-dry-concrete-slight.jpg,240,360,211.8479976851852,125.7040853522323,False,train
c:/Users/Rivan/Projects/AI_Grand_Prix/data/_hf_snapshot/test_50k/202204261526533-dry-concrete-slight.jpg,DRY,202204261526,dry,concrete,slight,202204261526533,bfc7744ac4e009312decfc367300d37dba424b97a84172cd7403c7d0886a0db7,202204261526533-dry-concrete-slight.jpg,240,360,217.10967592592593,370.6872337254319,False,train
c:/Users/Rivan/Projects/AI_Grand_Prix/data/_hf_snapshot/test_50k/202204261526537-dry-concrete-severe.jpg,DRY,202204261526,dry,concrete,severe,202204261526537,f35aa9f180ede02e67cae777a48aff8507848c68592b44ef5dc053a7a83625b2,202204261526537-dry-concrete-severe.jpg,240,360,209.49862268518518,404.85940431013694,False,train
c:/Users/Rivan/Projects/AI_Grand_Prix/data/_hf_snapshot/test_50k/202204261532366-dry-concrete-severe.jpg,DRY,202204261532,dry,concrete,severe,202204261532366,30004fcf33e32dc609b0e43e93faa7f23965466e74b16c2f94b3441d23f0880a,202204261532366-dry-concrete-severe.jpg,240,360,204.66379629629628,73.50534301643947,False,train
c:/Users/Rivan/Projects/AI_Grand_Prix/data/_hf_snapshot/test_50k/2022042615325019-dry-concrete-severe.jpg,DRY,202204261532,dry,concrete,severe,2022042615325019,34cdb02e77b248c6c66dcf410ce2cb7281e09145ea08f550f5d4a9fa38f0f3c8,2022042615325019-dry-concrete-severe.jpg,240,360,204.9188425925926,377.5948351851852,False,train
c:/Users/Rivan/Projects/AI_Grand_Prix/data/_hf_snapshot/test_50k/202204261541082-dry-asphalt-slight.jpg,DRY,202204261541,dry,asphalt,slight,202204261541082,17d26e68e7c6228a0c3968b83028e48da7fbaa4fe2fee6c44756c432afde7a9b,202204261541082-dry-asphalt-slight.jpg,240,360,155.78949074074075,1222.4753820966223,False,train
c:/Users/Rivan/Projects/AI_Grand_Prix/data/_hf_snapshot/test_50k/202204261542061-dry-asphalt-slight.jpg,DRY,202204261542,dry,asphalt,slight,202204261542061,b0ae6485e79c9a9a310a8739ed614b49c4e635818574a78c36bc16d47623b845,202204261542061-dry-asphalt-slight.jpg,240,360,157.70630787037038,1006.1270671033735,False,train
c:/Users/Rivan/Projects/AI_Grand_Prix/data/_hf_snapshot/test_50k/202204261544403-dry-asphalt-smooth.jpg,DRY,202204261544,dry,asphalt,smooth,202204261544403,b684177ef54acf091a0f0c22e3b6d9b796c4ef9871c74eb430b710de20a39dd3,202204261544403-dry-asphalt-smooth.jpg,240,360,143.09648148148148,4621.423007452284,False,train
c:/Users/Rivan/Projects/AI_Grand_Prix/data/_hf_snapshot/test_50k/202204261545102-dry-asphalt-slight.jpg,DRY,202204261545,dry,asphalt,slight,202204261545102,3ddf65527607cb5c93fbceee994126ad07e555163c6bd1e595052234455bbe59,202204261545102-dry-asphalt-slight.jpg,240,360,161.72152777777777,1556.9293140902294,False,train
c:/Users/Rivan/Projects/AI_Grand_Prix/data/_hf_snapshot/test_50k/202204261549293-dry-asphalt-slight.jpg,DRY,202204261549,dry,asphalt,slight,202204261549293,25f927bd351c1757b1ec523420c6c637d9edeec3b0f22a693dd350a6e74405d1,202204261549293-dry-asphalt-slight.jpg,240,360,148.85302083333335,4346.465873407359,False,train
c:/Users/Rivan/Projects/AI_Grand_Prix/data/_hf_snapshot/test_50k/202204261550203-dry-asphalt-slight.jpg,DRY,202204261550,dry,asphalt,slight,202204261550203,bc700dd4a51e891da7f85dd594e97f1a322c8b78bc427b0b1703ecd3f8d90c4f,202204261550203-dry-asphalt-slight.jpg,240,360,164.5616087962963,3163.38374936222,False,train
c:/Users/Rivan/Projects/AI_Grand_Prix/data/_hf_snapshot/test_50k/202204261555321-dry-asphalt-smooth.jpg,DRY,202204261555,dry,asphalt,smooth,202204261555321,2410eef490486fffd9728ce49a785fab1536921cbf08452a9cbab6fc148d5747,202204261555321-dry-asphalt-smooth.jpg,240,360,161.95738425925927,5816.150622414588,False,train
c:/Users/Rivan/Projects/AI_Grand_Prix/data/_hf_snapshot/test_50k/202204261605231-dry-asphalt-severe.jpg,DRY,202204261605,dry,asphalt,severe,202204261605231,b6891e943a0b5770e44a56f1cd720c17d2f50440418bc5e347089a17f0413ca9,202204261605231-dry-asphalt-severe.jpg,240,360,178.42452546296298,1676.2615190538195,False,train
c:/Users/Rivan/Projects/AI_Grand_Prix/data/_hf_snapshot/test_50k/202204261623553-dry-asphalt-slight.jpg,DRY,202204261623,dry,asphalt,slight,202204261623553,e3fe7f5d798dda76176d174831c9c551bd1c991ca0b3c475d54f8fb822b533bc,202204261623553-dry-asphalt-slight.jpg,240,360,166.5865625,3028.7799850480105,False,train
c:/Users/Rivan/Projects/AI_Grand_Prix/data/_hf_snapshot/test_50k/202204261630034-dry-asphalt-slight.jpg,DRY,202204261630,dry,asphalt,slight,202204261630034,9d3001e22df270893b43d317f05c5c2b060418139446d8e13e6d4ec0846d8c3d,202204261630034-dry-asphalt-slight.jpg,240,360,119.16513888888889,1497.204535117536,False,train
c:/Users/Rivan/Projects/AI_Grand_Prix/data/_hf_snapshot/test_50k/202204261636391-dry-asphalt-slight.jpg,DRY,202204261636,dry,asphalt,slight,202204261636391,f42cebf3b38b7125df433d1be543ad4d253d2feb96e9428ac9a2ad0a2ff9ded7,202204261636391-dry-asphalt-slight.jpg,240,360,95.44134259259259,1814.9558594387645,False,train
c:/Users/Rivan/Projects/AI_Grand_Prix/data/_hf_snapshot/test_50k/202204261642039-dry-asphalt-slight.jpg,DRY,202204261642,dry,asphalt,slight,202204261642039,76149885f4da866822bed7188f7936e3ac5fcff8a609759e94a9bb5d73eb442c,202204261642039-dry-asphalt-slight.jpg,240,360,80.73158564814815,1457.65142905039,False,train
c:/Users/Rivan/Projects/AI_Grand_Prix/data/_hf_snapshot/test_50k/202204261646275-dry-asphalt-severe.jpg,DRY,202204261646,dry,asphalt,severe,202204261646275,90f5305ee8b27c89709764bfed8b0be3244134933b9bdd65337bd0dde78c4a7a,202204261646275-dry-asphalt-severe.jpg,240,360,165.51653935185186,422.1936689513406,False,train
c:/Users/Rivan/Projects/AI_Grand_Prix/data/_hf_snapshot/test_50k/202204261646373-dry-asphalt-severe.jpg,DRY,202204261646,dry,asphalt,severe,202204261646373,eea3592efe20a666354e662684bdb4f98cd88eaad8eb1a8c1b3f1ba2908368b8,202204261646373-dry-asphalt-severe.jpg,240,360,162.92150462962962,985.4097681165069,False,train
c:/Users/Rivan/Projects/AI_Grand_Prix/data/_hf_snapshot/test_50k/202204261646481-dry-asphalt-slight.jpg,DRY,202204261646,dry,asphalt,slight,202204261646481,8c6fb2558406252374a8f9444f8958d5436ae29b0d8ffe3a844ccbe189f42c70,202204261646481-dry-asphalt-slight.jpg,240,360,150.12806712962964,1133.3049506810482,False,train
c:/Users/Rivan/Projects/AI_Grand_Prix/data/_hf_snapshot/test_50k/202204261650244-dry-asphalt-slight.jpg,DRY,202204261650,dry,asphalt,slight,202204261650244,196b50bef46f4fd9a95ee4008df7db97244a3cce1510619f6d8bc31620c8dea2,202204261650244-dry-asphalt-slight.jpg,240,360,214.69484953703704,379.5148296294957,False,train
c:/Users/Rivan/Projects/AI_Grand_Prix/data/_hf_snapshot/test_50k/202204261709536-dry-asphalt-slight.jpg,DRY,202204261709,dry,asphalt,slight,202204261709536,e937aea72e24b560ab6d4db61c236089e72edc1a5e5fd666cc850eda30609ed8,202204261709536-dry-asphalt-slight.jpg,240,360,192.14875,1428.491508221879,False,train
c:/Users/Rivan/Projects/AI_Grand_Prix/data/_hf_snapshot/test_50k/202204261716072-dry-asphalt-severe.jpg,DRY,202204261716,dry,asphalt,severe,202204261716072,3abb66de031df25f48689e668a4dc65adf155ace01caa7e08846e2b8930bedf6,202204261716072-dry-asphalt-severe.jpg,240,360,188.82832175925927,267.5253172388064,False,train
c:/Users/Rivan/Projects/AI_Grand_Prix/data/_hf_snapshot/test_50k/202204261716192-dry-concrete-severe.jpg,DRY,202204261716,dry,concrete,severe,202204261716192,da20a1e9e86f3d7149b2e84d312cc3511f567147e1daa5a71e59e51e1b9422f4,202204261716192-dry-concrete-severe.jpg,240,360,214.55420138888888,59.10813794367284,False,train
c:/Users/Rivan/Projects/AI_Grand_Prix/data/_hf_snapshot/test_50k/202204261723305-dry-asphalt-slight.jpg,DRY,202204261723,dry,asphalt,slight,202204261723305,5ea88a46c715eb6e51cfa3bdef25dd613c65f7e03559e4b0006b74dddd36d434,202204261723305-dry-asphalt-slight.jpg,240,360,203.5413425925926,2091.9626572337966,False,train
c:/Users/Rivan/Projects/AI_Grand_Prix/data/_hf_snapshot/test_50k/202204261723309-dry-asphalt-slight.jpg,DRY,202204261723,dry,asphalt,slight,202204261723309,9e64f8e8a72a619acbb17f371c0af25228b55bcb6682d3b1936027748a2c0680,202204261723309-dry-asphalt-slight.jpg,240,360,116.99857638888889,375.6804280778464,False,train
c:/Users/Rivan/Projects/AI_Grand_Prix/data/_hf_snapshot/test_50k/202204261725001-dry-asphalt-severe.jpg,DRY,202204261725,dry,asphalt,severe,202204261725001,898a9a049f8053bc86b45185a52fcdee42cd134d3b09263de8e24ffea4eaa3f8,202204261725001-dry-asphalt-severe.jpg,240,360,197.0159375,4156.154401529813,False,train
c:/Users/Rivan/Projects/AI_Grand_Prix/data/_hf_snapshot/test_50k/2022042617410021-dry-concrete-slight.jpg,DRY,202204261741,dry,concrete,slight,2022042617410021,5bd4f30faac716c714b2944fded4af96ef631290c2eb11bdf554ce4abb778060,2022042617410021-dry-concrete-slight.jpg,240,360,159.44027777777777,722.7377144953222,False,train
c:/Users/Rivan/Projects/AI_Grand_Prix/data/_hf_snapshot/test_50k/202204261742273-dry-concrete-severe.jpg,DRY,202204261742,dry,concrete,severe,202204261742273,87e8b7902da95fb9d7d6eadbc430fb57cfa8b57a4413698d8240d225353ef6b1,202204261742273-dry-concrete-severe.jpg,240,360,161.04054398148148,304.099385152901,False,train
c:/Users/Rivan/Projects/AI_Grand_Prix/data/_hf_snapshot/test_50k/202204261903174-dry-concrete-slight.jpg,DRY,202204261903,dry,concrete,slight,202204261903174,d3c6996154e3627eef1b6096a151cc477e121f12dfe51568583f3e718509ca99,202204261903174-dry-concrete-slight.jpg,240,360,181.2432175925926,186.62325820419667,False,train
c:/Users/Rivan/Projects/AI_Grand_Prix/data/_hf_snapshot/test_50k/202204261907482-dry-concrete-slight.jpg,DRY,202204261907,dry,concrete,slight,202204261907482,c15059ae74b086e41f0c254646d9cf58f527f4e2f1c50166393266301e04dd94,202204261907482-dry-concrete-slight.jpg,240,360,222.4836689814815,332.30277031678673,False,train
c:/Users/Rivan/Projects/AI_Grand_Prix/data/_hf_snapshot/test_50k/202204261908399-dry-concrete-slight.jpg,DRY,202204261908,dry,concrete,slight,202204261908399,ecbd4bcb87bd8e1018758a7fb923682c942eb8c03345d4763af410755783d8f7,202204261908399-dry-concrete-slight.jpg,240,360,147.14902777777777,1542.0279496204935,False,train
c:/Users/Rivan/Projects/AI_Grand_Prix/data/_hf_snapshot/test_50k/202204261912018-dry-concrete-severe.jpg,DRY,202204261912,dry,concrete,severe,202204261912018,4dc8cf4703ed3ccca86ad4277efef48159f1206542d32f33d093eda58237a7bb,202204261912018-dry-concrete-severe.jpg,240,360,209.09012731481482,716.9389564680856,False,train
c:/Users/Rivan/Projects/AI_Grand_Prix/data/_hf_snapshot/test_50k/202204261912064-dry-concrete-severe.jpg,DRY,202204261912,dry,concrete,severe,202204261912064,89732b317eb747f24b7d8c3e80efe897d8927c6adf80d4cf071f35e39314a0e6,202204261912064-dry-concrete-severe.jpg,240,360,214.94332175925925,216.4214935859,False,train
c:/Users/Rivan/Projects/AI_Grand_Prix/data/_hf_snapshot/test_50k/202204261913105-dry-concrete-slight.jpg,DRY,202204261913,dry,concrete,slight,202204261913105,2fd754a57fcdd6ed01e6e875f0c9524e446d2448f82fa789fd9a54d48915c0ab,202204261913105-dry-concrete-slight.jpg,240,360,231.8973263888889,92.20339687017747,False,train
c:/Users/Rivan/Projects/AI_Grand_Prix/data/_hf_snapshot/test_50k/202204261915418-dry-concrete-severe.jpg,DRY,202204261915,dry,concrete,severe,202204261915418,3ef8d12719e91c6f66aad5fce4077cf049f4c516b9a0e86edb15a1a645863c3e,202204261915418-dry-concrete-severe.jpg,240,360,156.03488425925926,162.0092213186675,False,train
c:/Users/Rivan/Projects/AI_Grand_Prix/data/_hf_snapshot/test_50k/202204261916535-dry-concrete-slight.jpg,DRY,202204261916,dry,concrete,slight,202204261916535,f82ebadf196f10a3b9d51755fd178e4839c82f42f13ad4da7080fedd0c4d426c,202204261916535-dry-concrete-slight.jpg,240,360,226.04626157407407,98.192047804007,False,train
c:/Users/Rivan/Projects/AI_Grand_Prix/data/_hf_snapshot/test_50k/202204261917312-dry-concrete-slight.jpg,DRY,202204261917,dry,concrete,slight,202204261917312,adf78b54f579443e2002588f42a2691e739bd65704cf5b1ca561534e5c858424,202204261917312-dry-concrete-slight.jpg,240,360,219.22893518518518,120.75276379123264,False,train
c:/Users/Rivan/Projects/AI_Grand_Prix/data/_hf_snapshot/test_50k/202204261918233-dry-concrete-slight.jpg,DRY,202204261918,dry,concrete,slight,202204261918233,bf3d0b6cf354ad12d32d028919b90757b2d62624a6d87afc890738ef1459864d,202204261918233-dry-concrete-slight.jpg,240,360,220.34672453703703,461.3216461928798,False,train
c:/Users/Rivan/Projects/AI_Grand_Prix/data/_hf_snapshot/test_50k/202204261920371-dry-concrete-severe.jpg,DRY,202204261920,dry,concrete,severe,202204261920371,9985f3360805bf203d089c22124c8791b2466e30e7f640f45e452c7c00d0862b,202204261920371-dry-concrete-severe.jpg,240,360,213.93711805555554,62.973457261525844,False,train
c:/Users/Rivan/Projects/AI_Grand_Prix/data/_hf_snapshot/test_50k/202204261922529-dry-concrete-slight.jpg,DRY,202204261922,dry,concrete,slight,202204261922529,24ea5768efd70f607761aaedc0e24b424912e61e0b824199873d5c6d55f48268,202204261922529-dry-concrete-slight.jpg,240,360,214.5296875,205.41403824253578,False,train
c:/Users/Rivan/Projects/AI_Grand_Prix/data/_hf_snapshot/test_50k/202204261923393-dry-concrete-severe.jpg,DRY,202204261923,dry,concrete,severe,202204261923393,a5646646c236f4bff3f519c4132443f190aff20e56638dedf5504f5c11b71f44,202204261923393-dry-concrete-severe.jpg,240,360,164.89672453703704,531.87538178155,False,train
c:/Users/Rivan/Projects/AI_Grand_Prix/data/_hf_snapshot/test_50k/202204261926353-dry-concrete-slight.jpg,DRY,202204261926,dry,concrete,slight,202204261926353,b98c37ec77c07136c234f50f4b36242f0c3ad302d33545d73115a7645b2bdf36,202204261926353-dry-concrete-slight.jpg,240,360,176.02408564814814,2484.0930790186417,False,train
c:/Users/Rivan/Projects/AI_Grand_Prix/data/_hf_snapshot/test_50k/2022042619270819-dry-concrete-slight.jpg,DRY,202204261927,dry,concrete,slight,2022042619270819,cbbf95a38e7cb3a735efa7340b5c5e2b212e560181d6fd245b6d59068caae4ed,2022042619270819-dry-concrete-slight.jpg,240,360,136.08068287037037,1630.8243150397325,False,train
c:/Users/Rivan/Projects/AI_Grand_Prix/data/_hf_snapshot/test_50k/2022042619282023-dry-concrete-severe.jpg,DRY,202204261928,dry,concrete,severe,2022042619282023,494e3d4a0a436f056f2fdf6334a5b913fbe6b52c4340bc8b05940d12c6990021,2022042619282023-dry-concrete-severe.jpg,240,360,136.89251157407406,1110.939406817853,False,train
c:/Users/Rivan/Projects/AI_Grand_Prix/data/_hf_snapshot/test_50k/2022042619300613-dry-concrete-severe.jpg,DRY,202204261930,dry,concrete,severe,2022042619300613,daac26aa5e7a0ea10a959fb64a4c96a0bfb734f84c6029af23e051e0ab9981fe,2022042619300613-dry-concrete-severe.jpg,240,360,137.5962037037037,350.88975684678815,False,train
c:/Users/Rivan/Projects/AI_Grand_Prix/data/_hf_snapshot/test_50k/202204261930345-dry-concrete-severe.jpg,DRY,202204261930,dry,concrete,severe,202204261930345,23ba3a1adf17a070ef952320c0e84a139884fcbd220db95bdf4f2d1ad23ddf0f,202204261930345-dry-concrete-severe.jpg,240,360,190.50118055555555,297.6102796584309,False,train
c:/Users/Rivan/Projects/AI_Grand_Prix/data/_hf_snapshot/test_50k/202204261938049-dry-concrete-severe.jpg,DRY,202204261938,dry,concrete,severe,202204261938049,c6f75e680805c62d5e36260e81ac106aa60eda3730ba7369d123ede77b606bf2,202204261938049-dry-concrete-severe.jpg,240,360,219.92166666666665,427.8327031871571,False,train
c:/Users/Rivan/Projects/AI_Grand_Prix/data/_hf_snapshot/test_50k/202204262003145-dry-asphalt-slight.jpg,DRY,202204262003,dry,asphalt,slight,202204262003145,621fb3c3385bfcff564fd6e95ae69edce9e3ababa5cf095521584b676d3ef7f2,202204262003145-dry-asphalt-slight.jpg,240,360,222.43847222222223,144.08337964557077,False,train
c:/Users/Rivan/Projects/AI_Grand_Prix/data/_hf_snapshot/test_50k/202204262017183-dry-asphalt-slight.jpg,DRY,202204262017,dry,asphalt,slight,202204262017183,8e0ee8b50557c1eae41b2d6ad822c14fdd50348b261859010f11464d2e2d7060,202204262017183-dry-asphalt-slight.jpg,240,360,198.4099652777778,5877.821486977962,False,train
c:/Users/Rivan/Projects/AI_Grand_Prix/data/_hf_snapshot/test_50k/202204262019271-dry-asphalt-slight.jpg,DRY,202204262019,dry,asphalt,slight,202204262019271,900de9db4a6723df8f9a30e62c642e2b1acc79fe04d17caa28d8b45553961009,202204262019271-dry-asphalt-slight.jpg,240,360,167.71633101851853,309.42499288194443,False,train
c:/Users/Rivan/Projects/AI_Grand_Prix/data/_hf_snapshot/test_50k/202204262020086-dry-asphalt-slight.jpg,DRY,202204262020,dry,asphalt,slight,202204262020086,92c753f13ebc227845cefa2ee5b829efdf2ef58a8db39e863f8faeb9b3f6f101,202204262020086-dry-asphalt-slight.jpg,240,360,171.1962384259259,6867.175983264613,False,train
c:/Users/Rivan/Projects/AI_Grand_Prix/data/_hf_snapshot/test_50k/202204262023573-dry-concrete-severe.jpg,DRY,202204262023,dry,concrete,severe,202204262023573,53717e0be0759f7a6dd19f72fcf8970a359cd4a58652bd65ddf7af9208d83ec3,202204262023573-dry-concrete-severe.jpg,240,360,210.5592939814815,619.5820469552416,False,train
c:/Users/Rivan/Projects/AI_Grand_Prix/data/_hf_snapshot/test_50k/2022042620264110-dry-concrete-severe.jpg,DRY,202204262026,dry,concrete,severe,2022042620264110,7ad286c7f548a52530c3ee34906072ccd4027c1af6751f1e7ae6a5b9994326ca,2022042620264110-dry-concrete-severe.jpg,240,360,198.25547453703703,144.99894539274155,False,train
c:/Users/Rivan/Projects/AI_Grand_Prix/data/_hf_snapshot/test_50k/202204262028259-dry-asphalt-severe.jpg,DRY,202204262028,dry,asphalt,severe,202204262028259,f4217e5186114b801b4903a5c0b5c47c31a265beb47a10e51906eee6387bc576,202204262028259-dry-asphalt-severe.jpg,240,360,194.81207175925925,219.9559841478052,False,train
c:/Users/Rivan/Projects/AI_Grand_Prix/data/_hf_snapshot/test_50k/202204262042364-dry-concrete-severe.jpg,DRY,202204262042,dry,concrete,severe,202204262042364,146848e2fb0e767b40420f195ab85f74dffe0b3418b817f4c5a2c12692555af2,202204262042364-dry-concrete-severe.jpg,240,360,207.01519675925925,1903.3062422838166,False,train
c:/Users/Rivan/Projects/AI_Grand_Prix/data/_hf_snapshot/test_50k/2022042620440819-dry-concrete-severe.jpg,DRY,202204262044,dry,concrete,severe,2022042620440819,975ce98380f15dcdf9873ca75e090654ea987af5f2803cd562ccdbb0bda82047,2022042620440819-dry-concrete-severe.jpg,240,360,216.35756944444444,1071.5039397376545,False,train
c:/Users/Rivan/Projects/AI_Grand_Prix/data/_hf_snapshot/test_50k/202204262045429-dry-concrete-severe.jpg,DRY,202204262045,dry,concrete,severe,202204262045429,76a66f836b9c3574988860962e04a7dbb0c15554c027db207b25e188835acb1e,202204262045429-dry-concrete-severe.jpg,240,360,205.11394675925925,2056.3608304778595,False,train
c:/Users/Rivan/Projects/AI_Grand_Prix/data/_hf_snapshot/test_50k/202204262125064-dry-concrete-severe.jpg,DRY,202204262125,dry,concrete,severe,202204262125064,f980aa21cd1913c03f62eb37140b5a1cc800ab55100afca1b85fc09d89c54a61,202204262125064-dry-concrete-severe.jpg,240,360,198.48766203703704,346.0609074490687,False,train
c:/Users/Rivan/Projects/AI_Grand_Prix/data/_hf_snapshot/test_50k/2022042621254620-dry-concrete-severe.jpg,DRY,202204262125,dry,concrete,severe,2022042621254620,1b0c60d63a46b49cdeec79397520b81d0a50a45dec0a0d9cd23cc3549225953f,2022042621254620-dry-concrete-severe.jpg,240,360,200.2422337962963,413.70781227481456,False,train
c:/Users/Rivan/Projects/AI_Grand_Prix/data/_hf_snapshot/test_50k/202204262126091-dry-concrete-severe.jpg,DRY,202204262126,dry,concrete,severe,202204262126091,29086b3a650e8c0609b6265075a38e032d1b6301855f0fff1f7c7cd764d69236,202204262126091-dry-concrete-severe.jpg,240,360,205.6638425925926,1272.9632845184701,False,train
c:/Users/Rivan/Projects/AI_Grand_Prix/data/_hf_snapshot/test_50k/2022042621262214-dry-concrete-severe.jpg,DRY,202204262126,dry,concrete,severe,2022042621262214,1691c1c562f7ffa44fba1dce4ed803dd9b4ea6f9da91576ca8680df085790582,2022042621262214-dry-concrete-severe.jpg,240,360,208.36681712962962,1307.5996631296082,False,train
c:/Users/Rivan/Projects/AI_Grand_Prix/data/_hf_snapshot/test_50k/202204262126568-dry-concrete-severe.jpg,DRY,202204262126,dry,concrete,severe,202204262126568,c7004741c93c0a4ef65d55c5e963c38592168c52f64c3c3eafdf7a483a21d65f,202204262126568-dry-concrete-severe.jpg,240,360,211.31423611111111,184.57174845464675,False,train
c:/Users/Rivan/Projects/AI_Grand_Prix/data/_hf_snapshot/test_50k/2022042621285516-dry-concrete-slight.jpg,DRY,202204262128,dry,concrete,slight,2022042621285516,4786a27747f920e471a256c1608fe69d2b6a23278c6bf30d1693788025a9d8e1,2022042621285516-dry-concrete-slight.jpg,240,360,203.58313657407408,1175.8741628085081,False,train
c:/Users/Rivan/Projects/AI_Grand_Prix/data/_hf_snapshot/test_50k/202204262129292-dry-concrete-severe.jpg,DRY,202204262129,dry,concrete,severe,202204262129292,9fa47327e9265e88cecab153a297fac9cb0600cdcceccb02671de52d642127ab,202204262129292-dry-concrete-severe.jpg,240,360,205.39049768518518,1513.009871671248,False,train
c:/Users/Rivan/Projects/AI_Grand_Prix/data/_hf_snapshot/test_50k/202204262130385-dry-concrete-severe.jpg,DRY,202204262130,dry,concrete,severe,202204262130385,85b749460ea6b493025b3f2e046f7073bcd0fdff4c5d2838990a975a781937b0,202204262130385-dry-concrete-severe.jpg,240,360,190.1035300925926,1718.7052519706738,False,train
c:/Users/Rivan/Projects/AI_Grand_Prix/data/_hf_snapshot/test_50k/202204262131321-dry-concrete-severe.jpg,DRY,202204262131,dry,concrete,severe,202204262131321,ad6174985b341ea2e3fbcdac91cce76e9caa80e322204dbef022876e8a6f664d,202204262131321-dry-concrete-severe.jpg,240,360,198.58083333333335,2869.8873472173996,False,train
c:/Users/Rivan/Projects/AI_Grand_Prix/data/_hf_snapshot/test_50k/2022042621464417-dry-concrete-severe.jpg,DRY,202204262146,dry,concrete,severe,2022042621464417,880e87f5d21cea579787f6fbae18f420f0798e3a3709e2edfc45ce948f6f4a2e,2022042621464417-dry-concrete-severe.jpg,240,360,190.9316550925926,486.2240528537326,False,train
c:/Users/Rivan/Projects/AI_Grand_Prix/data/_hf_snapshot/test_50k/2022042621485618-dry-concrete-severe.jpg,DRY,202204262148,dry,concrete,severe,2022042621485618,02e0774b90564bc52783f496897fd5cbea57580cfc06d804a7fa103310d8168b,2022042621485618-dry-concrete-severe.jpg,240,360,194.87893518518518,2160.8045792597686,False,train
c:/Users/Rivan/Projects/AI_Grand_Prix/data/_hf_snapshot/test_50k/202204262149111-dry-concrete-severe.jpg,DRY,202204262149,dry,concrete,severe,202204262149111,38e976a6af2df6f3b499d92d5a08184e44f7b22089c7a53351b1e1c970260cda,202204262149111-dry-concrete-severe.jpg,240,360,191.5612152777778,2198.089585405816,False,train
c:/Users/Rivan/Projects/AI_Grand_Prix/data/_hf_snapshot/test_50k/2022042621495316-dry-concrete-severe.jpg,DRY,202204262149,dry,concrete,severe,2022042621495316,d1f32b8a238676deedd2ccea99b3799f1570dfb53c9b2bdd2d7f577b19881996,2022042621495316-dry-concrete-severe.jpg,240,360,194.57057870370372,64.0522771185646,False,train
c:/Users/Rivan/Projects/AI_Grand_Prix/data/_hf_snapshot/test_50k/2022042621500518-dry-concrete-severe.jpg,DRY,202204262150,dry,concrete,severe,2022042621500518,45344eba518323b27864f52c3e0c7be814181687d2298459808f6edcb1636a3b,2022042621500518-dry-concrete-severe.jpg,240,360,187.4702199074074,2171.878375626795,False,train
c:/Users/Rivan/Projects/AI_Grand_Prix/data/_hf_snapshot/test_50k/202204262159123-dry-concrete-severe.jpg,DRY,202204262159,dry,concrete,severe,202204262159123,1708250817e8b365686b3a4b9ad7987ec1d0ff79da90aca998314072bb4287f2,202204262159123-dry-concrete-severe.jpg,240,360,197.85571759259258,4049.804443104852,False,train
c:/Users/Rivan/Projects/AI_Grand_Prix/data/_hf_snapshot/test_50k/202204262211116-dry-concrete-slight.jpg,DRY,202204262211,dry,concrete,slight,202204262211116,e2513982d075d1e8f531eadf315d2c964cf7b51a1c97e1408fec14f9131dc76f,202204262211116-dry-concrete-slight.jpg,240,360,205.54975694444445,89.25447309978887,False,train
c:/Users/Rivan/Projects/AI_Grand_Prix/data/_hf_snapshot/test_50k/202204262228443-dry-concrete-severe.jpg,DRY,202204262228,dry,concrete,severe,202204262228443,dd66f4e67eb3077cae48fea47331648aa87be57bee4165286560f69504ad903c,202204262228443-dry-concrete-severe.jpg,240,360,193.65766203703703,3596.250654183814,False,train
c:/Users/Rivan/Projects/AI_Grand_Prix/data/_hf_snapshot/test_50k/202204262242411-dry-asphalt-slight.jpg,DRY,202204262242,dry,asphalt,slight,202204262242411,d8ee3b0bcf17d1152de6e08e8d97b2dfc0a728de262b47efb82e1f7f0ef482dd,202204262242411-dry-asphalt-slight.jpg,240,360,178.8290625,1661.0069710214118,False,train
c:/Users/Rivan/Projects/AI_Grand_Prix/data/_hf_snapshot/test_50k/202204271048238-dry-asphalt-severe.jpg,DRY,202204271048,dry,asphalt,severe,202204271048238,491a4eedbb65b277c019bf9ca0320247279c2e4f7ce3e1c8dcb26c9bb3a367ea,202204271048238-dry-asphalt-severe.jpg,240,360,186.55873842592592,1044.4286274171598,False,train
c:/Users/Rivan/Projects/AI_Grand_Prix/data/_hf_snapshot/test_50k/2022042710560913-dry-asphalt-severe.jpg,DRY,202204271056,dry,asphalt,severe,2022042710560913,a8947414f6b35d56a6f8ed89caea0f2d2e494adfcb5fabb9fb7e86bbec7ef796,2022042710560913-dry-asphalt-severe.jpg,240,360,200.67505787037038,1431.5417512854724,False,train
c:/Users/Rivan/Projects/AI_Grand_Prix/data/_hf_snapshot/test_50k/202204271057411-dry-asphalt-slight.jpg,DRY,202204271057,dry,asphalt,slight,202204271057411,70c641c25b64ce9c4d5ba60f3f5d3117919147d5233557636642d266e3fe5812,202204271057411-dry-asphalt-slight.jpg,240,360,164.06543981481482,398.6838586514864,False,train
c:/Users/Rivan/Projects/AI_Grand_Prix/data/_hf_snapshot/test_50k/202204271154234-dry-asphalt-severe.jpg,DRY,202204271154,dry,asphalt,severe,202204271154234,dc5990bcaaf1d93e9d4ac7746980145e5d7b09ddd3fb1482a7029eaeed35d8f4,202204271154234-dry-asphalt-severe.jpg,240,360,209.13974537037038,458.82432279610333,False,train
c:/Users/Rivan/Projects/AI_Grand_Prix/data/_hf_snapshot/test_50k/2022042712033811-dry-concrete-slight.jpg,DRY,202204271203,dry,concrete,slight,2022042712033811,7ffc0e2cf50e96224d96eb3d4da0783ed0e1a34180875614efdfa90cf7abae4c,2022042712033811-dry-concrete-slight.jpg,240,360,213.11755787037038,17.579752057479208,False,train
c:/Users/Rivan/Projects/AI_Grand_Prix/data/_hf_snapshot/test_50k/202204271204561-dry-concrete-severe.jpg,DRY,202204271204,dry,concrete,severe,202204271204561,72f6feb20696d4d76de0551cf43004fb7d46593fce1391c400e674024867d686,202204271204561-dry-concrete-severe.jpg,240,360,208.5631712962963,245.00274444752554,False,train
c:/Users/Rivan/Projects/AI_Grand_Prix/data/_hf_snapshot/test_50k/2022042712052016-dry-concrete-severe.jpg,DRY,202204271205,dry,concrete,severe,2022042712052016,0f1fce34f919f41d1a1b20d9f2a368f5841e4801e3873f74bb6e7eb6eed3ef2b,2022042712052016-dry-concrete-severe.jpg,240,360,210.1472222222222,996.8615651201077,False,train
c:/Users/Rivan/Projects/AI_Grand_Prix/data/_hf_snapshot/test_50k/202204271214494-dry-concrete-severe.jpg,DRY,202204271214,dry,concrete,severe,202204271214494,5d1daa26ec5ee176a8ed551b77888697d839b079bf4695c7ee829a054b8657d6,202204271214494-dry-concrete-severe.jpg,240,360,192.85547453703703,138.64296970111025,False,train
c:/Users/Rivan/Projects/AI_Grand_Prix/data/_hf_snapshot/test_50k/202204271220483-dry-concrete-severe.jpg,DRY,202204271220,dry,concrete,severe,202204271220483,1920a3c09b3aa020fa9ca2d26a8c4f35faba27bc598fd080db5a7bd0eb70d7df,202204271220483-dry-concrete-severe.jpg,240,360,204.15626157407408,198.3386527006173,False,train
c:/Users/Rivan/Projects/AI_Grand_Prix/data/_hf_snapshot/test_50k/202204271226021-dry-concrete-severe.jpg,DRY,202204271226,dry,concrete,severe,202204271226021,7795c386aac95a298e44152ca7fd1e71710a75250a4aef4d964e7fee16369c04,202204271226021-dry-concrete-severe.jpg,240,360,208.2116435185185,2209.7437465229555,False,train
c:/Users/Rivan/Projects/AI_Grand_Prix/data/_hf_snapshot/test_50k/2022042712270924-dry-concrete-slight.jpg,DRY,202204271227,dry,concrete,slight,2022042712270924,4335b68f836cf61fbb4c5d731e3c7933b1cebeeb69b8f8b8c8c4f97880ff8ff7,2022042712270924-dry-concrete-slight.jpg,240,360,219.6513310185185,113.16740840392983,False,train
c:/Users/Rivan/Projects/AI_Grand_Prix/data/_hf_snapshot/test_50k/202204271231365-dry-concrete-severe.jpg,DRY,202204271231,dry,concrete,severe,202204271231365,d84d7760b397923101c85695f9d15440dc99c5c2f0a062990aea0487a4ddbf16,202204271231365-dry-concrete-severe.jpg,240,360,188.20283564814815,462.4430389434103,False,train
c:/Users/Rivan/Projects/AI_Grand_Prix/data/_hf_snapshot/test_50k/202204271233211-dry-concrete-severe.jpg,DRY,202204271233,dry,concrete,severe,202204271233211,7d28706a2be7d817794d3ed329513f6a186b380c92bd222b5318822709f7e17a,202204271233211-dry-concrete-severe.jpg,240,360,198.61402777777778,1959.9803959457251,False,train
c:/Users/Rivan/Projects/AI_Grand_Prix/data/_hf_snapshot/test_50k/202204271233544-dry-concrete-severe.jpg,DRY,202204271233,dry,concrete,severe,202204271233544,061e0e48eacba8543a6b5642f61a6a8c5d176b10c52695370903b0715fe4cd0a,202204271233544-dry-concrete-severe.jpg,240,360,189.19846064814814,577.6741655730239,False,train
c:/Users/Rivan/Projects/AI_Grand_Prix/data/_hf_snapshot/test_50k/202204271236526-dry-concrete-severe.jpg,DRY,202204271236,dry,concrete,severe,202204271236526,d6bef03aaf020b7d4c83dd8a3f001b15d348a7d40ebae04d8731009302adaa5b,202204271236526-dry-concrete-severe.jpg,240,360,204.20185185185184,273.8680621397838,False,train
c:/Users/Rivan/Projects/AI_Grand_Prix/data/_hf_snapshot/test_50k/202204271238107-dry-concrete-slight.jpg,DRY,202204271238,dry,concrete,slight,202204271238107,99934daa29f65b614fcfc90a0d9ff09fb7a5dc613c57e587ff280ccc69d5d2a0,202204271238107-dry-concrete-slight.jpg,240,360,211.62391203703703,150.41402765721452,False,train
c:/Users/Rivan/Projects/AI_Grand_Prix/data/_hf_snapshot/test_50k/202204271240492-dry-concrete-severe.jpg,DRY,202204271240,dry,concrete,severe,202204271240492,4acd5bdcffd03a96c867a6694c11602b6237857baf70c1f77dea707ebe62266e,202204271240492-dry-concrete-severe.jpg,240,360,201.0361111111111,1596.3505730366942,False,train
c:/Users/Rivan/Projects/AI_Grand_Prix/data/_hf_snapshot/test_50k/202204271241133-dry-concrete-slight.jpg,DRY,202204271241,dry,concrete,slight,202204271241133,51aed6031f58229a28c03edd694868318fd5850832ae7d2c514e0403f59a43e2,202204271241133-dry-concrete-slight.jpg,240,360,185.08796296296296,606.938703253065,False,train
c:/Users/Rivan/Projects/AI_Grand_Prix/data/_hf_snapshot/test_50k/2022042713162811-dry-asphalt-slight.jpg,DRY,202204271316,dry,asphalt,slight,2022042713162811,65eaa262884e7c10104ab4b6e9c18201c4baaf2ed274d28969728e87c3ff28de,2022042713162811-dry-asphalt-slight.jpg,240,360,115.46038194444445,2954.5399767612957,False,train
c:/Users/Rivan/Projects/AI_Grand_Prix/data/_hf_snapshot/test_50k/202204271333166-dry-concrete-severe.jpg,DRY,202204271333,dry,concrete,severe,202204271333166,cbc60daee650e2072c872ff4e4cb016c169e2c0a13b94e4beebf344fa82ef0ef,202204271333166-dry-concrete-severe.jpg,240,360,205.25796296296295,377.7076168872975,False,train
c:/Users/Rivan/Projects/AI_Grand_Prix/data/_hf_snapshot/test_50k/202204271333502-dry-concrete-severe.jpg,DRY,202204271333,dry,concrete,severe,202204271333502,aa9acc6b8cc4c6ddc44ff73b7139b762e4db84bfabe20186655e34652462dacf,202204271333502-dry-concrete-severe.jpg,240,360,204.42653935185186,261.5170774257331,False,train
c:/Users/Rivan/Projects/AI_Grand_Prix/data/_hf_snapshot/test_50k/202204271334266-dry-concrete-severe.jpg,DRY,202204271334,dry,concrete,severe,202204271334266,d72f99291fcf4f1a1560d83737dae2b90faacf983195d1ee20b9a0d7fe99143b,202204271334266-dry-concrete-severe.jpg,240,360,210.65502314814816,13.558223845673654,False,train
c:/Users/Rivan/Projects/AI_Grand_Prix/data/_hf_snapshot/test_50k/202204271337212-dry-concrete-slight.jpg,DRY,202204271337,dry,concrete,slight,202204271337212,c4d7953008791481b720e1e4965a5067db235bc24cedca3df0f99ae2bc0c9e25,202204271337212-dry-concrete-slight.jpg,240,360,205.39243055555556,340.5122662674683,False,train
c:/Users/Rivan/Projects/AI_Grand_Prix/data/_hf_snapshot/test_50k/202204271338404-dry-concrete-slight.jpg,DRY,202204271338,dry,concrete,slight,202204271338404,2206f4bd9fe95875b51357e0efab6fceb6afb41c182975005eef93db02fe5a5b,202204271338404-dry-concrete-slight.jpg,240,360,211.2677662037037,238.15581736419222,False,train
c:/Users/Rivan/Projects/AI_Grand_Prix/data/_hf_snapshot/test_50k/202204271338598-dry-concrete-slight.jpg,DRY,202204271338,dry,concrete,slight,202204271338598,9e29ff2b59d7605f712319d3067c648c95c63e538f0825dda8c3c146bd059c64,202204271338598-dry-concrete-slight.jpg,240,360,212.9482986111111,1975.8242592687704,False,train
c:/Users/Rivan/Projects/AI_Grand_Prix/data/_hf_snapshot/test_50k/202204271339524-dry-concrete-slight.jpg,DRY,202204271339,dry,concrete,slight,202204271339524,29a5b8fca9a3baf811544f006e19606b410192866f2b7ab10ebcf11caf54f639,202204271339524-dry-concrete-slight.jpg,240,360,155.9836226851852,2586.8592733919536,False,train
c:/Users/Rivan/Projects/AI_Grand_Prix/data/_hf_snapshot/test_50k/202204271341482-dry-concrete-severe.jpg,DRY,202204271341,dry,concrete,severe,202204271341482,2e6cebefd7ca93ac613cd4ab98e43168a543203b88d382cfa8c0bde9ba080681,202204271341482-dry-concrete-severe.jpg,240,360,206.96841435185186,421.53548229046095,False,train
c:/Users/Rivan/Projects/AI_Grand_Prix/data/_hf_snapshot/test_50k/202204271342303-dry-concrete-slight.jpg,DRY,202204271342,dry,concrete,slight,202204271342303,6d633c15b3aca280c2f5fe5e51d6d23a04fc5ef4d5d086e6d54af6cd1f0252c8,202204271342303-dry-concrete-slight.jpg,240,360,207.49427083333333,353.35472193876456,False,train
c:/Users/Rivan/Projects/AI_Grand_Prix/data/_hf_snapshot/test_50k/202204271342304-dry-concrete-slight.jpg,DRY,202204271342,dry,concrete,slight,202204271342304,a6c1237c7ab9956cadab193c42aade5daad232c8610a2ae24d2179943509ce14,202204271342304-dry-concrete-slight.jpg,240,360,209.88626157407407,188.5869470078875,False,train
c:/Users/Rivan/Projects/AI_Grand_Prix/data/_hf_snapshot/test_50k/202204271342534-dry-concrete-severe.jpg,DRY,202204271342,dry,concrete,severe,202204271342534,c63e8a8b4772cde76240610cf67b2f1fad69313d22a39bdc1ebdb83d170baf40,202204271342534-dry-concrete-severe.jpg,240,360,208.11813657407407,68.55011099845143,False,train
c:/Users/Rivan/Projects/AI_Grand_Prix/data/_hf_snapshot/test_50k/202204271353283-dry-concrete-slight.jpg,DRY,202204271353,dry,concrete,slight,202204271353283,4e7a3ba122dd9fa2dea3576959e3f05367aa888d29c83fefd9a0a5c4784651bd,202204271353283-dry-concrete-slight.jpg,240,360,216.3712847222222,826.1158638587481,False,train
c:/Users/Rivan/Projects/AI_Grand_Prix/data/_hf_snapshot/test_50k/2022042713554912-dry-concrete-slight.jpg,DRY,202204271355,dry,concrete,slight,2022042713554912,754642187c13adac7ea2ab0284d0aa73021baeffa2cc3cc1f41bb1eb9c2c8da3,2022042713554912-dry-concrete-slight.jpg,240,360,213.59288194444446,99.90131429826819,False,train
c:/Users/Rivan/Projects/AI_Grand_Prix/data/_hf_snapshot/test_50k/202204271406231-dry-concrete-smooth.jpg,DRY,202204271406,dry,concrete,smooth,202204271406231,715920bc2625ea73fc75d6ad2c29cc2821e0226d27435c510376031d6e967b53,202204271406231-dry-concrete-smooth.jpg,240,360,226.64542824074073,31.14325842281807,False,train
c:/Users/Rivan/Projects/AI_Grand_Prix/data/_hf_snapshot/test_50k/202204271409321-dry-concrete-slight.jpg,DRY,202204271409,dry,concrete,slight,202204271409321,79ed76c45085c786c9b6a9d69b6e653d45f0fc809a20fa9a4638d0430159c30b,202204271409321-dry-concrete-slight.jpg,240,360,205.12259259259258,27.495796517998755,False,train
c:/Users/Rivan/Projects/AI_Grand_Prix/data/_hf_snapshot/test_50k/202204271422392-dry-concrete-severe.jpg,DRY,202204271422,dry,concrete,severe,202204271422392,6009ead9d7f3cb687cb2b9c4b457e7f066a5fa8d71ec92b6c0b43056def4206c,202204271422392-dry-concrete-severe.jpg,240,360,208.27519675925927,137.59072004123263,False,train
c:/Users/Rivan/Projects/AI_Grand_Prix/data/_hf_snapshot/test_50k/202204271422398-dry-concrete-severe.jpg,DRY,202204271422,dry,concrete,severe,202204271422398,406c289df5ed061f225d36baeb123eca618558056144aaacc989739931e1d986,202204271422398-dry-concrete-severe.jpg,240,360,218.9045023148148,141.2695249807099,False,train
c:/Users/Rivan/Projects/AI_Grand_Prix/data/_hf_snapshot/test_50k/2022042714242212-dry-concrete-severe.jpg,DRY,202204271424,dry,concrete,severe,2022042714242212,c2005e5f056a9b376935cc9f23a076bfa61d0976ceca22479065248afefde40e,2022042714242212-dry-concrete-severe.jpg,240,360,216.73043981481482,342.261561341387,False,train
c:/Users/Rivan/Projects/AI_Grand_Prix/data/_hf_snapshot/test_50k/2022042714251911-dry-concrete-severe.jpg,DRY,202204271425,dry,concrete,severe,2022042714251911,31f3726fe5bd90c9bcca4f9edddb866c24f14b98a27dc95fe0dc519ab4349111,2022042714251911-dry-concrete-severe.jpg,240,360,212.00153935185185,194.5552037132148,False,train
c:/Users/Rivan/Projects/AI_Grand_Prix/data/_hf_snapshot/test_50k/202204271425192-dry-concrete-severe.jpg,DRY,202204271425,dry,concrete,severe,202204271425192,195f2df73f16018a8064961155b5b9a11ce603d6a6817d1d812f4e55f0e2a617,202204271425192-dry-concrete-severe.jpg,240,360,213.62693287037038,87.68874996570644,False,train
c:/Users/Rivan/Projects/AI_Grand_Prix/data/_hf_snapshot/test_50k/202204271426155-dry-concrete-severe.jpg,DRY,202204271426,dry,concrete,severe,202204271426155,e7aed8110b388651b378d344234d6776d2d780727593f14b6d0ea7e574b0574a,202204271426155-dry-concrete-severe.jpg,240,360,209.90203703703705,33.827276175491896,False,train
c:/Users/Rivan/Projects/AI_Grand_Prix/data/_hf_snapshot/test_50k/2022042714270311-dry-concrete-severe.jpg,DRY,202204271427,dry,concrete,severe,2022042714270311,18d9d82280dc4064f53f8cee54fab45b1b5e8b9f7ca082649f3397a10553284b,2022042714270311-dry-concrete-severe.jpg,240,360,221.02797453703704,46.767578857890726,False,train
c:/Users/Rivan/Projects/AI_Grand_Prix/data/_hf_snapshot/test_50k/202204271427036-dry-concrete-severe.jpg,DRY,202204271427,dry,concrete,severe,202204271427036,96e1aefd45dce262b78b19f2481142177c4daf19bef50805ab041fc4e1891876,202204271427036-dry-concrete-severe.jpg,240,360,204.49402777777777,16.02364285930534,False,train
c:/Users/Rivan/Projects/AI_Grand_Prix/data/_hf_snapshot/test_50k/202204271451512-dry-concrete-severe.jpg,DRY,202204271451,dry,concrete,severe,202204271451512,35b2a9d1bfa625f5a81b12734ce99c90dc04676ba2721f5e7f762906fffb5d75,202204271451512-dry-concrete-severe.jpg,240,360,202.88890046296297,96.57736255773642,False,train
c:/Users/Rivan/Projects/AI_Grand_Prix/data/_hf_snapshot/test_50k/202204271452057-dry-concrete-severe.jpg,DRY,202204271452,dry,concrete,severe,202204271452057,3636fccbb08123d2206a072ec4c6686b06926b389cd3f022bf2f4d966738d780,202204271452057-dry-concrete-severe.jpg,240,360,211.9327662037037,75.37780088252315,False,train
c:/Users/Rivan/Projects/AI_Grand_Prix/data/_hf_snapshot/test_50k/202204271453597-dry-concrete-severe.jpg,DRY,202204271453,dry,concrete,severe,202204271453597,b2901df8adea363bf718b7500bb60c95eedd621ccde2e00054ac6108259ad67e,202204271453597-dry-concrete-severe.jpg,240,360,216.02461805555555,264.6213025493774,False,train
c:/Users/Rivan/Projects/AI_Grand_Prix/data/_hf_snapshot/test_50k/202204271456185-dry-concrete-severe.jpg,DRY,202204271456,dry,concrete,severe,202204271456185,ed4a1f7abc6cc786c73c49f8e1f2b861cddb1cca9e8d86ffbd5f7540a5b337a8,202204271456185-dry-concrete-severe.jpg,240,360,190.36609953703703,141.87775459533609,False,train
c:/Users/Rivan/Projects/AI_Grand_Prix/data/_hf_snapshot/test_50k/2022042715020113-dry-concrete-severe.jpg,DRY,202204271502,dry,concrete,severe,2022042715020113,93c946d25df9b2a8d55b5ae518c0f34b459c96d08fadbc69405717b1166992f3,2022042715020113-dry-concrete-severe.jpg,240,360,214.2682175925926,255.85419660373265,False,train
c:/Users/Rivan/Projects/AI_Grand_Prix/data/_hf_snapshot/test_50k/2022042715041610-dry-concrete-severe.jpg,DRY,202204271504,dry,concrete,severe,2022042715041610,ed78644921a2053c0858f5a1bf48bb16271bfac2b8fad84597d15d48b99f772b,2022042715041610-dry-concrete-severe.jpg,240,360,209.4687962962963,248.25218462242262,False,train
c:/Users/Rivan/Projects/AI_Grand_Prix/data/_hf_snapshot/test_50k/202204271505003-dry-concrete-slight.jpg,DRY,202204271505,dry,concrete,slight,202204271505003,ca8cd51b6be89a2c94c5bdb4cfc8c8beeb945350b574eb0d6fd89e22877d9e87,202204271505003-dry-concrete-slight.jpg,240,360,216.33447916666665,377.4468760983314,False,train
c:/Users/Rivan/Projects/AI_Grand_Prix/data/_hf_snapshot/test_50k/202204271507359-dry-concrete-severe.jpg,DRY,202204271507,dry,concrete,severe,202204271507359,0950b3dd0ea563e431e355f6d1fd6d05562e218a713f525275c21f3f62c84e85,202204271507359-dry-concrete-severe.jpg,240,360,195.72012731481482,86.85307527434841,False,train
c:/Users/Rivan/Projects/AI_Grand_Prix/data/_hf_snapshot/test_50k/202204271508033-dry-concrete-severe.jpg,DRY,202204271508,dry,concrete,severe,202204271508033,1d44f021a413a3efe7af56506951958f97101a6aa83a830ed0e695be259f444f,202204271508033-dry-concrete-severe.jpg,240,360,204.78712962962962,584.017182868227,False,train
c:/Users/Rivan/Projects/AI_Grand_Prix/data/_hf_snapshot/test_50k/202204281956006-water-asphalt-smooth.jpg,WET,202204281956,water,asphalt,smooth,202204281956006,5d9c52090bce438478a15239fcbb4a11e58f6d713928bd5622fd0a16699ad324,202204281956006-water-asphalt-smooth.jpg,240,360,108.6121875,188.61312110969115,False,train
c:/Users/Rivan/Projects/AI_Grand_Prix/data/_hf_snapshot/test_50k/202204282010004-water-asphalt-smooth.jpg,WET,202204282010,water,asphalt,smooth,202204282010004,4156311f53b4c7e340fab5f8db41127862d7df20e4e6390deeba00a00502b1fc,202204282010004-water-asphalt-smooth.jpg,240,360,80.39447916666667,324.8159027937189,False,train
c:/Users/Rivan/Projects/AI_Grand_Prix/data/_hf_snapshot/test_50k/202204282016182-water-asphalt-smooth.jpg,WET,202204282016,water,asphalt,smooth,202204282016182,6d88ef8447d28dda110d9abe0d4d479437bd2ceff13c4fb5aa355c235fe96280,202204282016182-water-asphalt-smooth.jpg,240,360,121.87478009259259,1143.8561456692332,False,train
c:/Users/Rivan/Projects/AI_Grand_Prix/data/_hf_snapshot/test_50k/202204282017061-water-asphalt-smooth.jpg,WET,202204282017,water,asphalt,smooth,202204282017061,7a0155247e649fc3205db9c0b89c09f42d1e62706451edf3f079abf09a033f3c,202204282017061-water-asphalt-smooth.jpg,240,360,149.80369212962964,1064.6495098153239,False,train
c:/Users/Rivan/Projects/AI_Grand_Prix/data/_hf_snapshot/test_50k/202204282035122-wet-asphalt-slight.jpg,DAMP,202204282035,wet,asphalt,slight,202204282035122,e2b488b69b0a0eb3c6a0f18acbb00486591a82ad6f59c8c4a17084b4df60f080,202204282035122-wet-asphalt-slight.jpg,240,360,118.2797337962963,1210.6133000352313,False,train
c:/Users/Rivan/Projects/AI_Grand_Prix/data/_hf_snapshot/test_50k/202204282105226-wet-asphalt-severe.jpg,DAMP,202204282105,wet,asphalt,severe,202204282105226,86404c979595f4e0432255a33a5c19336926dd6c7b25c16c3adfa7ebca5c9ce3,202204282105226-wet-asphalt-severe.jpg,240,360,115.08839120370371,167.9038078670214,False,train
c:/Users/Rivan/Projects/AI_Grand_Prix/data/_hf_snapshot/test_50k/202204282105335-wet-asphalt-severe.jpg,DAMP,202204282105,wet,asphalt,severe,202204282105335,d3c9eb3fb656437dc5de39e5c1b72a2e8b0585329e95f72e877a011ef88a8d5a,202204282105335-wet-asphalt-severe.jpg,240,360,102.80056712962963,101.28858461880573,False,train
c:/Users/Rivan/Projects/AI_Grand_Prix/data/_hf_snapshot/test_50k/202204282106133-wet-asphalt-severe.jpg,DAMP,202204282106,wet,asphalt,severe,202204282106133,7feef7a4e3898036044d2d774f5534f5729133cfbd6c3360b76d072233e47388,202204282106133-wet-asphalt-severe.jpg,240,360,100.72740740740741,332.72339746964485,False,train
c:/Users/Rivan/Projects/AI_Grand_Prix/data/_hf_snapshot/test_50k/202204282106134-wet-asphalt-severe.jpg,DAMP,202204282106,wet,asphalt,severe,202204282106134,072741915a5a2b94a6055fa249996ada22fcd359b092b8b492885bf5cc1bbfcd,202204282106134-wet-asphalt-severe.jpg,240,360,106.10405092592593,404.4494057129576,False,train
c:/Users/Rivan/Projects/AI_Grand_Prix/data/_hf_snapshot/test_50k/202204282111045-water-asphalt-smooth.jpg,WET,202204282111,water,asphalt,smooth,202204282111045,9729d0f5e10b1d015f3cd18b13dcdafd6e94f40904670116cb3294ffe18565b9,202204282111045-water-asphalt-smooth.jpg,240,360,67.39153935185185,167.59553200539588,False,train
c:/Users/Rivan/Projects/AI_Grand_Prix/data/_hf_snapshot/test_50k/202204282114302-water-asphalt-smooth.jpg,WET,202204282114,water,asphalt,smooth,202204282114302,4f550192362e4546b9a0468931946cabf0ff5dc9da904e69da0b2ecc073a3723,202204282114302-water-asphalt-smooth.jpg,240,360,108.28016203703703,232.90551247093086,False,train
c:/Users/Rivan/Projects/AI_Grand_Prix/data/_hf_snapshot/test_50k/202204282207581-water-asphalt-slight.jpg,WET,202204282207,water,asphalt,slight,202204282207581,eb65565bd9aec4a8c42c0f22b3debb3e8f8909c4fe571faa9eaae7dd7d1d3ad7,202204282207581-water-asphalt-slight.jpg,240,360,122.42966435185186,65.97900075820903,False,train
c:/Users/Rivan/Projects/AI_Grand_Prix/data/_hf_snapshot/test_50k/202204282210386-wet-asphalt-smooth.jpg,DAMP,202204282210,wet,asphalt,smooth,202204282210386,fbcd6823199e898f82a03982d101e175ca8c8399f35b2572a45b21c7d50c0e65,202204282210386-wet-asphalt-smooth.jpg,240,360,121.1212962962963,268.31926446277004,False,train
c:/Users/Rivan/Projects/AI_Grand_Prix/data/_hf_snapshot/test_50k/202204282220551-wet-asphalt-smooth.jpg,DAMP,202204282220,wet,asphalt,smooth,202204282220551,325776b35c980b58746692cff27b81fdcf8d55f90dc5eec097a8fc4de24bd04c,202204282220551-wet-asphalt-smooth.jpg,240,360,114.5481712962963,546.3638412228598,False,train
c:/Users/Rivan/Projects/AI_Grand_Prix/data/_hf_snapshot/test_50k/202204282225219-water-asphalt-smooth.jpg,WET,202204282225,water,asphalt,smooth,202204282225219,a555f8e9f5a982fcc75eb78cf230c4db481fbab674fcc3ca62ce19abddfa5ea8,202204282225219-water-asphalt-smooth.jpg,240,360,118.91414351851851,810.1061083333332,False,train
c:/Users/Rivan/Projects/AI_Grand_Prix/data/_hf_snapshot/test_50k/202204282228173-wet-asphalt-smooth.jpg,DAMP,202204282228,wet,asphalt,smooth,202204282228173,3c021ba5317a9eaac6d04116642de44becea06b191485bd41c367db27f04a9fe,202204282228173-wet-asphalt-smooth.jpg,240,360,109.06079861111111,1213.092715615221,False,train
c:/Users/Rivan/Projects/AI_Grand_Prix/data/_hf_snapshot/test_50k/202204282237511-wet-asphalt-smooth.jpg,DAMP,202204282237,wet,asphalt,smooth,202204282237511,c98db8f83893e31c0a591470ec267a8575c0a53a47f17ffc84caa2a4631fe517,202204282237511-wet-asphalt-smooth.jpg,240,360,117.21553240740741,958.0897923866974,False,train
c:/Users/Rivan/Projects/AI_Grand_Prix/data/_hf_snapshot/test_50k/202204282242285-water-asphalt-smooth.jpg,WET,202204282242,water,asphalt,smooth,202204282242285,59616e0225fac85649d15c1994a4c29dfec957bca0e089e451ab85dfef6a128b,202204282242285-water-asphalt-smooth.jpg,240,360,67.14909722222222,143.05332624689214,False,train
c:/Users/Rivan/Projects/AI_Grand_Prix/data/_hf_snapshot/test_50k/202204282306445-wet-asphalt-severe.jpg,DAMP,202204282306,wet,asphalt,severe,202204282306445,0ed023d0a91e4ecebfc82e25eb1b884f0f05b239f3d2d49a06fc4ce9d14af072,202204282306445-wet-asphalt-severe.jpg,240,360,119.35777777777778,185.07942914041067,False,train
c:/Users/Rivan/Projects/AI_Grand_Prix/data/_hf_snapshot/test_50k/202204282307354-wet-asphalt-smooth.jpg,DAMP,202204282307,wet,asphalt,smooth,202204282307354,c6b486e542968eb0d00ed39a88cd6cbe4defa30c7e5e8a03043f76680dd44a73,202204282307354-wet-asphalt-smooth.jpg,240,360,132.57695601851853,159.06805941023126,False,train
c:/Users/Rivan/Projects/AI_Grand_Prix/data/_hf_snapshot/test_50k/202204282312521-water-asphalt-slight.jpg,WET,202204282312,water,asphalt,slight,202204282312521,a8d16f14e8ee574f3bdbb944120b36867614bdc23d770cb7d2bd0a36d8605e7a,202204282312521-water-asphalt-slight.jpg,240,360,86.25230324074074,45.52162032696759,False,train
c:/Users/Rivan/Projects/AI_Grand_Prix/data/_hf_snapshot/test_50k/202204282319192-water-asphalt-slight.jpg,WET,202204282319,water,asphalt,slight,202204282319192,4291c1ab573e3cbd9150f6a2896836a28537a71a18fb80401a7dae0700b26a43,202204282319192-water-asphalt-slight.jpg,240,360,96.68788194444444,145.84281570162466,False,train
c:/Users/Rivan/Projects/AI_Grand_Prix/data/_hf_snapshot/test_50k/2022042823224910-wet-asphalt-severe.jpg,DAMP,202204282322,wet,asphalt,severe,2022042823224910,0bc212d9991931336d3fe459ffe03ce7160cf54584f52bf883e3ffa171d44e12,2022042823224910-wet-asphalt-severe.jpg,240,360,155.86871527777777,728.57883960048,False,train
c:/Users/Rivan/Projects/AI_Grand_Prix/data/_hf_snapshot/test_50k/202204282323446-wet-asphalt-severe.jpg,DAMP,202204282323,wet,asphalt,severe,202204282323446,082a36c7fcd527e288a389b586fa167c0e786b0921702071fb13343007b81234,202204282323446-wet-asphalt-severe.jpg,240,360,89.901875,252.83204968278466,False,train
c:/Users/Rivan/Projects/AI_Grand_Prix/data/_hf_snapshot/test_50k/202204291153064-water-asphalt-smooth.jpg,WET,202204291153,water,asphalt,smooth,202204291153064,cd80410d394b47360e9ab976c71dd43ec0e9cee589a0b0b22fad07548a1204cd,202204291153064-water-asphalt-smooth.jpg,240,360,54.349895833333335,5.3717585256987315,False,train
c:/Users/Rivan/Projects/AI_Grand_Prix/data/_hf_snapshot/test_50k/202204291156497-wet-asphalt-slight.jpg,DAMP,202204291156,wet,asphalt,slight,202204291156497,922620fafd6b74d85b47d3520b283d50763a3d59d5d4fe4a9e69c227cc828b2b,202204291156497-wet-asphalt-slight.jpg,240,360,73.11577546296296,109.88780822187927,False,train
c:/Users/Rivan/Projects/AI_Grand_Prix/data/_hf_snapshot/test_50k/2022042912043716-water-asphalt-smooth.jpg,WET,202204291204,water,asphalt,smooth,2022042912043716,24a516dda93993752929a01bb4793a22e649e914ba84e94e9755099181fa8b5d,2022042912043716-water-asphalt-smooth.jpg,240,360,80.15324074074074,92.98147974054784,False,train
c:/Users/Rivan/Projects/AI_Grand_Prix/data/_hf_snapshot/test_50k/2022042912070710-water-asphalt-smooth.jpg,WET,202204291207,water,asphalt,smooth,2022042912070710,a3fe66aba945d0f71ed8dbaae74abd76987b92d52f38eedafc82357e1d011080,2022042912070710-water-asphalt-smooth.jpg,240,360,86.91966435185185,126.0688920234,False,train
c:/Users/Rivan/Projects/AI_Grand_Prix/data/_hf_snapshot/test_50k/202204291207073-water-asphalt-smooth.jpg,WET,202204291207,water,asphalt,smooth,202204291207073,060060b82e5c8463381d1f5436602be549813ec5ab61fb6907a8ac6ef18f3a2c,202204291207073-water-asphalt-smooth.jpg,240,360,147.2253587962963,890.6668618922272,False,train
c:/Users/Rivan/Projects/AI_Grand_Prix/data/_hf_snapshot/test_50k/202204291214434-water-asphalt-smooth.jpg,WET,202204291214,water,asphalt,smooth,202204291214434,c8bae1a9b195917d23c2c49c05f61c1fa4a96f85c61bcaa27b68d50539872879,202204291214434-water-asphalt-smooth.jpg,240,360,130.1216550925926,378.62892326268326,False,train
c:/Users/Rivan/Projects/AI_Grand_Prix/data/_hf_snapshot/test_50k/202204291217411-wet-asphalt-slight.jpg,DAMP,202204291217,wet,asphalt,slight,202204291217411,d2df042387bf4360e6043f46feb1375fa6487d9fd526a06f7c8a4f7eecbc6770,202204291217411-wet-asphalt-slight.jpg,240,360,103.78515046296296,859.0670607530383,False,train
c:/Users/Rivan/Projects/AI_Grand_Prix/data/_hf_snapshot/test_50k/202204291227052-water-asphalt-smooth.jpg,WET,202204291227,water,asphalt,smooth,202204291227052,e18e16f6b8b956832e6564757b15b57844e232ed701e7f13ec5e8486e1129211,202204291227052-water-asphalt-smooth.jpg,240,360,116.39611111111111,147.2293577962909,False,train
c:/Users/Rivan/Projects/AI_Grand_Prix/data/_hf_snapshot/test_50k/202204291228187-wet-asphalt-slight.jpg,DAMP,202204291228,wet,asphalt,slight,202204291228187,be4514bd466523137237d78ed30a53da44f6a8922121500c637f8d6645c1be0f,202204291228187-wet-asphalt-slight.jpg,240,360,160.4754513888889,564.2257676933299,False,train
c:/Users/Rivan/Projects/AI_Grand_Prix/data/_hf_snapshot/test_50k/202204291229384-water-asphalt-smooth.jpg,WET,202204291229,water,asphalt,smooth,202204291229384,d778165f122c895cc56baf73c1deef1c7e26379b6bd5c1a9d00e493a992d8333,202204291229384-water-asphalt-smooth.jpg,240,360,98.54905092592593,105.887646815924,False,train
c:/Users/Rivan/Projects/AI_Grand_Prix/data/_hf_snapshot/test_50k/202204291231195-wet-asphalt-severe.jpg,DAMP,202204291231,wet,asphalt,severe,202204291231195,eea278971406b3ca16e02bd9e9d403ae64def4d32d1c0a65efd2aa19b7834c10,202204291231195-wet-asphalt-severe.jpg,240,360,182.6654976851852,266.69645349740654,False,train
c:/Users/Rivan/Projects/AI_Grand_Prix/data/_hf_snapshot/test_50k/2022042912400216-wet-asphalt-severe.jpg,DAMP,202204291240,wet,asphalt,severe,2022042912400216,fb03dbcd9073997e196511dd941348b8767389743b1e1bb8fbe23223fd0ad833,2022042912400216-wet-asphalt-severe.jpg,240,360,103.7774537037037,481.6820924189814,False,train
c:/Users/Rivan/Projects/AI_Grand_Prix/data/_hf_snapshot/test_50k/202204291250322-water-asphalt-smooth.jpg,WET,202204291250,water,asphalt,smooth,202204291250322,f410c5709068f8a1660c70790096f0e11f5ad21a5226910dec0bede9c68ddcd2,202204291250322-water-asphalt-smooth.jpg,240,360,101.09561342592593,44.51216007373114,False,train
c:/Users/Rivan/Projects/AI_Grand_Prix/data/_hf_snapshot/test_50k/202204291319214-wet-asphalt-smooth.jpg,DAMP,202204291319,wet,asphalt,smooth,202204291319214,e2b3e4fcd22e158076304487c55ab3517f5aea749d863cc3b5821e0947ea776f,202204291319214-wet-asphalt-smooth.jpg,240,360,124.55939814814815,19.275018710883913,False,train
c:/Users/Rivan/Projects/AI_Grand_Prix/data/_hf_snapshot/test_50k/202204291319402-water-asphalt-slight.jpg,WET,202204291319,water,asphalt,slight,202204291319402,82160481ccba775af013a561fe93150eee23cc7817985d75fe5f19a6c5ac2252,202204291319402-water-asphalt-slight.jpg,240,360,92.68290509259259,496.2905798562885,False,train
c:/Users/Rivan/Projects/AI_Grand_Prix/data/_hf_snapshot/test_50k/202204291320351-water-asphalt-slight.jpg,WET,202204291320,water,asphalt,slight,202204291320351,57f01c7cadf1f7210f2676179899d946021d3f6d54d00336ca0db25c1484d0d8,202204291320351-water-asphalt-slight.jpg,240,360,80.95230324074075,185.96063590481393,False,train
c:/Users/Rivan/Projects/AI_Grand_Prix/data/_hf_snapshot/test_50k/202204291337502-wet-asphalt-smooth.jpg,DAMP,202204291337,wet,asphalt,smooth,202204291337502,af3dd50c713f9a725ba4702ee3f8ed111f705e4c545612fecb52f794c650184b,202204291337502-wet-asphalt-smooth.jpg,240,360,158.0951388888889,569.4442576388889,False,train
c:/Users/Rivan/Projects/AI_Grand_Prix/data/_hf_snapshot/test_50k/202204291406271-water-asphalt-smooth.jpg,WET,202204291406,water,asphalt,smooth,202204291406271,b14f8e78ba30663a6f9c68a10e9805f693764079f85cc0f9e792b9d2c96948df,202204291406271-water-asphalt-smooth.jpg,240,360,81.58938657407407,17.618760261140046,False,train
c:/Users/Rivan/Projects/AI_Grand_Prix/data/_hf_snapshot/test_50k/202204291543491-wet-concrete-severe.jpg,DAMP,202204291543,wet,concrete,severe,202204291543491,4a5f483f171325c59420683202acccf0750ad343e63b9ef6ee46f9c7eb694890,202204291543491-wet-concrete-severe.jpg,240,360,114.36710648148149,90.13745572796104,False,train
c:/Users/Rivan/Projects/AI_Grand_Prix/data/_hf_snapshot/test_50k/202204291547573-wet-concrete-severe.jpg,DAMP,202204291547,wet,concrete,severe,202204291547573,fc2c902402bec9466ba22c3567cafceeb6cc183d8f6da8fe20b4e2735cf1c009,202204291547573-wet-concrete-severe.jpg,240,360,103.21434027777778,179.63377039809993,False,train
c:/Users/Rivan/Projects/AI_Grand_Prix/data/_hf_snapshot/test_50k/202204291550172-wet-concrete-severe.jpg,DAMP,202204291550,wet,concrete,severe,202204291550172,0195701d0483402166d1a56c8c5be8233ee87347c1b5e4dc468defad4faf9e08,202204291550172-wet-concrete-severe.jpg,240,360,105.36230324074074,269.3381541536726,False,train
c:/Users/Rivan/Projects/AI_Grand_Prix/data/_hf_snapshot/test_50k/202204291551533-wet-concrete-severe.jpg,DAMP,202204291551,wet,concrete,severe,202204291551533,40305caff46facd2d68ad1e9ab667ca6802c783c593b4662bda0d5cfdb62aaf9,202204291551533-wet-concrete-severe.jpg,240,360,91.86368055555556,32.47793979552469,False,train
c:/Users/Rivan/Projects/AI_Grand_Prix/data/_hf_snapshot/test_50k/202204291552101-wet-concrete-severe.jpg,DAMP,202204291552,wet,concrete,severe,202204291552101,fd481fa0843f8066ed1d5b7ea5532297a4c9e603926edc4f1b21c8ac2b91c610,202204291552101-wet-concrete-severe.jpg,240,360,104.01128472222223,70.60024089291838,False,train
c:/Users/Rivan/Projects/AI_Grand_Prix/data/_hf_snapshot/test_50k/202204291553551-wet-asphalt-slight.jpg,DAMP,202204291553,wet,asphalt,slight,202204291553551,06219210b39539cdbecfa8c4db9611e08554e2ee564882b3fe594ad4e14a4102,202204291553551-wet-asphalt-slight.jpg,240,360,94.60612268518518,435.96924680092053,False,train
c:/Users/Rivan/Projects/AI_Grand_Prix/data/_hf_snapshot/test_50k/202204291559281-wet-asphalt-slight.jpg,DAMP,202204291559,wet,asphalt,slight,202204291559281,bb316fb7e92734b479fa20a9d908badcde898524e1e2db9918b6fdbb4790de7e,202204291559281-wet-asphalt-slight.jpg,240,360,126.28262731481482,339.1069528270748,False,train
c:/Users/Rivan/Projects/AI_Grand_Prix/data/_hf_snapshot/test_50k/202204291610393-wet-concrete-severe.jpg,DAMP,202204291610,wet,concrete,severe,202204291610393,11ffb7df1dc5c5774c2341a1de06bc458806b14cd35ed4aa19135289bedd5dcd,202204291610393-wet-concrete-severe.jpg,240,360,117.66680555555556,186.12917679277584,False,train
c:/Users/Rivan/Projects/AI_Grand_Prix/data/_hf_snapshot/test_50k/202204291611321007-wet-concrete-slight.jpg,DAMP,202204291611,wet,concrete,slight,202204291611321007,f86d27a9e90b732c841f5404e44dabe66902331560fa718f49cf8e8b9481c525,202204291611321007-wet-concrete-slight.jpg,240,360,111.76136574074074,60.28465139518499,False,train
c:/Users/Rivan/Projects/AI_Grand_Prix/data/_hf_snapshot/test_50k/202204291611443-wet-concrete-severe.jpg,DAMP,202204291611,wet,concrete,severe,202204291611443,ea6e2e960ee2cc0b0f7bd8e360908197007aaa2ca184224cb26fc85583e8bcbd,202204291611443-wet-concrete-severe.jpg,240,360,101.15950231481482,106.11248802069937,False,train
c:/Users/Rivan/Projects/AI_Grand_Prix/data/_hf_snapshot/test_50k/202204291632513-wet-concrete-severe.jpg,DAMP,202204291632,wet,concrete,severe,202204291632513,86f218d87476db2c11da5e0e810ea3c68d4e06955d3ab5c056693f702a1632e8,202204291632513-wet-concrete-severe.jpg,240,360,124.03900462962963,106.93657321673524,False,train
c:/Users/Rivan/Projects/AI_Grand_Prix/data/_hf_snapshot/test_50k/202204291633213-water-concrete-severe.jpg,WET,202204291633,water,concrete,severe,202204291633213,f021edd3e2b9c01b9a2610de468bcb7ac8d3d08ecc2c4dc03fb6a14512c1da66,202204291633213-water-concrete-severe.jpg,240,360,85.67305555555555,76.67481147065759,False,train
c:/Users/Rivan/Projects/AI_Grand_Prix/data/_hf_snapshot/test_50k/202204291633354-water-concrete-severe.jpg,WET,202204291633,water,concrete,severe,202204291633354,2a445942adf2bbf585b970fbc67cf364ad833717cbed2ecd3143f15167d54d9f,202204291633354-water-concrete-severe.jpg,240,360,101.15342592592593,185.23578438129607,False,train
c:/Users/Rivan/Projects/AI_Grand_Prix/data/_hf_snapshot/test_50k/202204291646364-water-concrete-severe.jpg,WET,202204291646,water,concrete,severe,202204291646364,66e9b13f636f447113344d7af0947e700edf5e0efea1a7884d2a617742da7117,202204291646364-water-concrete-severe.jpg,240,360,108.56385416666667,292.07963883409957,False,train
c:/Users/Rivan/Projects/AI_Grand_Prix/data/_hf_snapshot/test_50k/202204291700223-wet-concrete-severe.jpg,DAMP,202204291700,wet,concrete,severe,202204291700223,a197597e917cdc2a405f9e56fa7c7afba194983b6281181bef484b22d3e26b9e,202204291700223-wet-concrete-severe.jpg,240,360,73.54136574074074,26.57135381823881,False,train
c:/Users/Rivan/Projects/AI_Grand_Prix/data/_hf_snapshot/test_50k/202204291701531-wet-concrete-severe.jpg,DAMP,202204291701,wet,concrete,severe,202204291701531,db1c39f609ede3c5f6a2f85b02a1f6f11cd14a0640fec8cb946b52991579271d,202204291701531-wet-concrete-severe.jpg,240,360,88.26709490740741,45.728619945853694,False,train
c:/Users/Rivan/Projects/AI_Grand_Prix/data/_hf_snapshot/test_50k/202204291705001-wet-concrete-severe.jpg,DAMP,202204291705,wet,concrete,severe,202204291705001,743ea3759d5aa16d92ddbf76d9657678e4f0314beee1f27b5362ccdc74322ca7,202204291705001-wet-concrete-severe.jpg,240,360,88.17732638888889,27.443333328510803,False,train
c:/Users/Rivan/Projects/AI_Grand_Prix/data/_hf_snapshot/test_50k/202204291712011-water-concrete-severe.jpg,WET,202204291712,water,concrete,severe,202204291712011,cd2729c7f955aa89ac5ad65c4e9f1c75ff2115cb1cc1bec41a738b96974d80f4,202204291712011-water-concrete-severe.jpg,240,360,97.70131944444445,27.068332851080243,False,train
c:/Users/Rivan/Projects/AI_Grand_Prix/data/_hf_snapshot/test_50k/202204291724004-wet-concrete-severe.jpg,DAMP,202204291724,wet,concrete,severe,202204291724004,73fcbedcee02bc2c05f899f465e6ee5acb4fea96a961374bc05e714c96ac78e4,202204291724004-wet-concrete-severe.jpg,240,360,127.88774305555556,54.94328484224966,False,train
c:/Users/Rivan/Projects/AI_Grand_Prix/data/_hf_snapshot/test_50k/202204291827461-water-concrete-severe.jpg,WET,202204291827,water,concrete,severe,202204291827461,2d44f328948670ecbe3d24c02ea5bce4199a540b181247570809ef5fd768c638,202204291827461-water-concrete-severe.jpg,240,360,121.56150462962962,1060.9349628081063,False,train
c:/Users/Rivan/Projects/AI_Grand_Prix/data/_hf_snapshot/test_50k/202204291835223-water-concrete-smooth.jpg,WET,202204291835,water,concrete,smooth,202204291835223,9f199178fe833b87bdd1adb893d3286b4047e2a97662356763c181d02540f9d4,202204291835223-water-concrete-smooth.jpg,240,360,132.18675925925925,21.875288142870158,False,train
c:/Users/Rivan/Projects/AI_Grand_Prix/data/_hf_snapshot/test_50k/202204291837342-wet-asphalt-slight.jpg,DAMP,202204291837,wet,asphalt,slight,202204291837342,ddcde0148eda44b2935c582209620ded0d7c62b07b4b5ffdde34125e39e7c1df,202204291837342-wet-asphalt-slight.jpg,240,360,120.57118055555556,378.16255505387835,False,train
c:/Users/Rivan/Projects/AI_Grand_Prix/data/_hf_snapshot/test_50k/202204291913142-wet-asphalt-slight.jpg,DAMP,202204291913,wet,asphalt,slight,202204291913142,c6f2a25ce0d84bcd7599f365bee862c8556bf2f4f2fc7a0fe2af63740c611330,202204291913142-wet-asphalt-slight.jpg,240,360,94.00715277777778,869.5945772407354,False,train
c:/Users/Rivan/Projects/AI_Grand_Prix/data/_hf_snapshot/test_50k/20220429191912895-wet-asphalt-smooth.jpg,DAMP,202204291919,wet,asphalt,smooth,20220429191912895,905fb004229aa5007afc86f95c2b59f88885529437c975e4d0e37b2606205f74,20220429191912895-wet-asphalt-smooth.jpg,240,360,124.77618055555556,1343.1662380560647,False,train
c:/Users/Rivan/Projects/AI_Grand_Prix/data/_hf_snapshot/test_50k/20220429192010175-wet-asphalt-smooth.jpg,DAMP,202204291920,wet,asphalt,smooth,20220429192010175,48e23ead676425bf8169fcc8c59b61796fa75b44b202cbdd98ede4bb1c7dc7ca,20220429192010175-wet-asphalt-smooth.jpg,240,360,142.36724537037037,1205.6359025943875,False,train
c:/Users/Rivan/Projects/AI_Grand_Prix/data/_hf_snapshot/test_50k/20220429192155617-wet-asphalt-smooth.jpg,DAMP,202204291921,wet,asphalt,smooth,20220429192155617,6c53ee274e1483322cf053dccbe888116c5b3c77f90fd36ee4010bdae527b127,20220429192155617-wet-asphalt-smooth.jpg,240,360,117.35288194444445,435.25874278978046,False,train
c:/Users/Rivan/Projects/AI_Grand_Prix/data/_hf_snapshot/test_50k/202204292110059-wet-asphalt-slight.jpg,DAMP,202204292110,wet,asphalt,slight,202204292110059,57c01b8cd7b380918afc0460137a87ccd8deb2f22b2ea278dea4b79110eb4eb7,202204292110059-wet-asphalt-slight.jpg,240,360,137.55762731481482,1285.8704751627602,False,train
c:/Users/Rivan/Projects/AI_Grand_Prix/data/_hf_snapshot/test_50k/202205021142537-water-asphalt-smooth.jpg,WET,202205021142,water,asphalt,smooth,202205021142537,02d9966aae00f1b4a0d2e3bcf8bdda1174398188b24462ef413cda0827c18029,202205021142537-water-asphalt-smooth.jpg,240,360,103.76208333333334,780.821850482119,False,train
c:/Users/Rivan/Projects/AI_Grand_Prix/data/_hf_snapshot/test_50k/202205021144242-wet-asphalt-slight.jpg,DAMP,202205021144,wet,asphalt,slight,202205021144242,1456cb73b24b0040e2291b1c9a413970009321339829f484141fcb7b637467a7,202205021144242-wet-asphalt-slight.jpg,240,360,116.5765625,503.82743595464683,False,train
c:/Users/Rivan/Projects/AI_Grand_Prix/data/_hf_snapshot/test_50k/202205021145053-wet-asphalt-severe.jpg,DAMP,202205021145,wet,asphalt,severe,202205021145053,1b4393e406223f8a70dec351a8051aa0687cb4072668de3bce513af84e761c0d,202205021145053-wet-asphalt-severe.jpg,240,360,151.18431712962962,686.5085480483486,False,train
c:/Users/Rivan/Projects/AI_Grand_Prix/data/_hf_snapshot/test_50k/2022050211452011-wet-asphalt-severe.jpg,DAMP,202205021145,wet,asphalt,severe,2022050211452011,826f535e44daa5702fa5616c0327f571eb94442d018052b85063e011e824ab57,2022050211452011-wet-asphalt-severe.jpg,240,360,121.12190972222223,1800.4109054675444,False,train
c:/Users/Rivan/Projects/AI_Grand_Prix/data/_hf_snapshot/test_50k/202205021147391-wet-asphalt-slight.jpg,DAMP,202205021147,wet,asphalt,slight,202205021147391,24cc37739809e4811d9dcf82131564a4b77b6f13f9cc0e9ec9e060cfa9141fe0,202205021147391-wet-asphalt-slight.jpg,240,360,120.86783564814814,764.1839667661983,False,train
c:/Users/Rivan/Projects/AI_Grand_Prix/data/_hf_snapshot/test_50k/2022050212532813-water-asphalt-smooth.jpg,WET,202205021253,water,asphalt,smooth,2022050212532813,ac7be0ffc08ee1630f36cc79c9600f478dfaef5fbf29aaf5075ea55d236c694b,2022050212532813-water-asphalt-smooth.jpg,240,360,139.38805555555555,965.0376018513159,False,train
c:/Users/Rivan/Projects/AI_Grand_Prix/data/_hf_snapshot/test_50k/202205021318272-wet-asphalt-slight.jpg,DAMP,202205021318,wet,asphalt,slight,202205021318272,41204e2e2fc2cf6ab9b8201e9c2d0a210381113fc5e846bf4ec12af2ee4bbb2f,202205021318272-wet-asphalt-slight.jpg,240,360,138.48864583333332,1376.6742443060646,False,train
c:/Users/Rivan/Projects/AI_Grand_Prix/data/_hf_snapshot/test_50k/202205021322551-wet-asphalt-slight.jpg,DAMP,202205021322,wet,asphalt,slight,202205021322551,45dc1b9805065e5b5ef9ba68837e3b1775a62289d43f20ed2ae1088c0fbf7f3e,202205021322551-wet-asphalt-slight.jpg,240,360,108.71467592592593,893.0872425840191,False,train
c:/Users/Rivan/Projects/AI_Grand_Prix/data/_hf_snapshot/test_50k/202205021328321-wet-asphalt-slight.jpg,DAMP,202205021328,wet,asphalt,slight,202205021328321,e2dc8e2dd34279cfedd021aec2468e1ed8b10b2471aa5f0ba2ffeb8f1a1298f7,202205021328321-wet-asphalt-slight.jpg,240,360,121.98309027777778,449.1701244983229,False,train
c:/Users/Rivan/Projects/AI_Grand_Prix/data/_hf_snapshot/test_50k/202205021349031-wet-asphalt-slight.jpg,DAMP,202205021349,wet,asphalt,slight,202205021349031,0fb91c1d11ee505f947d0da432b19dfdd0f424953d7cb50a947b8d51f03a7968,202205021349031-wet-asphalt-slight.jpg,240,360,135.90783564814814,1304.8978466594597,False,train
c:/Users/Rivan/Projects/AI_Grand_Prix/data/_hf_snapshot/test_50k/202205021406514-wet-asphalt-slight.jpg,DAMP,202205021406,wet,asphalt,slight,202205021406514,445702f4eea98bb4876b9ef89bc52d54100a83cbef2596ae06bd9aad61a01991,202205021406514-wet-asphalt-slight.jpg,240,360,79.74127314814815,85.42710435474537,False,train
c:/Users/Rivan/Projects/AI_Grand_Prix/data/_hf_snapshot/test_50k/202205021418572-water-asphalt-smooth.jpg,WET,202205021418,water,asphalt,smooth,202205021418572,617cd35f6aae9267bfbe22c2d5d91850d016ec2453a58aef76c3adb591b55f7f,202205021418572-water-asphalt-smooth.jpg,240,360,111.61226851851852,87.91318097337427,False,train
c:/Users/Rivan/Projects/AI_Grand_Prix/data/_hf_snapshot/test_50k/202205021425403-wet-asphalt-slight.jpg,DAMP,202205021425,wet,asphalt,slight,202205021425403,91f753e57e203b9da7d4f3354e37e19c11919af806e5ffea27b2c020defa2033,202205021425403-wet-asphalt-slight.jpg,240,360,150.2063310185185,2030.8682489281928,False,train
c:/Users/Rivan/Projects/AI_Grand_Prix/data/_hf_snapshot/test_50k/202205021451205-water-asphalt-smooth.jpg,WET,202205021451,water,asphalt,smooth,202205021451205,ec45aa90d0e407cde6c271a0f74cb667550dd6381c988b42ec4f3c95c74ca5fc,202205021451205-water-asphalt-smooth.jpg,240,360,117.58841435185185,3200.2240856433255,False,train
c:/Users/Rivan/Projects/AI_Grand_Prix/data/_hf_snapshot/test_50k/202205021454582-water-asphalt-smooth.jpg,WET,202205021454,water,asphalt,smooth,202205021454582,563baf9440e126d7a761a9a6bb77266fb9d8d651e3a5d0e6acb7ff3fc7f388e5,202205021454582-water-asphalt-smooth.jpg,240,360,138.11561342592591,226.73803838680985,False,train
c:/Users/Rivan/Projects/AI_Grand_Prix/data/_hf_snapshot/test_50k/202205021457372-water-asphalt-smooth.jpg,WET,202205021457,water,asphalt,smooth,202205021457372,6ba6cf4f5b4771a43a92cbbce1fa79dff928ac0c4e59069d39be166ace44b5ef,202205021457372-water-asphalt-smooth.jpg,240,360,152.01405092592591,221.57423720944254,False,train
c:/Users/Rivan/Projects/AI_Grand_Prix/data/_hf_snapshot/test_50k/202205021512514-water-asphalt-smooth.jpg,WET,202205021512,water,asphalt,smooth,202205021512514,4bb9dadbb34988a0a9d592feb8035a63343322ca03bd68e4b0185757b21790ea,202205021512514-water-asphalt-smooth.jpg,240,360,89.21006944444444,37.76996439887153,False,train
c:/Users/Rivan/Projects/AI_Grand_Prix/data/_hf_snapshot/test_50k/202205021519534-water-asphalt-smooth.jpg,WET,202205021519,water,asphalt,smooth,202205021519534,46084fca28b187401f24e47b2df810201bf883c1f866a2870b727a31c96bfdac,202205021519534-water-asphalt-smooth.jpg,240,360,87.02788194444445,59.834323237632894,False,train
c:/Users/Rivan/Projects/AI_Grand_Prix/data/_hf_snapshot/test_50k/202205021525271-water-asphalt-smooth.jpg,WET,202205021525,water,asphalt,smooth,202205021525271,c0c641cdf2722b83a739e7a54494d8a4242c571b9c6488632215fc24511a0530,202205021525271-water-asphalt-smooth.jpg,240,360,97.06269675925925,270.07914017436127,False,train
c:/Users/Rivan/Projects/AI_Grand_Prix/data/_hf_snapshot/test_50k/202205021530532-dry-asphalt-slight.jpg,DRY,202205021530,dry,asphalt,slight,202205021530532,5deafffd0e38bd585a70128fcd934d758c83cf89cdf902aa214d861c6290f10b,202205021530532-dry-asphalt-slight.jpg,240,360,148.58452546296297,1891.2522042233313,False,train
c:/Users/Rivan/Projects/AI_Grand_Prix/data/_hf_snapshot/test_50k/202205021542205-dry-asphalt-slight.jpg,DRY,202205021542,dry,asphalt,slight,202205021542205,3eda509afb066e2f1ce87b476cc6608b5cd584719df4dd332f0750940e7a43fa,202205021542205-dry-asphalt-slight.jpg,240,360,195.76621527777777,628.4180090856481,False,train
c:/Users/Rivan/Projects/AI_Grand_Prix/data/_hf_snapshot/test_50k/202205021845216-water-concrete-severe.jpg,WET,202205021845,water,concrete,severe,202205021845216,ed62fa00bcfe09126597d25a455ee3b6bb22529067ed0bb7578993b3f0eadfe2,202205021845216-water-concrete-severe.jpg,240,360,130.66550925925927,158.52505343310614,False,train
c:/Users/Rivan/Projects/AI_Grand_Prix/data/_hf_snapshot/test_50k/2022050218493520-water-asphalt-severe.jpg,WET,202205021849,water,asphalt,severe,2022050218493520,5cc108284a750a1dc72c59c2af642a724dd950ab6de954e31ce813a68ffb2714,2022050218493520-water-asphalt-severe.jpg,240,360,115.96686342592592,2758.1313375384466,False,train
c:/Users/Rivan/Projects/AI_Grand_Prix/data/_hf_snapshot/test_50k/2022050218493525-water-asphalt-severe.jpg,WET,202205021849,water,asphalt,severe,2022050218493525,7d65e61693ffe003a48282f8df55de462c57addf08cad316b0396d7fffc049ee,2022050218493525-water-asphalt-severe.jpg,240,360,125.40047453703704,2105.571935560137,False,train
c:/Users/Rivan/Projects/AI_Grand_Prix/data/_hf_snapshot/test_50k/2022050218511216-water-asphalt-severe.jpg,WET,202205021851,water,asphalt,severe,2022050218511216,cef5d0922d68445b0ed7dab78e75708f0a53de0c847984aff1da65fa3999ee31,2022050218511216-water-asphalt-severe.jpg,240,360,115.18799768518518,1631.8717964999144,False,train
c:/Users/Rivan/Projects/AI_Grand_Prix/data/_hf_snapshot/test_50k/202205021853114-water-asphalt-severe.jpg,WET,202205021853,water,asphalt,severe,202205021853114,5093327b4b3f5dcd159a13492a18b30cf83add4ade279ffa9de76e2aa40e4725,202205021853114-water-asphalt-severe.jpg,240,360,118.43505787037037,786.2187225431884,False,train
c:/Users/Rivan/Projects/AI_Grand_Prix/data/_hf_snapshot/test_50k/202205021914031-water-concrete-smooth.jpg,WET,202205021914,water,concrete,smooth,202205021914031,8aa3197dd32c18dfa2ac4e9e3b38a3e92736df10e7c83397f51f32242d2dbce3,202205021914031-water-concrete-smooth.jpg,240,360,99.19534722222222,99.08843311136295,False,train
c:/Users/Rivan/Projects/AI_Grand_Prix/data/_hf_snapshot/test_50k/202205021934481-wet-concrete-severe.jpg,DAMP,202205021934,wet,concrete,severe,202205021934481,78f097ed7480bf56f60071631633b0145377d3ae771ae1bc1129c8199916b705,202205021934481-wet-concrete-severe.jpg,240,360,184.08225694444445,1556.304865418703,False,train
c:/Users/Rivan/Projects/AI_Grand_Prix/data/_hf_snapshot/test_50k/202205021939119-water-concrete-severe.jpg,WET,202205021939,water,concrete,severe,202205021939119,05bd00e0be5dad57860b534d4c76a8be6e172bca4f6821ad8657fa424a0fcc44,202205021939119-water-concrete-severe.jpg,240,360,173.39344907407408,192.37975552327143,False,train
c:/Users/Rivan/Projects/AI_Grand_Prix/data/_hf_snapshot/test_50k/202205021942293-dry-concrete-severe.jpg,DRY,202205021942,dry,concrete,severe,202205021942293,c0344c9391a3a8829754783a5cf2cbf3375672f78763d2e45841ab06971d10f5,202205021942293-dry-concrete-severe.jpg,240,360,180.9140625,984.7907404320987,False,train
c:/Users/Rivan/Projects/AI_Grand_Prix/data/_hf_snapshot/test_50k/202205021949453-water-concrete-smooth.jpg,WET,202205021949,water,concrete,smooth,202205021949453,6fa1b5f43aff860df92fdf261658630cf88976f9b8a53dacafa4d7350ce4c98d,202205021949453-water-concrete-smooth.jpg,240,360,171.88037037037037,31.994142433449074,False,train
c:/Users/Rivan/Projects/AI_Grand_Prix/data/_hf_snapshot/test_50k/202205021959242-wet-concrete-severe.jpg,DAMP,202205021959,wet,concrete,severe,202205021959242,83c2c92e67a14dd0c51a3e21e4a9827eefa26c44f265c165228363126b69277e,202205021959242-wet-concrete-severe.jpg,240,360,153.58824074074073,285.59791811329194,False,train
c:/Users/Rivan/Projects/AI_Grand_Prix/data/_hf_snapshot/test_50k/202205021959373-wet-concrete-severe.jpg,DAMP,202205021959,wet,concrete,severe,202205021959373,459a8a378e64cb6a4fb39c2f4682d9639330dd82d37a373bdbb06a77947870c9,202205021959373-wet-concrete-severe.jpg,240,360,165.7707175925926,122.76631394555363,False,train
c:/Users/Rivan/Projects/AI_Grand_Prix/data/_hf_snapshot/test_50k/202205022104384-water-concrete-severe.jpg,WET,202205022104,water,concrete,severe,202205022104384,1fae3b51d10ab910051f449bbbbc3b86eeaf76408c8423cca69728592b6f6a2f,202205022104384-water-concrete-severe.jpg,240,360,184.64233796296296,323.4880031244641,False,train
c:/Users/Rivan/Projects/AI_Grand_Prix/data/_hf_snapshot/test_50k/202205022105312-water-concrete-smooth.jpg,WET,202205022105,water,concrete,smooth,202205022105312,69eceb252657f129c4ca1c29d52e8f181cc41b6a03e33ce3d399a20529cc8a14,202205022105312-water-concrete-smooth.jpg,240,360,171.0924537037037,323.2973840169271,False,train
c:/Users/Rivan/Projects/AI_Grand_Prix/data/_hf_snapshot/test_50k/202205022108353-water-concrete-slight.jpg,WET,202205022108,water,concrete,slight,202205022108353,45a9ceb3aa957d06160f70e8ee1420420dcf0aee677ee176c842beae8d4c7490,202205022108353-water-concrete-slight.jpg,240,360,175.9216550925926,867.0709076901953,False,train
c:/Users/Rivan/Projects/AI_Grand_Prix/data/_hf_snapshot/test_50k/202205022110051-dry-concrete-severe.jpg,DRY,202205022110,dry,concrete,severe,202205022110051,14d05d607dcc4d33bf1aa08daa6ead700db4f3f3c7ab6d3aae39ea6e1d11a9d4,202205022110051-dry-concrete-severe.jpg,240,360,125.81987268518519,208.30021193362052,False,train
c:/Users/Rivan/Projects/AI_Grand_Prix/data/_hf_snapshot/test_50k/202205022110504-water-concrete-smooth.jpg,WET,202205022110,water,concrete,smooth,202205022110504,d857324d02cbe7b7b2c843f00b4c91c0557ec3f3d900c0727711403b6ba80d68,202205022110504-water-concrete-smooth.jpg,240,360,134.5283912037037,680.2361449325917,False,train
c:/Users/Rivan/Projects/AI_Grand_Prix/data/_hf_snapshot/test_50k/202205022118084-wet-concrete-smooth.jpg,DAMP,202205022118,wet,concrete,smooth,202205022118084,8d873a882b0da9f5e001d1fa6598436a0c91c00360acef321c4027a058cf362c,202205022118084-wet-concrete-smooth.jpg,240,360,126.15113425925927,25.116813212528935,False,train
c:/Users/Rivan/Projects/AI_Grand_Prix/data/_hf_snapshot/test_50k/202205022127014-water-concrete-smooth.jpg,WET,202205022127,water,concrete,smooth,202205022127014,3ba1b4a8b421a9a51dd2da2d828cf8906a2cebb16a3a16cf21704df7fabdebf2,202205022127014-water-concrete-smooth.jpg,240,360,79.97734953703704,24.66999995659722,False,train
c:/Users/Rivan/Projects/AI_Grand_Prix/data/_hf_snapshot/test_50k/202205022128328-dry-concrete-severe.jpg,DRY,202205022128,dry,concrete,severe,202205022128328,c1cd917a4aa7b8ac3aa148f6af051a39ab1182c581ae91b236830cc7c3c24912,202205022128328-dry-concrete-severe.jpg,240,360,212.84484953703705,706.7452409624433,False,train
c:/Users/Rivan/Projects/AI_Grand_Prix/data/_hf_snapshot/test_50k/2022050221312411-dry-concrete-severe.jpg,DRY,202205022131,dry,concrete,severe,2022050221312411,f2f283de942a5453c78f7a814fff7a8592c4b092f69c7fc12776ec9459f47b0f,2022050221312411-dry-concrete-severe.jpg,240,360,162.48527777777778,352.3080623005348,False,train
c:/Users/Rivan/Projects/AI_Grand_Prix/data/_hf_snapshot/test_50k/202205022132377-dry-concrete-severe.jpg,DRY,202205022132,dry,concrete,severe,202205022132377,d745f4912da72943262f343d5415c0b4ed180ef0dcb57849a0a5467495ff9723,202205022132377-dry-concrete-severe.jpg,240,360,163.08712962962963,1250.1829943564333,False,train
c:/Users/Rivan/Projects/AI_Grand_Prix/data/_hf_snapshot/test_50k/202205022134349-wet-concrete-smooth.jpg,DAMP,202205022134,wet,concrete,smooth,202205022134349,0fb89670379ab923fc4aec3554ce7744808ca6414569428334cbc4b859cacb54,202205022134349-wet-concrete-smooth.jpg,240,360,152.00158564814814,156.74795647933817,False,train
c:/Users/Rivan/Projects/AI_Grand_Prix/data/_hf_snapshot/test_50k/202205022136553-dry-concrete-severe.jpg,DRY,202205022136,dry,concrete,severe,202205022136553,c700dae4fe68bd882f3690ee56be426608fc57a6a7e009566a69305317ac7414,202205022136553-dry-concrete-severe.jpg,240,360,174.40679398148148,770.1885428990913,False,train
c:/Users/Rivan/Projects/AI_Grand_Prix/data/_hf_snapshot/test_50k/202205022139007-dry-concrete-severe.jpg,DRY,202205022139,dry,concrete,severe,202205022139007,f6ca339454d2c6d9051fff770994792643c584311f50960a32109420321a0b94,202205022139007-dry-concrete-severe.jpg,240,360,181.92606481481482,830.9478344259046,False,train
c:/Users/Rivan/Projects/AI_Grand_Prix/data/_hf_snapshot/test_50k/202205022144375-dry-concrete-smooth.jpg,DRY,202205022144,dry,concrete,smooth,202205022144375,2d22fd9198d7a1cbdcafc80e1c270993fd5729b04e7e0b2bf1dca24222d85807,202205022144375-dry-concrete-smooth.jpg,240,360,174.31173611111112,430.0161927035108,False,train
c:/Users/Rivan/Projects/AI_Grand_Prix/data/_hf_snapshot/test_50k/202205022151431-wet-concrete-severe.jpg,DAMP,202205022151,wet,concrete,severe,202205022151431,9c6c5f97772b2b201638383c4b015172b2d13d6d83fd4a464d46390c95740d83,202205022151431-wet-concrete-severe.jpg,240,360,154.09011574074074,1718.3633298348552,False,train
c:/Users/Rivan/Projects/AI_Grand_Prix/data/_hf_snapshot/test_50k/202205022153527-water-concrete-severe.jpg,WET,202205022153,water,concrete,severe,202205022153527,5a50f8e9b2f6b1ce4d8a8a9fb3a9608f1c95e99dedfd91e1464dd0558677cc80,202205022153527-water-concrete-severe.jpg,240,360,157.27078703703702,88.35856581133723,False,train
c:/Users/Rivan/Projects/AI_Grand_Prix/data/_hf_snapshot/test_50k/202205022157287-dry-concrete-severe.jpg,DRY,202205022157,dry,concrete,severe,202205022157287,fa9a52b0e683e988d761f8e80ca37b9f5984bc739a09e874ac3bb27ea08e5c30,202205022157287-dry-concrete-severe.jpg,240,360,133.18902777777777,504.0471631601509,False,train
c:/Users/Rivan/Projects/AI_Grand_Prix/data/_hf_snapshot/test_50k/202205022232401-dry-concrete-severe.jpg,DRY,202205022232,dry,concrete,severe,202205022232401,9a1749542943ec9d5373f6af4e13d38aa9f6e89fdffa777fd9027e7257184270,202205022232401-dry-concrete-severe.jpg,240,360,151.501875,762.4326386054312,False,train
c:/Users/Rivan/Projects/AI_Grand_Prix/data/_hf_snapshot/test_50k/202205022253152-water-asphalt-severe.jpg,WET,202205022253,water,asphalt,severe,202205022253152,28038f528d0ee12db53cb9f2d7399d50aae51e2eeddca5890295f24052ef1701,202205022253152-water-asphalt-severe.jpg,240,360,138.83884259259258,371.4016095657579,False,train
c:/Users/Rivan/Projects/AI_Grand_Prix/data/_hf_snapshot/test_50k/202205022300324-water-asphalt-severe.jpg,WET,202205022300,water,asphalt,severe,202205022300324,fbc84c12f991ce063a4bfb11f6bf0931578645d58f7738a27c088c0520d671f8,202205022300324-water-asphalt-severe.jpg,240,360,128.34918981481482,520.6155873708634,False,train
c:/Users/Rivan/Projects/AI_Grand_Prix/data/_hf_snapshot/test_50k/202205022306103-water-asphalt-slight.jpg,WET,202205022306,water,asphalt,slight,202205022306103,cb78918ca2a0ef0791bc802b956598c8e1cd5273414e934d785b2bbae6c52f5a,202205022306103-water-asphalt-slight.jpg,240,360,134.58641203703704,122.83959364698538,False,train
c:/Users/Rivan/Projects/AI_Grand_Prix/data/_hf_snapshot/test_50k/202205022310064-water-asphalt-severe.jpg,WET,202205022310,water,asphalt,severe,202205022310064,bf15fd54b731ee9d0bad13507727088afb3221e2a20480b1f833641241f63e63,202205022310064-water-asphalt-severe.jpg,240,360,186.42844907407408,185.67275761102536,False,train
c:/Users/Rivan/Projects/AI_Grand_Prix/data/_hf_snapshot/test_50k/202205022311144-water-asphalt-smooth.jpg,WET,202205022311,water,asphalt,smooth,202205022311144,8cd8632295e59ad53be143a1aa686c1b9a13bd2f1f6883149d6059bdd6e8557c,202205022311144-water-asphalt-smooth.jpg,240,360,137.51945601851853,422.9258519963938,False,train
c:/Users/Rivan/Projects/AI_Grand_Prix/data/_hf_snapshot/test_50k/202205022332222-water-asphalt-slight.jpg,WET,202205022332,water,asphalt,slight,202205022332222,0a5afe2e3c95638369431bcf180611405f5fb4730d587ad98aebfa674af9a419,202205022332222-water-asphalt-slight.jpg,240,360,113.75253472222222,1870.833648957128,False,train
c:/Users/Rivan/Projects/AI_Grand_Prix/data/_hf_snapshot/test_50k/202205022335356-wet-concrete-severe.jpg,DAMP,202205022335,wet,concrete,severe,202205022335356,ae17652ac29d2838fd4e3be46099b5d3fff5bb908d393dc5ffa17eeabdf4d5ba,202205022335356-wet-concrete-severe.jpg,240,360,132.2789351851852,3094.7023059883777,False,train
c:/Users/Rivan/Projects/AI_Grand_Prix/data/_hf_snapshot/test_50k/202205022335581168-wet-concrete-slight.jpg,DAMP,202205022335,wet,concrete,slight,202205022335581168,233a2c59b87ed85d4c787b9cf0aac5c92974bcda6e57edf004ecfc048dfbc2ff,202205022335581168-wet-concrete-slight.jpg,240,360,169.29119212962962,2502.917926040461,False,train
c:/Users/Rivan/Projects/AI_Grand_Prix/data/_hf_snapshot/test_50k/202205022343436-wet-concrete-severe.jpg,DAMP,202205022343,wet,concrete,severe,202205022343436,107a393fe811504ad32953ca6ac89cd8b5dc17dc1b883c4916626d7cb7f024f9,202205022343436-wet-concrete-severe.jpg,240,360,122.17548611111111,819.7698530044368,False,train
c:/Users/Rivan/Projects/AI_Grand_Prix/data/_hf_snapshot/test_50k/2022050223485511-wet-asphalt-severe.jpg,DAMP,202205022348,wet,asphalt,severe,2022050223485511,fc8052e1e3048952ff216e7d735bb77d2993bc78606d36b417936528084dc3ad,2022050223485511-wet-asphalt-severe.jpg,240,360,122.8040625,2984.1010887152775,False,train
c:/Users/Rivan/Projects/AI_Grand_Prix/data/_hf_snapshot/test_50k/2022050223502312-wet-asphalt-severe.jpg,DAMP,202205022350,wet,asphalt,severe,2022050223502312,879e61ecf49c5ff754f36db7315469bd61459a05ecff9984e15419fe8a3d6e74,2022050223502312-wet-asphalt-severe.jpg,240,360,139.59809027777777,418.36739598551094,False,train
c:/Users/Rivan/Projects/AI_Grand_Prix/data/_hf_snapshot/test_50k/2022050223504112-wet-concrete-severe.jpg,DAMP,202205022350,wet,concrete,severe,2022050223504112,ee282b134ebdfbc2da307de6cdb4ac64033b95d30b68c7bf6186a5b2d376d103,2022050223504112-wet-concrete-severe.jpg,240,360,141.70270833333333,787.7289648136093,False,train
c:/Users/Rivan/Projects/AI_Grand_Prix/data/_hf_snapshot/test_50k/202205022350411200-wet-concrete-slight.jpg,DAMP,202205022350,wet,concrete,slight,202205022350411200,47790b2cd06a8966ee4232a4938d1df528a45861f3b3c6f5756133611d5ca343,202205022350411200-wet-concrete-slight.jpg,240,360,142.93577546296297,520.7150085599923,False,train
c:/Users/Rivan/Projects/AI_Grand_Prix/data/_hf_snapshot/test_50k/202205022350411201-wet-concrete-slight.jpg,DAMP,202205022350,wet,concrete,slight,202205022350411201,24b892ceac2b5970b4da07e6411988891b2b9ddfc94dd54f6dd54e363b5a2340,202205022350411201-wet-concrete-slight.jpg,240,360,139.76231481481483,271.2940013695988,False,train
c:/Users/Rivan/Projects/AI_Grand_Prix/data/_hf_snapshot/test_50k/202205022350501208-wet-concrete-slight.jpg,DAMP,202205022350,wet,concrete,slight,202205022350501208,44db96ae2e2ec32a53c371760b19d7b2adb0c46a6573806134482ea57595f6dc,202205022350501208-wet-concrete-slight.jpg,240,360,123.17358796296297,557.9371661603009,False,train
c:/Users/Rivan/Projects/AI_Grand_Prix/data/_hf_snapshot/test_50k/202205022352114-wet-asphalt-severe.jpg,DAMP,202205022352,wet,asphalt,severe,202205022352114,e65c262c20fb40b6dde9bf0ead453e97c88b6b3c99c512224fc3a19ec574f9c9,202205022352114-wet-asphalt-severe.jpg,240,360,148.42806712962962,436.8200808897838,False,train
c:/Users/Rivan/Projects/AI_Grand_Prix/data/_hf_snapshot/test_50k/202205022352526-wet-asphalt-severe.jpg,DAMP,202205022352,wet,asphalt,severe,202205022352526,9d0d8bd4a3660943a728e22745c303299fbced7a1c47a8c7643a9057d95db3c1,202205022352526-wet-asphalt-severe.jpg,240,360,120.55706018518518,985.3828025590225,False,train
c:/Users/Rivan/Projects/AI_Grand_Prix/data/_hf_snapshot/test_50k/202205031506522-water-asphalt-slight.jpg,WET,202205031506,water,asphalt,slight,202205031506522,26e6421c756bd36950bc931f6c066b37b688a608a86f36c362d06c5971682e80,202205031506522-water-asphalt-slight.jpg,240,360,153.8116087962963,1095.249756719259,False,train
c:/Users/Rivan/Projects/AI_Grand_Prix/data/_hf_snapshot/test_50k/202205031513176-water-asphalt-severe.jpg,WET,202205031513,water,asphalt,severe,202205031513176,a654f57abeec5ed85497f7aca0998b43c4850b742c4a48190c32b1636d817dd5,202205031513176-water-asphalt-severe.jpg,240,360,151.1188310185185,1623.4461427564247,False,train
c:/Users/Rivan/Projects/AI_Grand_Prix/data/_hf_snapshot/test_50k/202205031517254-water-asphalt-severe.jpg,WET,202205031517,water,asphalt,severe,202205031517254,e992d586cdbbec7da9c9387f887f15d1de15b2cf394abef2c08bd3fb993bcc22,202205031517254-water-asphalt-severe.jpg,240,360,140.78347222222223,100.92817198953509,False,train
c:/Users/Rivan/Projects/AI_Grand_Prix/data/_hf_snapshot/test_50k/202205031518191-water-asphalt-severe.jpg,WET,202205031518,water,asphalt,severe,202205031518191,1a4c6acf9efd62537487dd5fa3dde4c2552a3ba9a91820f46fda4150056d25ff,202205031518191-water-asphalt-severe.jpg,240,360,139.2844212962963,546.0147275429474,False,train
c:/Users/Rivan/Projects/AI_Grand_Prix/data/_hf_snapshot/test_50k/2022050315185112-water-asphalt-severe.jpg,WET,202205031518,water,asphalt,severe,2022050315185112,db83794130dc30992f29985fde7d5ecd4d7c4b3ceb04da6be09e2ae2090d9023,2022050315185112-water-asphalt-severe.jpg,240,360,183.95409722222223,2272.3102995261866,False,train
c:/Users/Rivan/Projects/AI_Grand_Prix/data/_hf_snapshot/test_50k/2022050315193510-water-asphalt-severe.jpg,WET,202205031519,water,asphalt,severe,2022050315193510,d99b02e9c38960d3bedb5196bf026aa4213caa4db1f7716bbe2dc1a7a4cec1bd,2022050315193510-water-asphalt-severe.jpg,240,360,176.58447916666665,1261.700479445168,False,train
c:/Users/Rivan/Projects/AI_Grand_Prix/data/_hf_snapshot/test_50k/202205031519357-water-asphalt-severe.jpg,WET,202205031519,water,asphalt,severe,202205031519357,740b8f79365f578a91d3a0e52d2b0e69e1bf804b0f1bb95a0ce3e603ed629e6d,202205031519357-water-asphalt-severe.jpg,240,360,157.92472222222221,2495.115059286989,False,train
c:/Users/Rivan/Projects/AI_Grand_Prix/data/_hf_snapshot/test_50k/202205031519595-water-asphalt-slight.jpg,WET,202205031519,water,asphalt,slight,202205031519595,e05d092e6aa610e7c8debe8d5a00703fdc932a4c95c0e28f88b47b00a69cf060,202205031519595-water-asphalt-slight.jpg,240,360,191.4039236111111,261.00167432364003,False,train
c:/Users/Rivan/Projects/AI_Grand_Prix/data/_hf_snapshot/test_50k/2022050315214220-water-asphalt-severe.jpg,WET,202205031521,water,asphalt,severe,2022050315214220,5ded2d340c0645187b921620801605d0380bdb23b571b5692c3f245f057edb2d,2022050315214220-water-asphalt-severe.jpg,240,360,162.93913194444445,1790.7984163189087,False,train
c:/Users/Rivan/Projects/AI_Grand_Prix/data/_hf_snapshot/test_50k/202205031522144-water-asphalt-severe.jpg,WET,202205031522,water,asphalt,severe,202205031522144,bd8d15e2e717231097707693a80faa32ba5f0629a1796290d95a2d61866245be,202205031522144-water-asphalt-severe.jpg,240,360,154.8400462962963,1098.3211834442516,False,train
c:/Users/Rivan/Projects/AI_Grand_Prix/data/_hf_snapshot/test_50k/202205031522418-water-asphalt-severe.jpg,WET,202205031522,water,asphalt,severe,202205031522418,35ecf92b4e0ac79d2eea67976c3e1c32eb851057bf68b9e603c0d020fafc58b6,202205031522418-water-asphalt-severe.jpg,240,360,150.28439814814814,3139.7500217869892,False,train
c:/Users/Rivan/Projects/AI_Grand_Prix/data/_hf_snapshot/test_50k/202205031523474-water-asphalt-severe.jpg,WET,202205031523,water,asphalt,severe,202205031523474,f0a838068e5006b5dd3db029d8e00aab8e9d97d7ea332bf42a3cbbb2cfcedf23,202205031523474-water-asphalt-severe.jpg,240,360,157.37751157407408,817.3043152958624,False,train
c:/Users/Rivan/Projects/AI_Grand_Prix/data/_hf_snapshot/test_50k/2022050315251311-water-asphalt-severe.jpg,WET,202205031525,water,asphalt,severe,2022050315251311,feca6a386866066da1117e8257082da306cdc7587db35f7b68005a92c95521cd,2022050315251311-water-asphalt-severe.jpg,240,360,160.14215277777777,2187.355420265346,False,train
c:/Users/Rivan/Projects/AI_Grand_Prix/data/_hf_snapshot/test_50k/202205031530519-water-asphalt-severe.jpg,WET,202205031530,water,asphalt,severe,202205031530519,1009986e52699980c03c9c06f9ed7cace6fc9b0958646254c6f902866246f984,202205031530519-water-asphalt-severe.jpg,240,360,123.63680555555555,1549.7176501413269,False,train
c:/Users/Rivan/Projects/AI_Grand_Prix/data/_hf_snapshot/test_50k/202205031532501-wet-concrete-severe.jpg,DAMP,202205031532,wet,concrete,severe,202205031532501,8a5398a1e49e0173292bee80cc441562d41b7c088529df94803aa136ca3d6f0d,202205031532501-wet-concrete-severe.jpg,240,360,170.62612268518518,411.60807674039773,False,train
c:/Users/Rivan/Projects/AI_Grand_Prix/data/_hf_snapshot/test_50k/202205031533573-wet-concrete-severe.jpg,DAMP,202205031533,wet,concrete,severe,202205031533573,136b8e5309f8ea7e25c11b87fd63bca209a12f955e9a119194a25c4395c6af82,202205031533573-wet-concrete-severe.jpg,240,360,157.38646990740742,704.0021983003257,False,train
c:/Users/Rivan/Projects/AI_Grand_Prix/data/_hf_snapshot/test_50k/202205031541531-dry-concrete-severe.jpg,DRY,202205031541,dry,concrete,severe,202205031541531,61f4cb1afa337b66b5f3416e896863651c3f16ac28cf25dbe72c6fe10457796f,202205031541531-dry-concrete-severe.jpg,240,360,189.77868055555555,83.43550867573303,False,train
c:/Users/Rivan/Projects/AI_Grand_Prix/data/_hf_snapshot/test_50k/202205031549311-water-concrete-smooth.jpg,WET,202205031549,water,concrete,smooth,202205031549311,00bc504b461ff314771796f2a41e9f996ceaff4d11108b31c456b99e812211a5,202205031549311-water-concrete-smooth.jpg,240,360,122.89693287037036,300.0116904791184,False,train
c:/Users/Rivan/Projects/AI_Grand_Prix/data/_hf_snapshot/test_50k/202205031550271-water-concrete-severe.jpg,WET,202205031550,water,concrete,severe,202205031550271,51a059c39aee9b041c0d3ee3f48b7d9faac3fc75b1575dcb70867e49af0f7618,202205031550271-water-concrete-severe.jpg,240,360,192.9497337962963,276.4870702589163,False,train
c:/Users/Rivan/Projects/AI_Grand_Prix/data/_hf_snapshot/test_50k/2022050315512422-water-concrete-severe.jpg,WET,202205031551,water,concrete,severe,2022050315512422,8cb4ee8bae184d6efd7571de3814a47a009253e171bda423f5b310bac3b33be4,2022050315512422-water-concrete-severe.jpg,240,360,201.15443287037036,44.65514974909444,False,train
c:/Users/Rivan/Projects/AI_Grand_Prix/data/_hf_snapshot/test_50k/202205031552194-wet-concrete-severe.jpg,DAMP,202205031552,wet,concrete,severe,202205031552194,a53e8ad15a056e8d7ce01a7607bcfb5e44fd9eb806755e9c98e3cde565a01a97,202205031552194-wet-concrete-severe.jpg,240,360,183.24851851851852,187.07663580246916,False,train
c:/Users/Rivan/Projects/AI_Grand_Prix/data/_hf_snapshot/test_50k/202205031603121-wet-concrete-severe.jpg,DAMP,202205031603,wet,concrete,severe,202205031603121,fb31ae4f8bdc7abf1ab45add0dd9f0396e48d02f50af2526491be244cc538fe3,202205031603121-wet-concrete-severe.jpg,240,360,173.7983101851852,934.5382161988812,False,train
c:/Users/Rivan/Projects/AI_Grand_Prix/data/_hf_snapshot/test_50k/202205031604221280-wet-concrete-slight.jpg,DAMP,202205031604,wet,concrete,slight,202205031604221280,753e34c2dacbf28f0d58bb586e8fcc796204d7b72ef3fce124d18beea9b1f5f6,202205031604221280-wet-concrete-slight.jpg,240,360,191.634375,1283.600277327139,False,train
c:/Users/Rivan/Projects/AI_Grand_Prix/data/_hf_snapshot/test_50k/202205031605469-water-concrete-slight.jpg,WET,202205031605,water,concrete,slight,202205031605469,d30fdaec215de93466c191b7471484067ea17676c2cdb9380c7f5d25105a18c8,202205031605469-water-concrete-slight.jpg,240,360,184.0277199074074,35.35583007330247,False,train
c:/Users/Rivan/Projects/AI_Grand_Prix/data/_hf_snapshot/test_50k/202205031609304-water-concrete-slight.jpg,WET,202205031609,water,concrete,slight,202205031609304,4dcb14f2410ef1a106ad6714f1312c3d287b43d1f29d421018969597f65f87c3,202205031609304-water-concrete-slight.jpg,240,360,183.03761574074073,15.38305405039009,False,train
c:/Users/Rivan/Projects/AI_Grand_Prix/data/_hf_snapshot/test_50k/202205031613146-water-concrete-severe.jpg,WET,202205031613,water,concrete,severe,202205031613146,a44ed854057cad0804b532c2b18af9e4d8d799374b447a8c2c608b341e83a352,202205031613146-water-concrete-severe.jpg,240,360,195.74462962962963,639.2126405862857,False,train
c:/Users/Rivan/Projects/AI_Grand_Prix/data/_hf_snapshot/test_50k/202205031613504-water-concrete-severe.jpg,WET,202205031613,water,concrete,severe,202205031613504,6aa1cab8d61ea10407499917b6f0fc322006828819e812b4db651ceb7ab01171,202205031613504-water-concrete-severe.jpg,240,360,195.59640046296298,425.21044619006665,False,train
c:/Users/Rivan/Projects/AI_Grand_Prix/data/_hf_snapshot/test_50k/202205031614416-water-concrete-severe.jpg,WET,202205031614,water,concrete,severe,202205031614416,cde0fb682cd9d950d22a0bfe7dad9b0600d87df30891c2285b7d14c097edf6a5,202205031614416-water-concrete-severe.jpg,240,360,176.00952546296296,2052.8440941015087,False,train
c:/Users/Rivan/Projects/AI_Grand_Prix/data/_hf_snapshot/test_50k/202205031622173-wet-asphalt-slight.jpg,DAMP,202205031622,wet,asphalt,slight,202205031622173,c2934daad6607e4a303e604a29922f52726ea804dbef8a7f6bc788023a09cffe,202205031622173-wet-asphalt-slight.jpg,240,360,136.76069444444445,626.7953093085562,False,train
c:/Users/Rivan/Projects/AI_Grand_Prix/data/_hf_snapshot/test_50k/202205031623009-wet-asphalt-slight.jpg,DAMP,202205031623,wet,asphalt,slight,202205031623009,dbbffe3cd922ea1f7717e0502def3e1eebd85496a05a05adb2810c587dc5ec40,202205031623009-wet-asphalt-slight.jpg,240,360,129.92708333333334,1662.0884795090662,False,train
c:/Users/Rivan/Projects/AI_Grand_Prix/data/_hf_snapshot/test_50k/202205031629353-wet-asphalt-severe.jpg,DAMP,202205031629,wet,asphalt,severe,202205031629353,22bf670247b80fc0e466dbd1c2712c83f7be2803b85e6eed1e47d1c107ef6a35,202205031629353-wet-asphalt-severe.jpg,240,360,113.82290509259259,902.4189868022066,False,train
c:/Users/Rivan/Projects/AI_Grand_Prix/data/_hf_snapshot/test_50k/202205031632115-wet-concrete-smooth.jpg,DAMP,202205031632,wet,concrete,smooth,202205031632115,8e109272ce2adb01701c6afb921e7d0056a85d798f1f53017adf06e03ff63584,202205031632115-wet-concrete-smooth.jpg,240,360,145.80641203703703,348.56843518464933,False,train
c:/Users/Rivan/Projects/AI_Grand_Prix/data/_hf_snapshot/test_50k/202205031634442-water-asphalt-slight.jpg,WET,202205031634,water,asphalt,slight,202205031634442,d26e38665fa716f3d1e72f463d3c94735712b2e746517b6d1f0135b8ce515f1f,202205031634442-water-asphalt-slight.jpg,240,360,107.08144675925926,448.2082028001489,False,train
c:/Users/Rivan/Projects/AI_Grand_Prix/data/_hf_snapshot/test_50k/2022050316371811-dry-concrete-severe.jpg,DRY,202205031637,dry,concrete,severe,2022050316371811,86862ef188bc3ace42511244312016927d6b9487a57b3ab8b30d2c75552c0d4d,2022050316371811-dry-concrete-severe.jpg,240,360,144.84532407407409,610.9417860230999,False,train
c:/Users/Rivan/Projects/AI_Grand_Prix/data/_hf_snapshot/test_50k/202205031638109-dry-asphalt-slight.jpg,DRY,202205031638,dry,asphalt,slight,202205031638109,8bd60cd05fb07d8fb08f59da8e0df318781175a5025d703ad76f0d51599203db,202205031638109-dry-asphalt-slight.jpg,240,360,135.37402777777777,2094.8080321480625,False,train
c:/Users/Rivan/Projects/AI_Grand_Prix/data/_hf_snapshot/test_50k/202205031646263-dry-asphalt-slight.jpg,DRY,202205031646,dry,asphalt,slight,202205031646263,53622584b87d88035623aa22caa722ae580a220a5944cf315c062f94c575ceba,202205031646263-dry-asphalt-slight.jpg,240,360,156.5414236111111,3259.2275327823586,False,train
c:/Users/Rivan/Projects/AI_Grand_Prix/data/_hf_snapshot/test_50k/202205031648273-water-concrete-severe.jpg,WET,202205031648,water,concrete,severe,202205031648273,43dddbb54b60d55dbc2135713499cbf55af3bc18f69212903eaaf6b0a78fde5e,202205031648273-water-concrete-severe.jpg,240,360,154.73630787037038,75.64051618441358,False,train
c:/Users/Rivan/Projects/AI_Grand_Prix/data/_hf_snapshot/test_50k/202205031654001-water-asphalt-slight.jpg,WET,202205031654,water,asphalt,slight,202205031654001,7a67b1851a4e8003747adda91d68f2a43d6de9803e4b236dc21d18c366638bbf,202205031654001-water-asphalt-slight.jpg,240,360,165.17822916666665,302.927618280473,False,train
c:/Users/Rivan/Projects/AI_Grand_Prix/data/_hf_snapshot/test_50k/2022050316575711-water-concrete-slight.jpg,WET,202205031657,water,concrete,slight,2022050316575711,c0bff316d38e6a7505bb39f217eadd2224e0db55b4802f94daba68e7e904b676,2022050316575711-water-concrete-slight.jpg,240,360,182.93900462962964,313.6650826355399,False,train
c:/Users/Rivan/Projects/AI_Grand_Prix/data/_hf_snapshot/test_50k/2022050316575712-water-concrete-slight.jpg,WET,202205031657,water,concrete,slight,2022050316575712,9837ab2dcc181913afb013b192e0a3c93020324225c297257ffe4e7a0ca1248d,2022050316575712-water-concrete-slight.jpg,240,360,174.8941550925926,205.7135271185646,False,train
c:/Users/Rivan/Projects/AI_Grand_Prix/data/_hf_snapshot/test_50k/2022050316575726-water-concrete-slight.jpg,WET,202205031657,water,concrete,slight,2022050316575726,d5bc94f13b16daf10bb61de80702e21c304067740925e043ca0dfde31b206dc3,2022050316575726-water-concrete-slight.jpg,240,360,174.11667824074075,114.52902426215279,False,train
c:/Users/Rivan/Projects/AI_Grand_Prix/data/_hf_snapshot/test_50k/202205031657574-water-concrete-severe.jpg,WET,202205031657,water,concrete,severe,202205031657574,9416f2a88c104d20c6ebaca839843631bc1e63c5b43962a1578d39170e067b7b,202205031657574-water-concrete-severe.jpg,240,360,169.6162615740741,73.4382993805727,False,train
c:/Users/Rivan/Projects/AI_Grand_Prix/data/_hf_snapshot/test_50k/2022050316581913-water-concrete-slight.jpg,WET,202205031658,water,concrete,slight,2022050316581913,2246b366e1246e7676bd2f02e235736cf2f09c130ee09f4189651cb4ca3990b0,2022050316581913-water-concrete-slight.jpg,240,360,159.8038425925926,46.514220527772416,False,train
c:/Users/Rivan/Projects/AI_Grand_Prix/data/_hf_snapshot/test_50k/202205031704573-water-concrete-severe.jpg,WET,202205031704,water,concrete,severe,202205031704573,df3e0c4c9433e9a0567004e15259741b3cc578dcd37178da92fb4eeda2c3adce,202205031704573-water-concrete-severe.jpg,240,360,164.8822800925926,30.312966767403974,False,train
c:/Users/Rivan/Projects/AI_Grand_Prix/data/_hf_snapshot/test_50k/202205031710531353-wet-concrete-slight.jpg,DAMP,202205031710,wet,concrete,slight,202205031710531353,b4150c4bb9b84b787986adb05e015f6ddc79f7e42eaf932a986ccd4fcc3df935,202205031710531353-wet-concrete-slight.jpg,240,360,166.80337962962963,2883.1240332849743,False,train
c:/Users/Rivan/Projects/AI_Grand_Prix/data/_hf_snapshot/test_50k/202205031716044-wet-asphalt-slight.jpg,DAMP,202205031716,wet,asphalt,slight,202205031716044,e23dce6c6c032411b1fbc7bf45f34e230dfc9d21847575e6d915a498b1397b70,202205031716044-wet-asphalt-slight.jpg,240,360,152.00444444444443,3972.297730297818,False,train
c:/Users/Rivan/Projects/AI_Grand_Prix/data/_hf_snapshot/test_50k/202205031716579-wet-asphalt-severe.jpg,DAMP,202205031716,wet,asphalt,severe,202205031716579,1a0a3cb0b5042fb3b6265f444c1daf7862dff02678ae04cd4225e35c25b1629b,202205031716579-wet-asphalt-severe.jpg,240,360,147.41760416666668,4203.356190937929,False,train
c:/Users/Rivan/Projects/AI_Grand_Prix/data/_hf_snapshot/test_50k/2022050317175411-wet-asphalt-slight.jpg,DAMP,202205031717,wet,asphalt,slight,2022050317175411,527e963dc8a1679922e739da986ae625989930efde26fefca40f1d6586e59854,2022050317175411-wet-asphalt-slight.jpg,240,360,160.32635416666668,3686.9455826817557,False,train
c:/Users/Rivan/Projects/AI_Grand_Prix/data/_hf_snapshot/test_50k/202205031718353-water-concrete-severe.jpg,WET,202205031718,water,concrete,severe,202205031718353,b8f3a8f17a1d2b7b84e0811813a7e21d896c4b9b8294b02b783419972b7857d8,202205031718353-water-concrete-severe.jpg,240,360,187.85847222222222,1120.1508626916957,False,train
c:/Users/Rivan/Projects/AI_Grand_Prix/data/_hf_snapshot/test_50k/202205031719362-water-concrete-severe.jpg,WET,202205031719,water,concrete,severe,202205031719362,f6778cd2a7cf5217c86a7cca3f1d21328ea8e0a581b070ff9d0b788e32929658,202205031719362-water-concrete-severe.jpg,240,360,179.4093287037037,1527.982005314295,False,train
c:/Users/Rivan/Projects/AI_Grand_Prix/data/_hf_snapshot/test_50k/202205031722191-wet-asphalt-slight.jpg,DAMP,202205031722,wet,asphalt,slight,202205031722191,ea4100aa62e880c6f8d69cab101ec65f1bb41c6276eea29970d05f1357d5863d,202205031722191-wet-asphalt-slight.jpg,240,360,149.3565162037037,5114.958396835885,False,train
c:/Users/Rivan/Projects/AI_Grand_Prix/data/_hf_snapshot/test_50k/202205031723042-dry-concrete-severe.jpg,DRY,202205031723,dry,concrete,severe,202205031723042,ddd4cec8e06375ece0a6708a7312f6a9df53aafb46bb0411641b8fa4a7226380,202205031723042-dry-concrete-severe.jpg,240,360,183.02456018518518,447.38084284765097,False,train
c:/Users/Rivan/Projects/AI_Grand_Prix/data/_hf_snapshot/test_50k/202205031727359-water-concrete-severe.jpg,WET,202205031727,water,concrete,severe,202205031727359,6eedda0dced063a0f8899965f436a2d7350cfcf31fd01416e1d9339c84dd7198,202205031727359-water-concrete-severe.jpg,240,360,158.72813657407409,925.8218149915068,False,train
c:/Users/Rivan/Projects/AI_Grand_Prix/data/_hf_snapshot/test_50k/2022050317313711-wet-concrete-severe.jpg,DAMP,202205031731,wet,concrete,severe,2022050317313711,1480b465fb068598b612a86a88f8bdb6c3398b1468de83abd4f99cfcc79a2a00,2022050317313711-wet-concrete-severe.jpg,240,360,159.47640046296297,785.7687035831406,False,train
c:/Users/Rivan/Projects/AI_Grand_Prix/data/_hf_snapshot/test_50k/202205031748394-water-asphalt-slight.jpg,WET,202205031748,water,asphalt,slight,202205031748394,7b53c89dceff1abb67badcb37467c5e6b695589a09533ca587ee308dc193699b,202205031748394-water-asphalt-slight.jpg,240,360,157.04888888888888,2746.3112894642436,False,train
c:/Users/Rivan/Projects/AI_Grand_Prix/data/_hf_snapshot/test_50k/202205031748398-water-asphalt-slight.jpg,WET,202205031748,water,asphalt,slight,202205031748398,2996ea8984b991428612e4f7a97e9fc033af6b72b0e9004ce707760ee17a02c6,202205031748398-water-asphalt-slight.jpg,240,360,142.88756944444444,3715.715997421419,False,train
c:/Users/Rivan/Projects/AI_Grand_Prix/data/_hf_snapshot/test_50k/202205031848511-water-asphalt-slight.jpg,WET,202205031848,water,asphalt,slight,202205031848511,b6c8ca5d817456db400608084ec9c94c1d6ecbfc92e56cdf0e04c55ef1b5fdd0,202205031848511-water-asphalt-slight.jpg,240,360,138.93759259259258,39.65738792317709,False,train
c:/Users/Rivan/Projects/AI_Grand_Prix/data/_hf_snapshot/test_50k/2022050319100715-water-asphalt-severe.jpg,WET,202205031910,water,asphalt,severe,2022050319100715,6779a98bacc128f434689d1bdd9dc67f49b95a7dbbb9d8948d1b0b09a0ef6344,2022050319100715-water-asphalt-severe.jpg,240,360,144.00050925925925,640.5584057591735,False,train
c:/Users/Rivan/Projects/AI_Grand_Prix/data/_hf_snapshot/test_50k/202205031944511-dry-asphalt-severe.jpg,DRY,202205031944,dry,asphalt,severe,202205031944511,21ec80e78b3aa7bf4b1ee97fe75d3b01e59a401c3c9bf14c4526ad63b9c97db6,202205031944511-dry-asphalt-severe.jpg,240,360,154.98361111111112,348.56541277635785,False,train
c:/Users/Rivan/Projects/AI_Grand_Prix/data/_hf_snapshot/test_50k/202205031954111-wet-concrete-severe.jpg,DAMP,202205031954,wet,concrete,severe,202205031954111,949ce24b1f50d39286d205185610ebff4bb9ed42663606369b3c8d41744928c0,202205031954111-wet-concrete-severe.jpg,240,360,144.8217824074074,1035.968182799506,False,train
c:/Users/Rivan/Projects/AI_Grand_Prix/data/_hf_snapshot/test_50k/202205032023281-dry-asphalt-slight.jpg,DRY,202205032023,dry,asphalt,slight,202205032023281,5c0f07afe2567b60ca1ce99e77d42e0427547d95c56bac2282ab1965a60c3b4f,202205032023281-dry-asphalt-slight.jpg,240,360,127.23648148148148,1745.1326031720196,False,train
c:/Users/Rivan/Projects/AI_Grand_Prix/data/_hf_snapshot/test_50k/202205032030212-wet-asphalt-severe.jpg,DAMP,202205032030,wet,asphalt,severe,202205032030212,15e9c549e94790245188a73480d5ad2b5ac6fb75e77aad9955396f60dfb9b642,202205032030212-wet-asphalt-severe.jpg,240,360,176.21775462962964,1480.0002633659124,False,train
c:/Users/Rivan/Projects/AI_Grand_Prix/data/_hf_snapshot/test_50k/202205032058498-dry-asphalt-severe.jpg,DRY,202205032058,dry,asphalt,severe,202205032058498,1ccdcc6b60ccc75325f40bdf070356c455cb4cbc4d1573fff057a334cdeee6f0,202205032058498-dry-asphalt-severe.jpg,240,360,177.09663194444445,287.1676349772805,False,train
c:/Users/Rivan/Projects/AI_Grand_Prix/data/_hf_snapshot/test_50k/202205032104261-wet-asphalt-slight.jpg,DAMP,202205032104,wet,asphalt,slight,202205032104261,b10c3c0e8ec5250e37f4d0d66bc0008c6341a130af26f85a03a1a15ec0c7d159,202205032104261-wet-asphalt-slight.jpg,240,360,125.62185185185186,4493.29074305435,False,train
c:/Users/Rivan/Projects/AI_Grand_Prix/data/_hf_snapshot/test_50k/202205032114105-wet-asphalt-severe.jpg,DAMP,202205032114,wet,asphalt,severe,202205032114105,eb689bca53c7898fddad53bb9fed40c84eb6a9c85f5b0c97b80a5f65bbe5d203,202205032114105-wet-asphalt-severe.jpg,240,360,157.90266203703703,2228.700660487263,False,train
c:/Users/Rivan/Projects/AI_Grand_Prix/data/_hf_snapshot/test_50k/202205032117271-water-concrete-severe.jpg,WET,202205032117,water,concrete,severe,202205032117271,47b7a82a8b9b53406fdee64aa601ce87a20f0eab38d18ded552253c9b981b4b0,202205032117271-water-concrete-severe.jpg,240,360,167.4389351851852,3094.6488620750815,False,train
c:/Users/Rivan/Projects/AI_Grand_Prix/data/_hf_snapshot/test_50k/202205032152012-water-asphalt-slight.jpg,WET,202205032152,water,asphalt,slight,202205032152012,e451946bbe508a5969785e0ae8eae5f11a0a57e8e05facd2096f7cc215a7e9ae,202205032152012-water-asphalt-slight.jpg,240,360,168.08303240740742,306.3536069615912,False,train
c:/Users/Rivan/Projects/AI_Grand_Prix/data/_hf_snapshot/test_50k/202205032155161-wet-concrete-severe.jpg,DAMP,202205032155,wet,concrete,severe,202205032155161,4c39408067a65f9dd3efe0c6957c0af83d5eec44a9f2d070c082be846f8d9a82,202205032155161-wet-concrete-severe.jpg,240,360,147.09530092592593,630.8860875723379,False,train
c:/Users/Rivan/Projects/AI_Grand_Prix/data/_hf_snapshot/test_50k/202205032156532-wet-asphalt-slight.jpg,DAMP,202205032156,wet,asphalt,slight,202205032156532,64ef58b444dcadf86758ba481476a863e072cb47cfaec8a72465d2fde4cf2341,202205032156532-wet-asphalt-slight.jpg,240,360,132.86431712962963,1017.2926733533736,False,train
c:/Users/Rivan/Projects/AI_Grand_Prix/data/_hf_snapshot/test_50k/202205032159041-wet-asphalt-slight.jpg,DAMP,202205032159,wet,asphalt,slight,202205032159041,f61603cf637a6ecb12d0c769dd0d584341bd2b72cf869ae1603c88cc974c81ca,202205032159041-wet-asphalt-slight.jpg,240,360,139.39388888888888,1921.0283650643805,False,train
c:/Users/Rivan/Projects/AI_Grand_Prix/data/_hf_snapshot/test_50k/202205032200013-wet-asphalt-severe.jpg,DAMP,202205032200,wet,asphalt,severe,202205032200013,f095ca33aacec04882815917d43d45e3a1f212db307bae11fde7ccf495ae92ac,202205032200013-wet-asphalt-severe.jpg,240,360,174.98984953703703,1364.6703946747202,False,train
c:/Users/Rivan/Projects/AI_Grand_Prix/data/_hf_snapshot/test_50k/202205032200127-wet-asphalt-severe.jpg,DAMP,202205032200,wet,asphalt,severe,202205032200127,86496d0bf6e40bec255f98967d9882c9aeea088b7f5638325b6e45a88456672a,202205032200127-wet-asphalt-severe.jpg,240,360,159.55372685185185,471.6986553235382,False,train
c:/Users/Rivan/Projects/AI_Grand_Prix/data/_hf_snapshot/test_50k/2022050322024419-water-asphalt-severe.jpg,WET,202205032202,water,asphalt,severe,2022050322024419,d234437374dd5f72bc15c84de1245a23a567946a53b40e8e5c8a168e3a08461f,2022050322024419-water-asphalt-severe.jpg,240,360,216.93837962962962,110.21828357754096,False,train
c:/Users/Rivan/Projects/AI_Grand_Prix/data/_hf_snapshot/test_50k/202205032205206-water-asphalt-slight.jpg,WET,202205032205,water,asphalt,slight,202205032205206,782fd862257902aab11df92311eb26ac7b194adfa249e5593b10d8a38ab4f332,202205032205206-water-asphalt-slight.jpg,240,360,190.28046296296296,4.61792796947338,False,train
c:/Users/Rivan/Projects/AI_Grand_Prix/data/_hf_snapshot/test_50k/2022050322054110-water-asphalt-slight.jpg,WET,202205032205,water,asphalt,slight,2022050322054110,892e1308ee7d8c3b54c32e8398d2a6e840ba8c5cc79d3d979fa0106f92dcfb93,2022050322054110-water-asphalt-slight.jpg,240,360,194.20597222222221,1042.8993002314817,False,train
c:/Users/Rivan/Projects/AI_Grand_Prix/data/_hf_snapshot/test_50k/2022050322054122-water-asphalt-slight.jpg,WET,202205032205,water,asphalt,slight,2022050322054122,7669733df243b6c2b38b2ea5e7e6c0c8a1d9ff0a87a82d43029cbb0a547e6970,2022050322054122-water-asphalt-slight.jpg,240,360,195.23741898148148,15.763552487220295,False,train
c:/Users/Rivan/Projects/AI_Grand_Prix/data/_hf_snapshot/test_50k/202205032207281-water-concrete-severe.jpg,WET,202205032207,water,concrete,severe,202205032207281,f7a2645bdf4b8f23f758ae20116c7d7ea6c60ef9b2b0b310502cdda4204224f2,202205032207281-water-concrete-severe.jpg,240,360,158.73019675925926,2902.3681239485545,False,train
c:/Users/Rivan/Projects/AI_Grand_Prix/data/_hf_snapshot/test_50k/202205032224185-wet-concrete-severe.jpg,DAMP,202205032224,wet,concrete,severe,202205032224185,1867405dec780d33bcb8d3546eae0aeb733c8b0b188d55dfd9fcfb2e8cb751de,202205032224185-wet-concrete-severe.jpg,240,360,153.98533564814815,255.4843352537723,False,train
c:/Users/Rivan/Projects/AI_Grand_Prix/data/_hf_snapshot/test_50k/202205032224187-wet-concrete-severe.jpg,DAMP,202205032224,wet,concrete,severe,202205032224187,c3a2a2203f5c96ee75d6707d94f2fbd9e16a085efa8683200b80a5d5bd422751,202205032224187-wet-concrete-severe.jpg,240,360,156.6182638888889,718.0756807772581,False,train
c:/Users/Rivan/Projects/AI_Grand_Prix/data/_hf_snapshot/test_50k/202205032225358-wet-asphalt-slight.jpg,DAMP,202205032225,wet,asphalt,slight,202205032225358,9dba37a6a2fdc5fcd6c5f022dfbdc7ca3806b8f0476cb3683e119f261be4ac00,202205032225358-wet-asphalt-slight.jpg,240,360,136.2066087962963,3053.1481126702624,False,train
c:/Users/Rivan/Projects/AI_Grand_Prix/data/_hf_snapshot/test_50k/202205032233173-dry-concrete-severe.jpg,DRY,202205032233,dry,concrete,severe,202205032233173,b6dc6d43b1655009c7dbc1326c9cfe393e248cac4c7f7106cb3b882d03ac8f7f,202205032233173-dry-concrete-severe.jpg,240,360,137.2502199074074,371.2878240740741,False,train
c:/Users/Rivan/Projects/AI_Grand_Prix/data/_hf_snapshot/test_50k/202205032233382-water-concrete-severe.jpg,WET,202205032233,water,concrete,severe,202205032233382,1fe4cb896728c7cce6a98522a11a03783f4019e1ce9e82f03f05838b88dfe5dd,202205032233382-water-concrete-severe.jpg,240,360,131.62653935185185,156.0876376007373,False,train
c:/Users/Rivan/Projects/AI_Grand_Prix/data/_hf_snapshot/test_50k/202205032247442-wet-asphalt-slight.jpg,DAMP,202205032247,wet,asphalt,slight,202205032247442,c957acc7b52d32d809242118484732216ab1b3323fe665ad3733eaea12ada8cd,202205032247442-wet-asphalt-slight.jpg,240,360,143.52987268518518,1747.713175538918,False,train
c:/Users/Rivan/Projects/AI_Grand_Prix/data/_hf_snapshot/test_50k/202205032247595-dry-asphalt-slight.jpg,DRY,202205032247,dry,asphalt,slight,202205032247595,64e3c5b2b5b2b02ffabacc39a8ccef5d05a403eaccb98e48446e34e8d8c4f9fd,202205032247595-dry-asphalt-slight.jpg,240,360,130.6578587962963,5015.7430181261525,False,train
c:/Users/Rivan/Projects/AI_Grand_Prix/data/_hf_snapshot/test_50k/202205032252254-dry-concrete-severe.jpg,DRY,202205032252,dry,concrete,severe,202205032252254,3a24064365096f65d91c90ef6f389384af9ba40e73fe30f2c43b6230d16d2fb8,202205032252254-dry-concrete-severe.jpg,240,360,170.97091435185186,111.83091422311708,False,train
c:/Users/Rivan/Projects/AI_Grand_Prix/data/_hf_snapshot/test_50k/202205032303391-dry-asphalt-slight.jpg,DRY,202205032303,dry,asphalt,slight,202205032303391,44c2c062109d98799c832f0d447aaa525a852f4c4dbfa5101c1d280e059c4893,202205032303391-dry-asphalt-slight.jpg,240,360,134.4345138888889,1931.773143156293,False,train
c:/Users/Rivan/Projects/AI_Grand_Prix/data/_hf_snapshot/test_50k/2022050323113316-dry-asphalt-slight.jpg,DRY,202205032311,dry,asphalt,slight,2022050323113316,2bf3c99b51db642b194f87ef017b12d22bbf78690e48bd9fb708665b048422e3,2022050323113316-dry-asphalt-slight.jpg,240,360,117.24569444444444,916.3856845336077,False,train
c:/Users/Rivan/Projects/AI_Grand_Prix/data/_hf_snapshot/test_50k/202205032324232-dry-concrete-severe.jpg,DRY,202205032324,dry,concrete,severe,202205032324232,091fe6c24ebc09c709d968ce6be61ef76dcb7d4f5cd30041914c2b191bd28275,202205032324232-dry-concrete-severe.jpg,240,360,141.90758101851853,283.0870046933942,False,train
c:/Users/Rivan/Projects/AI_Grand_Prix/data/_hf_snapshot/test_50k/202205032328082-water-concrete-slight.jpg,WET,202205032328,water,concrete,slight,202205032328082,aea1dd7cd1eba46f5104da9b70fea507d332fbdf6f2347c91fef8247b9cdf7cc,202205032328082-water-concrete-slight.jpg,240,360,117.75866898148148,186.67335184702932,False,train
c:/Users/Rivan/Projects/AI_Grand_Prix/data/_hf_snapshot/test_50k/202205032328212-water-concrete-severe.jpg,WET,202205032328,water,concrete,severe,202205032328212,022d9fd57543dcf0be072d9efa97cc824e51d5912722f98d43c3d684d2772f47,202205032328212-water-concrete-severe.jpg,240,360,110.4083912037037,149.5322388353052,False,train
c:/Users/Rivan/Projects/AI_Grand_Prix/data/_hf_snapshot/test_50k/202205032337381-water-concrete-severe.jpg,WET,202205032337,water,concrete,severe,202205032337381,a62a943486ffbde59bbdecc98dcd0225eb8668607f6c7d1ba9e8227999f39756,202205032337381-water-concrete-severe.jpg,240,360,130.89447916666666,481.46268903986083,False,train
c:/Users/Rivan/Projects/AI_Grand_Prix/data/_hf_snapshot/test_50k/202205032344351-wet-asphalt-slight.jpg,DAMP,202205032344,wet,asphalt,slight,202205032344351,dd49006ee32434a9812e242fae478be7e89f77ae30ef5b558960f24d1f72fb4a,202205032344351-wet-asphalt-slight.jpg,240,360,184.7098611111111,1881.9986330755958,False,train
c:/Users/Rivan/Projects/AI_Grand_Prix/data/_hf_snapshot/test_50k/202205041213345-water-asphalt-slight.jpg,WET,202205041213,water,asphalt,slight,202205041213345,d93a8c6558def3e5cae8a497175cdd02dcd7bc19825dd2f5317b2ee31ffee276,202205041213345-water-asphalt-slight.jpg,240,360,181.3660763888889,423.49547684970844,False,train
c:/Users/Rivan/Projects/AI_Grand_Prix/data/_hf_snapshot/test_50k/202205041217174-water-asphalt-slight.jpg,WET,202205041217,water,asphalt,slight,202205041217174,a65c43e9aefe5a8f3df0e260baf61977c6fce863a41b4a75b9020588718cbc74,202205041217174-water-asphalt-slight.jpg,240,360,204.5417013888889,452.343710441851,False,train
c:/Users/Rivan/Projects/AI_Grand_Prix/data/_hf_snapshot/test_50k/202205041220582-water-asphalt-slight.jpg,WET,202205041220,water,asphalt,slight,202205041220582,aedcb4c104d8362c89e38bb44df615327b155b39cd7a8a72085aa0f2b8af3758,202205041220582-water-asphalt-slight.jpg,240,360,183.07800925925926,1802.0311444185902,False,train
c:/Users/Rivan/Projects/AI_Grand_Prix/data/_hf_snapshot/test_50k/202205041223062-water-asphalt-severe.jpg,WET,202205041223,water,asphalt,severe,202205041223062,d5a9da4862b472991a9168626a945cbfee848d20f04d91fb8c7f8e11c5e1bfd6,202205041223062-water-asphalt-severe.jpg,240,360,111.87885416666667,645.4695908081222,False,train
c:/Users/Rivan/Projects/AI_Grand_Prix/data/_hf_snapshot/test_50k/202205041237011-wet-asphalt-slight.jpg,DAMP,202205041237,wet,asphalt,slight,202205041237011,dec3cd60637ee42df0fa926fc732313fd320d2592114b04b07c4b58060fcf24d,202205041237011-wet-asphalt-slight.jpg,240,360,130.65849537037036,6835.519487589485,False,train
c:/Users/Rivan/Projects/AI_Grand_Prix/data/_hf_snapshot/test_50k/202205041237091-wet-asphalt-slight.jpg,DAMP,202205041237,wet,asphalt,slight,202205041237091,c86fd41ab9050ee59f1758b39717cac0e537f174cea6e85966c81ef62938ec31,202205041237091-wet-asphalt-slight.jpg,240,360,127.1904050925926,4845.88575992785,False,train
c:/Users/Rivan/Projects/AI_Grand_Prix/data/_hf_snapshot/test_50k/202205041238163-water-asphalt-slight.jpg,WET,202205041238,water,asphalt,slight,202205041238163,647c42b4e56ff043450925231961b1cea2b8d9518ff4b32a6e0ca3bce8eb8885,202205041238163-water-asphalt-slight.jpg,240,360,180.3137152777778,2955.3439083456574,False,train
c:/Users/Rivan/Projects/AI_Grand_Prix/data/_hf_snapshot/test_50k/202205041241437-water-asphalt-slight.jpg,WET,202205041241,water,asphalt,slight,202205041241437,9b8bcf52bdd78a225eaf4215ea5e1542c418209c955b7ce7cf3a02821b4622da,202205041241437-water-asphalt-slight.jpg,240,360,121.7309375,904.6617194989658,False,train
c:/Users/Rivan/Projects/AI_Grand_Prix/data/_hf_snapshot/test_50k/202205041251273-water-concrete-severe.jpg,WET,202205041251,water,concrete,severe,202205041251273,f0130027190fc5e52860490fc3920fd3e1d56b2cc252c77eff93522d08d8d08b,202205041251273-water-concrete-severe.jpg,240,360,143.82230324074075,552.1115857251747,False,train
c:/Users/Rivan/Projects/AI_Grand_Prix/data/_hf_snapshot/test_50k/202205041303082-water-asphalt-severe.jpg,WET,202205041303,water,asphalt,severe,202205041303082,852e8ff9d5aa10fe122666cddbfcdc5f055d39ce1f1a1c34c1fe912954101730,202205041303082-water-asphalt-severe.jpg,240,360,151.55380787037038,1167.9821041645232,False,train
c:/Users/Rivan/Projects/AI_Grand_Prix/data/_hf_snapshot/test_50k/202205041312249-water-asphalt-slight.jpg,WET,202205041312,water,asphalt,slight,202205041312249,e603d6849e2de68d3b4b4168296db79d2fe95048d82f9f10523c7cb1bd7ef3c4,202205041312249-water-asphalt-slight.jpg,240,360,166.1778125,2483.6440504436728,False,train
c:/Users/Rivan/Projects/AI_Grand_Prix/data/_hf_snapshot/test_50k/202205041312495-water-asphalt-slight.jpg,WET,202205041312,water,asphalt,slight,202205041312495,fca4269890f6d499e03770f6e1e3de39a5f31c03cf9abf6a3d7080c06489fb1e,202205041312495-water-asphalt-slight.jpg,240,360,150.39005787037038,4217.441477375766,False,train
c:/Users/Rivan/Projects/AI_Grand_Prix/data/_hf_snapshot/test_50k/202205041338181-water-asphalt-slight.jpg,WET,202205041338,water,asphalt,slight,202205041338181,9ca7216e67f7719678754cb774f9cff08533015a4c7ae2dcf6b0633140aaa5dd,202205041338181-water-asphalt-slight.jpg,240,360,159.87234953703702,433.38470254509065,False,train
c:/Users/Rivan/Projects/AI_Grand_Prix/data/_hf_snapshot/test_50k/202205041338515-water-asphalt-slight.jpg,WET,202205041338,water,asphalt,slight,202205041338515,e40a38eba5b5cc2553e15cfb7b9f24b96a6c8bccfbc8afd91fe3d43ca19fa070,202205041338515-water-asphalt-slight.jpg,240,360,155.50234953703705,3868.9024408745654,False,train
c:/Users/Rivan/Projects/AI_Grand_Prix/data/_hf_snapshot/test_50k/2022050413542111-wet-asphalt-slight.jpg,DAMP,202205041354,wet,asphalt,slight,2022050413542111,60a4c6586afb7a7b837968044ec934c40fb6436f47342175e57e8fb2bd650915,2022050413542111-wet-asphalt-slight.jpg,240,360,151.30037037037036,5587.077131925154,False,train
c:/Users/Rivan/Projects/AI_Grand_Prix/data/_hf_snapshot/test_50k/2022050413560616-wet-asphalt-slight.jpg,DAMP,202205041356,wet,asphalt,slight,2022050413560616,9b3d73a252337331c17f0f58a2783fabe2c65b2b070fff6701216da15ff66f72,2022050413560616-wet-asphalt-slight.jpg,240,360,132.63760416666668,5726.847249292561,False,train
c:/Users/Rivan/Projects/AI_Grand_Prix/data/_hf_snapshot/test_50k/2022050413575117-dry-asphalt-slight.jpg,DRY,202205041357,dry,asphalt,slight,2022050413575117,fc44370b1d1a055911512afc34ae13354d0df1cf5e023c92547af442c57f6de2,2022050413575117-dry-asphalt-slight.jpg,240,360,170.3804861111111,845.3763020531926,False,train
c:/Users/Rivan/Projects/AI_Grand_Prix/data/_hf_snapshot/test_50k/202205041358171-dry-asphalt-slight.jpg,DRY,202205041358,dry,asphalt,slight,202205041358171,fd181c73ffd656ce24e385c16650fec496fea226a65adbf6fdc38828978ee3e1,202205041358171-dry-asphalt-slight.jpg,240,360,178.73481481481483,5811.166006275185,False,train
c:/Users/Rivan/Projects/AI_Grand_Prix/data/_hf_snapshot/test_50k/202205041403561-dry-asphalt-slight.jpg,DRY,202205041403,dry,asphalt,slight,202205041403561,db59f3046a75ccd5a1ef9899d864912f759dd06dcfebb539227cd3edccd5f775,202205041403561-dry-asphalt-slight.jpg,240,360,165.7903587962963,1947.0097087427125,False,train
c:/Users/Rivan/Projects/AI_Grand_Prix/data/_hf_snapshot/test_50k/202205041410488-wet-asphalt-slight.jpg,DAMP,202205041410,wet,asphalt,slight,202205041410488,667f629ae7dc10e415d19aab7a7c8859e827d9e66ef69bf7c0c7ddb67ceaaa1f,202205041410488-wet-asphalt-slight.jpg,240,360,167.7319097222222,1337.2812486388407,False,train
c:/Users/Rivan/Projects/AI_Grand_Prix/data/_hf_snapshot/test_50k/202205041419462-wet-asphalt-slight.jpg,DAMP,202205041419,wet,asphalt,slight,202205041419462,2044d3985698ced67ed6605eedf52aa86ea0e2f3fc165b7342a9cc3a03a2b992,202205041419462-wet-asphalt-slight.jpg,240,360,160.82556712962963,754.4872357488855,False,train
c:/Users/Rivan/Projects/AI_Grand_Prix/data/_hf_snapshot/test_50k/202205041422547-water-asphalt-slight.jpg,WET,202205041422,water,asphalt,slight,202205041422547,09519b5a7a32960769716b7e5bf72b5b1995984407eefeca291689cdada49ae3,202205041422547-water-asphalt-slight.jpg,240,360,160.10765046296297,263.5893239281925,False,train
c:/Users/Rivan/Projects/AI_Grand_Prix/data/_hf_snapshot/test_50k/202205041423111-wet-asphalt-slight.jpg,DAMP,202205041423,wet,asphalt,slight,202205041423111,2666fb1a2349283dbeb72a0cb319e8f13440a1babe65eb97587690cb9a651518,202205041423111-wet-asphalt-slight.jpg,240,360,172.20322916666666,417.90224115012006,False,train
c:/Users/Rivan/Projects/AI_Grand_Prix/data/_hf_snapshot/test_50k/202205041436121-water-asphalt-slight.jpg,WET,202205041436,water,asphalt,slight,202205041436121,d083f2120131c3af0c9f8ffa7a2d77ade2f712ef228c26c3cc3940cdb482de2c,202205041436121-water-asphalt-slight.jpg,240,360,176.05511574074075,186.07354038012258,False,train
c:/Users/Rivan/Projects/AI_Grand_Prix/data/_hf_snapshot/test_50k/202205041439032-dry-asphalt-slight.jpg,DRY,202205041439,dry,asphalt,slight,202205041439032,cf83673021b2b84f81a9a926a7ea7ec8cf12f852ec968b8da560886b81e56d59,202205041439032-dry-asphalt-slight.jpg,240,360,188.82606481481483,1274.9684134290071,False,train
c:/Users/Rivan/Projects/AI_Grand_Prix/data/_hf_snapshot/test_50k/202205041442235-water-concrete-severe.jpg,WET,202205041442,water,concrete,severe,202205041442235,5335b90f20a27fe1dd0ef194ec64e9ff86fad710431f63fab79888de14bf82c2,202205041442235-water-concrete-severe.jpg,240,360,164.61162037037036,1039.2116475050102,False,train
c:/Users/Rivan/Projects/AI_Grand_Prix/data/_hf_snapshot/test_50k/202205041444313-wet-concrete-severe.jpg,DAMP,202205041444,wet,concrete,severe,202205041444313,d8a1b63b2293f7f58bb67bf3835d2c3622b9095fdf59503bd6c81612c1556c56,202205041444313-wet-concrete-severe.jpg,240,360,107.25203703703704,580.284837936707,False,train
c:/Users/Rivan/Projects/AI_Grand_Prix/data/_hf_snapshot/test_50k/202205041448003-water-asphalt-severe.jpg,WET,202205041448,water,asphalt,severe,202205041448003,81b1834f7bf181ab60a2c7810e07daf3039fac3aed5f6a447129431f79e7136a,202205041448003-water-asphalt-severe.jpg,240,360,155.68737268518518,1478.133315320645,False,train
c:/Users/Rivan/Projects/AI_Grand_Prix/data/_hf_snapshot/test_50k/202205041448325-water-asphalt-severe.jpg,WET,202205041448,water,asphalt,severe,202205041448325,7443a79b2658c0c8e3a9cf3f402b95ee9e7e58c58ddd12cd68d744c932e391b9,202205041448325-water-asphalt-severe.jpg,240,360,164.30047453703705,956.2516716735255,False,train
c:/Users/Rivan/Projects/AI_Grand_Prix/data/_hf_snapshot/test_50k/202205041929221-water-asphalt-slight.jpg,WET,202205041929,water,asphalt,slight,202205041929221,78861255fe4090e5be3505df27a126e8464aaabb94779f4ad166c4d71eb5c755,202205041929221-water-asphalt-slight.jpg,240,360,164.76953703703703,477.7703565960166,False,train
c:/Users/Rivan/Projects/AI_Grand_Prix/data/_hf_snapshot/test_50k/202205041932581-wet-concrete-severe.jpg,DAMP,202205041932,wet,concrete,severe,202205041932581,ab8ccb33fcd25de9959a024eeb74ee4dd09d4262e9e32aa080f78ad07ffe45bc,202205041932581-wet-concrete-severe.jpg,240,360,155.1162037037037,770.900672945468,False,train
c:/Users/Rivan/Projects/AI_Grand_Prix/data/_hf_snapshot/test_50k/202205042102112-wet-asphalt-slight.jpg,DAMP,202205042102,wet,asphalt,slight,202205042102112,041a640aab2c54213bc015ee1e0db386be67ddc536bc58abb055927db16248e8,202205042102112-wet-asphalt-slight.jpg,240,360,143.50390046296297,490.8006523275409,False,train
c:/Users/Rivan/Projects/AI_Grand_Prix/data/_hf_snapshot/test_50k/202205042102415-water-asphalt-severe.jpg,WET,202205042102,water,asphalt,severe,202205042102415,2f86f597b13e6202af2aace79508a45b8395528500f7927cd6b195e74390b1d1,202205042102415-water-asphalt-severe.jpg,240,360,163.22561342592593,260.5599907385974,False,train
c:/Users/Rivan/Projects/AI_Grand_Prix/data/_hf_snapshot/test_50k/202205042103091-wet-asphalt-slight.jpg,DAMP,202205042103,wet,asphalt,slight,202205042103091,1a2ac64efd37145aba80d6b0758ed2db8e9f0aeb4bfee0c90a6c37896da0392d,202205042103091-wet-asphalt-slight.jpg,240,360,151.2570949074074,1814.270776079711,False,train
c:/Users/Rivan/Projects/AI_Grand_Prix/data/_hf_snapshot/test_50k/202205042122533-wet-asphalt-slight.jpg,DAMP,202205042122,wet,asphalt,slight,202205042122533,5badf909739d35a3a6e3ee2785768eb3105734f94a456cab07a06a836fd7b8e0,202205042122533-wet-asphalt-slight.jpg,240,360,156.66003472222224,3614.56405998572,False,train
c:/Users/Rivan/Projects/AI_Grand_Prix/data/_hf_snapshot/test_50k/202205042131512-water-asphalt-slight.jpg,WET,202205042131,water,asphalt,slight,202205042131512,25aa8bd746788d5b9b1bb796dc1764557f7c10f2a7b877e9cde150680e8ea820,202205042131512-water-asphalt-slight.jpg,240,360,170.7345486111111,485.1085989356943,False,train
c:/Users/Rivan/Projects/AI_Grand_Prix/data/_hf_snapshot/test_50k/202205042143242-water-asphalt-severe.jpg,WET,202205042143,water,asphalt,severe,202205042143242,15ecb36cd5f1f2217cd593a5156e42026e5e0e174405a4dfa997caa54ec36557,202205042143242-water-asphalt-severe.jpg,240,360,143.33085648148148,140.95647389349708,False,train
c:/Users/Rivan/Projects/AI_Grand_Prix/data/_hf_snapshot/test_50k/202205042143464-dry-asphalt-slight.jpg,DRY,202205042143,dry,asphalt,slight,202205042143464,ab6eb40d21989c3f9021ed3032c367891dd6a626be0e14ebf991f43b17fe022e,202205042143464-dry-asphalt-slight.jpg,240,360,164.12118055555555,394.4573263876833,False,train
c:/Users/Rivan/Projects/AI_Grand_Prix/data/_hf_snapshot/test_50k/202205042151391-dry-concrete-severe.jpg,DRY,202205042151,dry,concrete,severe,202205042151391,fd90e8b989c68add7589c10dfdd394894a3b82e6bab89d3c66de6d058c7dfc23,202205042151391-dry-concrete-severe.jpg,240,360,178.9840625,760.672772085048,False,train
c:/Users/Rivan/Projects/AI_Grand_Prix/data/_hf_snapshot/test_50k/202205042154246-dry-concrete-severe.jpg,DRY,202205042154,dry,concrete,severe,202205042154246,2b0d96db8d735751a5995dd1dcfaeb45f584f77c7562118375ff02bc49c5646a,202205042154246-dry-concrete-severe.jpg,240,360,148.1214351851852,175.2423819251543,False,train
c:/Users/Rivan/Projects/AI_Grand_Prix/data/_hf_snapshot/test_50k/202205042155308-water-concrete-smooth.jpg,WET,202205042155,water,concrete,smooth,202205042155308,dde94edd1247ea11cbdd36eee01b4e9d7b22bcdf44d38cbd7329ef88820aeb95,202205042155308-water-concrete-smooth.jpg,240,360,123.44733796296296,288.2870880046243,False,train
c:/Users/Rivan/Projects/AI_Grand_Prix/data/_hf_snapshot/test_50k/2022050421584324-wet-concrete-severe.jpg,DAMP,202205042158,wet,concrete,severe,2022050421584324,c8e31c5c2ffc0fa5aeff7453568c3a4a4d1f7f3cd36d7582bf978f73661f71e3,2022050421584324-wet-concrete-severe.jpg,240,360,157.99099537037037,1907.542476678241,False,train
c:/Users/Rivan/Projects/AI_Grand_Prix/data/_hf_snapshot/test_50k/202205042158439-wet-concrete-severe.jpg,DAMP,202205042158,wet,concrete,severe,202205042158439,1a682a6881b779c545bb81e9bc874dc5fb43c55a4c4e324c611500e9f5bcbde5,202205042158439-wet-concrete-severe.jpg,240,360,142.3812037037037,539.8917072702332,False,train
c:/Users/Rivan/Projects/AI_Grand_Prix/data/_hf_snapshot/test_50k/2022050421592719-water-concrete-severe.jpg,WET,202205042159,water,concrete,severe,2022050421592719,4df3e4207a68300111b99aa14f803a0eeb9d01c8c7c6c6365c1cc10dc1fdaa1d,2022050421592719-water-concrete-severe.jpg,240,360,163.48056712962963,124.26725504744834,False,train
c:/Users/Rivan/Projects/AI_Grand_Prix/data/_hf_snapshot/test_50k/2022050422035315-dry-concrete-severe.jpg,DRY,202205042203,dry,concrete,severe,2022050422035315,5a1f6dab7e4528c29f221748eb392b2d3d3de94cf2d2eab3f6dc719f9fe1d2b8,2022050422035315-dry-concrete-severe.jpg,240,360,172.45663194444444,336.4551824201335,False,train
c:/Users/Rivan/Projects/AI_Grand_Prix/data/_hf_snapshot/test_50k/202205042230247-wet-concrete-severe.jpg,DAMP,202205042230,wet,concrete,severe,202205042230247,78637f758c881bc9cee511e85de02f98b3f0eb37819033c054b86d93f635bbaf,202205042230247-wet-concrete-severe.jpg,240,360,185.13608796296296,206.87614052841542,False,train
c:/Users/Rivan/Projects/AI_Grand_Prix/data/_hf_snapshot/test_50k/2022050422482811-dry-concrete-severe.jpg,DRY,202205042248,dry,concrete,severe,2022050422482811,a9d8c816f2056953ba2985ae588ca230705ce06b181dc98935cd7485f9ef2c14,2022050422482811-dry-concrete-severe.jpg,240,360,148.45650462962962,1336.6120567081402,False,train
c:/Users/Rivan/Projects/AI_Grand_Prix/data/_hf_snapshot/test_50k/202205042306428-dry-concrete-severe.jpg,DRY,202205042306,dry,concrete,severe,202205042306428,87a92955bfe80886a23362ecc770721c3da7ab676cba346b938e423f32d8a0e0,202205042306428-dry-concrete-severe.jpg,240,360,212.17142361111112,216.03237364312733,False,train
c:/Users/Rivan/Projects/AI_Grand_Prix/data/_hf_snapshot/test_50k/202205042317151493-wet-concrete-slight.jpg,DAMP,202205042317,wet,concrete,slight,202205042317151493,1c090882d334be079725fe7d1b2a73be9fb3c21039c41aa69b2b0c05006190e4,202205042317151493-wet-concrete-slight.jpg,240,360,172.98429398148147,1164.0991040958022,False,train
c:/Users/Rivan/Projects/AI_Grand_Prix/data/_hf_snapshot/test_50k/202205042319468-wet-asphalt-severe.jpg,DAMP,202205042319,wet,asphalt,severe,202205042319468,be1d7366d91c455447a618a1a2f4e268db8c0200bcfbf69f685e2e021cf5e3a7,202205042319468-wet-asphalt-severe.jpg,240,360,153.21515046296295,1078.920335625509,False,train
c:/Users/Rivan/Projects/AI_Grand_Prix/data/_hf_snapshot/test_50k/202205042327424-wet-asphalt-severe.jpg,DAMP,202205042327,wet,asphalt,severe,202205042327424,8b5c6270c0881feaba83cddd0599abf1d9c79a929273e484c8902bc1ba73c680,202205042327424-wet-asphalt-severe.jpg,240,360,151.1939236111111,519.5976798268175,False,train
c:/Users/Rivan/Projects/AI_Grand_Prix/data/_hf_snapshot/test_50k/2022050423381710-dry-concrete-severe.jpg,DRY,202205042338,dry,concrete,severe,2022050423381710,219c243cf346ec51cd95e261a82ea9a5bcd8aefea83856494627f4603a3fa78b,2022050423381710-dry-concrete-severe.jpg,240,360,166.35037037037037,1211.3549762683256,False,train
c:/Users/Rivan/Projects/AI_Grand_Prix/data/_hf_snapshot/test_50k/202205042338527-dry-concrete-severe.jpg,DRY,202205042338,dry,concrete,severe,202205042338527,ef28829da31777be51fe1c2c26727085b531acb2e5407b01317759a7caf512c3,202205042338527-dry-concrete-severe.jpg,240,360,187.4465277777778,530.8497219628773,False,train
c:/Users/Rivan/Projects/AI_Grand_Prix/data/_hf_snapshot/test_50k/2022050423390613-dry-concrete-severe.jpg,DRY,202205042339,dry,concrete,severe,2022050423390613,0ceaebac5081dc15bcd291ee24a5b2e71705bde644850644df0566266bff0a29,2022050423390613-dry-concrete-severe.jpg,240,360,186.7744212962963,1294.5197737220292,False,train
c:/Users/Rivan/Projects/AI_Grand_Prix/data/_hf_snapshot/test_50k/202205042345291-wet-asphalt-severe.jpg,DAMP,202205042345,wet,asphalt,severe,202205042345291,3ddec29adf1cd1f8e5dbdf825ba3c010376aeebd03dbfb433c378b1e96bc88eb,202205042345291-wet-asphalt-severe.jpg,240,360,137.66175925925927,1042.96913217539,False,train
c:/Users/Rivan/Projects/AI_Grand_Prix/data/_hf_snapshot/test_50k/2022050423454412-wet-asphalt-severe.jpg,DAMP,202205042345,wet,asphalt,severe,2022050423454412,43b63aefc31657adfe974fd2f278af7f316b4f7fc7d4f74f7c0f0c8b66a35c89,2022050423454412-wet-asphalt-severe.jpg,240,360,143.7977314814815,1149.2755767842027,False,train
c:/Users/Rivan/Projects/AI_Grand_Prix/data/_hf_snapshot/test_50k/202205051224164-water-asphalt-severe.jpg,WET,202205051224,water,asphalt,severe,202205051224164,7c718dde22ead169978701dbf9158f3cb1951710994508d16217fc8670da08b9,202205051224164-water-asphalt-severe.jpg,240,360,152.44516203703705,1557.5425462950911,False,train
c:/Users/Rivan/Projects/AI_Grand_Prix/data/_hf_snapshot/test_50k/202205051224512-water-concrete-slight.jpg,WET,202205051224,water,concrete,slight,202205051224512,ecb80dd7d9f8a60a90be611e2e74e0780e37b16b384b4bf13d6ab7b28ea1ac93,202205051224512-water-concrete-slight.jpg,240,360,176.78038194444446,89.82591232518325,False,train
c:/Users/Rivan/Projects/AI_Grand_Prix/data/_hf_snapshot/test_50k/202205051244208-water-concrete-slight.jpg,WET,202205051244,water,concrete,slight,202205051244208,17038577c590fca5d01c0093012fd7e55bf5109a8d19efb9fa9a8a07c2907f6d,202205051244208-water-concrete-slight.jpg,240,360,169.69604166666667,360.6164675920567,False,train
c:/Users/Rivan/Projects/AI_Grand_Prix/data/_hf_snapshot/test_50k/202205051245334-water-concrete-smooth.jpg,WET,202205051245,water,concrete,smooth,202205051245334,98693ee4c3abfb840d97d5a4712ea033828b8ab4b65d1c2f60d96367b9e14550,202205051245334-water-concrete-smooth.jpg,240,360,173.8766435185185,77.26540362654322,False,train
c:/Users/Rivan/Projects/AI_Grand_Prix/data/_hf_snapshot/test_50k/2022050512574210-wet-concrete-severe.jpg,DAMP,202205051257,wet,concrete,severe,2022050512574210,71da44948d06d5c11d7b1f76be5d873028e7944d1d96fa9301ded8327cdd96a5,2022050512574210-wet-concrete-severe.jpg,240,360,145.9069675925926,815.0691269128033,False,train
c:/Users/Rivan/Projects/AI_Grand_Prix/data/_hf_snapshot/test_50k/202205051333115-water-concrete-severe.jpg,WET,202205051333,water,concrete,severe,202205051333115,197ab5689ccc0593cd566c9cadb7f7228b08fe5901316a95b1e850a46464847e,202205051333115-water-concrete-severe.jpg,240,360,133.1747337962963,1823.0436496913578,False,train
c:/Users/Rivan/Projects/AI_Grand_Prix/data/_hf_snapshot/test_50k/2022050513334713-water-concrete-severe.jpg,WET,202205051333,water,concrete,severe,2022050513334713,123c551c8f5a272af4913ffb300ac4957752cfddce65935665a20bd85b36efc1,2022050513334713-water-concrete-severe.jpg,240,360,131.42994212962964,2407.2799152679986,False,train
c:/Users/Rivan/Projects/AI_Grand_Prix/data/_hf_snapshot/test_50k/202205051335454-water-concrete-severe.jpg,WET,202205051335,water,concrete,severe,202205051335454,413f9e740573ad177b9c0c8c3a33330828b642cf02f7cf87a6e1bdda63465daa,202205051335454-water-concrete-severe.jpg,240,360,100.32299768518519,787.085954050792,False,train
c:/Users/Rivan/Projects/AI_Grand_Prix/data/_hf_snapshot/test_50k/202205051336283-water-concrete-severe.jpg,WET,202205051336,water,concrete,severe,202205051336283,038bbacf051c3d6b0a0d88b84a505767c78c05629561c451ea13870a8b9445ad,202205051336283-water-concrete-severe.jpg,240,360,155.01712962962964,545.068313586543,False,train
c:/Users/Rivan/Projects/AI_Grand_Prix/data/_hf_snapshot/test_50k/202205051336284-water-concrete-severe.jpg,WET,202205051336,water,concrete,severe,202205051336284,054f0d5c681d691577bcfbcde9eebff1fd076a7f7f5b42cee33fbc6fc97831f3,202205051336284-water-concrete-severe.jpg,240,360,159.6925,1066.5765626521777,False,train
c:/Users/Rivan/Projects/AI_Grand_Prix/data/_hf_snapshot/test_50k/202205051337104-water-concrete-severe.jpg,WET,202205051337,water,concrete,severe,202205051337104,4553cb0673169ce333c4daea97ce26ee2db2f1a0565f968851976135af278f35,202205051337104-water-concrete-severe.jpg,240,360,116.80939814814815,233.56234916074567,False,train
c:/Users/Rivan/Projects/AI_Grand_Prix/data/_hf_snapshot/test_50k/202205051338231-water-concrete-severe.jpg,WET,202205051338,water,concrete,severe,202205051338231,6bf04ba26f7ed884b1994fe4938b0368f93272a6b22f2d98263d47bb77bafb02,202205051338231-water-concrete-severe.jpg,240,360,114.42166666666667,187.4502168530039,False,train
c:/Users/Rivan/Projects/AI_Grand_Prix/data/_hf_snapshot/test_50k/202205051340151-water-concrete-severe.jpg,WET,202205051340,water,concrete,severe,202205051340151,fa00b707ff723243545b58abfb57eb8fae42f60c21619ea0f5ad322c4ff9d875,202205051340151-water-concrete-severe.jpg,240,360,126.96871527777778,55.73292823417674,False,train
c:/Users/Rivan/Projects/AI_Grand_Prix/data/_hf_snapshot/test_50k/202205051347136-water-concrete-severe.jpg,WET,202205051347,water,concrete,severe,202205051347136,c2311d3a66848225989f22569a74f68420c0ecde7966283bc1d1cf284e44eed1,202205051347136-water-concrete-severe.jpg,240,360,140.0927662037037,758.0397826624658,False,train
c:/Users/Rivan/Projects/AI_Grand_Prix/data/_hf_snapshot/test_50k/202205051356582-water-concrete-severe.jpg,WET,202205051356,water,concrete,severe,202205051356582,06e8f2022f2aac539c8797272eefd682564c92fb4cc3243d32a5a6ca85375649,202205051356582-water-concrete-severe.jpg,240,360,130.4945486111111,761.6935480275849,False,train
c:/Users/Rivan/Projects/AI_Grand_Prix/data/_hf_snapshot/test_50k/202205051357247-wet-concrete-severe.jpg,DAMP,202205051357,wet,concrete,severe,202205051357247,3ed903204328b7c7b939cbb44a9a6ccb11d971031b42afc8a668d26e883eb853,202205051357247-wet-concrete-severe.jpg,240,360,139.68931712962964,1137.542617086227,False,train
c:/Users/Rivan/Projects/AI_Grand_Prix/data/_hf_snapshot/test_50k/202205171720031243-dry-asphalt-smooth.jpg,DRY,202205171720,dry,asphalt,smooth,202205171720031243,89743ce06e38dda36cf76d6f070558f03afd36d9e3f15d4b705f56b9e2c57b42,202205171720031243-dry-asphalt-smooth.jpg,240,360,115.65832175925927,305.8550245915584,False,train
c:/Users/Rivan/Projects/AI_Grand_Prix/data/_hf_snapshot/test_50k/202205171720331396-dry-asphalt-smooth.jpg,DRY,202205171720,dry,asphalt,smooth,202205171720331396,7785bd0d7d0bf29bcda961801a763cf3885c94d11a2eafbc83be5477bf14f450,202205171720331396-dry-asphalt-smooth.jpg,240,360,118.1413425925926,289.3157144156164,False,train
c:/Users/Rivan/Projects/AI_Grand_Prix/data/_hf_snapshot/test_50k/202205171720341580-dry-asphalt-smooth.jpg,DRY,202205171720,dry,asphalt,smooth,202205171720341580,6e167c0cf96551814489f7a7141a71d63857d334be2a23e4485b7ddb7dd941b7,202205171720341580-dry-asphalt-smooth.jpg,240,360,115.87238425925926,487.96761942515434,False,train
c:/Users/Rivan/Projects/AI_Grand_Prix/data/_hf_snapshot/test_50k/20220517172057761-dry-asphalt-smooth.jpg,DRY,202205171720,dry,asphalt,smooth,20220517172057761,1f4a43290923acfef0469b78fc594d4e8f59ef1c5acb027193b0ecc5139b9803,20220517172057761-dry-asphalt-smooth.jpg,240,360,131.94819444444445,281.88787564287014,False,train
c:/Users/Rivan/Projects/AI_Grand_Prix/data/_hf_snapshot/test_50k/20220517172123614-dry-asphalt-smooth.jpg,DRY,202205171721,dry,asphalt,smooth,20220517172123614,eac78b5418d9df9a1ef38a7f760a68a36ca3fba2b5affb60e44cbf5341b663d7,20220517172123614-dry-asphalt-smooth.jpg,240,360,113.98327546296296,63.256145562065974,False,train
c:/Users/Rivan/Projects/AI_Grand_Prix/data/_hf_snapshot/test_50k/202205171721311796-dry-asphalt-smooth.jpg,DRY,202205171721,dry,asphalt,smooth,202205171721311796,b463554799a84df90fb23acc4eda251f445fbe8d9366170d063b5c1743e10420,202205171721311796-dry-asphalt-smooth.jpg,240,360,108.26878472222222,93.45848344786845,False,train
c:/Users/Rivan/Projects/AI_Grand_Prix/data/_hf_snapshot/test_50k/20220517172137765-dry-asphalt-smooth.jpg,DRY,202205171721,dry,asphalt,smooth,20220517172137765,0fef4c36081f2a0b95455975f8867e11df0a2f979878cdf3549430f99ecb1dc8,20220517172137765-dry-asphalt-smooth.jpg,240,360,101.81210648148148,5.0328346802929955,False,train
c:/Users/Rivan/Projects/AI_Grand_Prix/data/_hf_snapshot/test_50k/20220517172137809-dry-asphalt-smooth.jpg,DRY,202205171721,dry,asphalt,smooth,20220517172137809,af4e0dcb7a9fa30c5a46cb5beadbd63fbec1e0c8e2f2426c1e8870a54910e6f2,20220517172137809-dry-asphalt-smooth.jpg,240,360,146.67216435185185,83.7307754467539,False,train
c:/Users/Rivan/Projects/AI_Grand_Prix/data/_hf_snapshot/test_50k/20220517172850156-dry-concrete-smooth.jpg,DRY,202205171728,dry,concrete,smooth,20220517172850156,8a4cf67fd57c6c8eb693d1bb750e6120bea3c178db6a2402d28e256dd6f04350,20220517172850156-dry-concrete-smooth.jpg,240,360,126.95385416666667,168.17939788880315,False,train
c:/Users/Rivan/Projects/AI_Grand_Prix/data/_hf_snapshot/test_50k/2022051717285017-dry-concrete-smooth.jpg,DRY,202205171728,dry,concrete,smooth,2022051717285017,f1ee80d5ca9e25ae57801004c8577cf0ef907e749578a5f111d9bfdb8a9f3b9e,2022051717285017-dry-concrete-smooth.jpg,240,360,126.2467361111111,47.34630513103888,False,train
c:/Users/Rivan/Projects/AI_Grand_Prix/data/_hf_snapshot/test_50k/20220517172854797-dry-concrete-smooth.jpg,DRY,202205171728,dry,concrete,smooth,20220517172854797,d943ae58fef70c9bdd33d6ff4edf6dc10a5eb53be0f7ffbb53f7889764c47c87,20220517172854797-dry-concrete-smooth.jpg,240,360,129.44238425925926,121.250874691358,False,train
c:/Users/Rivan/Projects/AI_Grand_Prix/data/_hf_snapshot/test_50k/202205171728561339-dry-concrete-smooth.jpg,DRY,202205171728,dry,concrete,smooth,202205171728561339,27b1e2b46dd5339594e2c65593bc3ec80fbcf7ff2b995544c2cfee56ccf10b60,202205171728561339-dry-concrete-smooth.jpg,240,360,119.9988425925926,121.55298924562221,False,train
c:/Users/Rivan/Projects/AI_Grand_Prix/data/_hf_snapshot/test_50k/2022051717290090-dry-concrete-smooth.jpg,DRY,202205171729,dry,concrete,smooth,2022051717290090,00468843d1775bb0f8671507f8e7a0730f9c1db13ac1aef687c1bbd8bb6d3b95,2022051717290090-dry-concrete-smooth.jpg,240,360,113.525,146.81268324277693,False,train
c:/Users/Rivan/Projects/AI_Grand_Prix/data/_hf_snapshot/test_50k/202205171729051223-dry-concrete-smooth.jpg,DRY,202205171729,dry,concrete,smooth,202205171729051223,4970482f02a5ec71e7b6bd6504bef7b4ae2b1b5242b6128b31d7f721418a77ac,202205171729051223-dry-concrete-smooth.jpg,240,360,97.59875,14.388089602489496,False,train
c:/Users/Rivan/Projects/AI_Grand_Prix/data/_hf_snapshot/test_50k/202205171729051226-dry-concrete-smooth.jpg,DRY,202205171729,dry,concrete,smooth,202205171729051226,39d028e03c70a0037441cc0379c057064f3f88f078a4d55e3a6895eb18e4cea0,202205171729051226-dry-concrete-smooth.jpg,240,360,99.0185300925926,18.810137267982682,False,train
c:/Users/Rivan/Projects/AI_Grand_Prix/data/_hf_snapshot/test_50k/202205171729071436-dry-concrete-smooth.jpg,DRY,202205171729,dry,concrete,smooth,202205171729071436,d1049c5829945ff85eba085069ae6dce3cbc2e6e67d67569ca38d99046c32d21,202205171729071436-dry-concrete-smooth.jpg,240,360,120.87034722222222,164.4351880485629,False,train
c:/Users/Rivan/Projects/AI_Grand_Prix/data/_hf_snapshot/test_50k/20220517172910127-dry-concrete-smooth.jpg,DRY,202205171729,dry,concrete,smooth,20220517172910127,7e15f04aa6f030b5c31b6873c2c51545c68f15d9f9b4ed3f7acc29ac4f2046df,20220517172910127-dry-concrete-smooth.jpg,240,360,88.32530092592593,5.260787028463648,False,train
c:/Users/Rivan/Projects/AI_Grand_Prix/data/_hf_snapshot/test_50k/20220517172912554-dry-concrete-smooth.jpg,DRY,202205171729,dry,concrete,smooth,20220517172912554,8519e2163623139f88f0939d3b8ed7ddaf4c47ac1670ff70c400387e7acb4fc8,20220517172912554-dry-concrete-smooth.jpg,240,360,132.24769675925927,86.18654993516375,False,train
c:/Users/Rivan/Projects/AI_Grand_Prix/data/_hf_snapshot/test_50k/20220520162315720-dry-asphalt-smooth.jpg,DRY,202205201623,dry,asphalt,smooth,20220520162315720,7f4fae0752646658d6a94758918e37818854ef74ef596bcd82add1c6cce2a8ef,20220520162315720-dry-asphalt-smooth.jpg,240,360,190.0992824074074,43.020775446753895,False,train
c:/Users/Rivan/Projects/AI_Grand_Prix/data/_hf_snapshot/test_50k/202205201623351720-dry-asphalt-smooth.jpg,DRY,202205201623,dry,asphalt,smooth,202205201623351720,2139ff99c52082cb768a813959a1a2008f196ed4f55bea7b6adcc386cf152eb3,202205201623351720-dry-asphalt-smooth.jpg,240,360,164.70287037037036,1041.5459953269676,False,train
c:/Users/Rivan/Projects/AI_Grand_Prix/data/_hf_snapshot/test_50k/202205201623491712-dry-concrete-smooth.jpg,DRY,202205201623,dry,concrete,smooth,202205201623491712,d280c6babc5565b97db69d1cf924c58e040d2976e934fa2d83cd7ca214a1e35c,202205201623491712-dry-concrete-smooth.jpg,240,360,97.78386574074074,79.88074516661844,False,train
c:/Users/Rivan/Projects/AI_Grand_Prix/data/_hf_snapshot/test_50k/202205201623501755-dry-concrete-smooth.jpg,DRY,202205201623,dry,concrete,smooth,202205201623501755,939f6c724c81c401722a5f3b751978f3a59f4668424b2a4373e04d833a274f64,202205201623501755-dry-concrete-smooth.jpg,240,360,108.11423611111111,243.36003003780334,False,train
c:/Users/Rivan/Projects/AI_Grand_Prix/data/_hf_snapshot/test_50k/20220520162353362-dry-concrete-smooth.jpg,DRY,202205201623,dry,concrete,smooth,20220520162353362,f91352a3f625824e511c57d28ba7f892a7e4b27753f4133d965adc757242c491,20220520162353362-dry-concrete-smooth.jpg,240,360,109.24065972222222,71.58516116040808,False,train
c:/Users/Rivan/Projects/AI_Grand_Prix/data/_hf_snapshot/test_50k/20220520162418426-dry-concrete-smooth.jpg,DRY,202205201624,dry,concrete,smooth,20220520162418426,8c0caee68dae6bcbae4342328f2484a3a1a48dfc6ed9a77b83e35a53d4b58dc5,20220520162418426-dry-concrete-smooth.jpg,240,360,207.0203587962963,7.318564266117971,False,train
c:/Users/Rivan/Projects/AI_Grand_Prix/data/_hf_snapshot/test_50k/20220520162418446-dry-concrete-smooth.jpg,DRY,202205201624,dry,concrete,smooth,20220520162418446,ecca517668b7ca90b49a3e2b18d2a1066003303713c40fe0eaf8f16ab9085459,20220520162418446-dry-concrete-smooth.jpg,240,360,119.82666666666667,160.41815135981975,False,train
c:/Users/Rivan/Projects/AI_Grand_Prix/data/_hf_snapshot/test_50k/20220520162419530-dry-concrete-smooth.jpg,DRY,202205201624,dry,concrete,smooth,20220520162419530,2143b06d2ae7b798ac6e217f116f4cc1d582aed75f7b5204d0e7122166b5be23,20220520162419530-dry-concrete-smooth.jpg,240,360,107.02849537037036,47.847345244850615,False,train
c:/Users/Rivan/Projects/AI_Grand_Prix/data/_hf_snapshot/test_50k/202205201624271248-dry-concrete-smooth.jpg,DRY,202205201624,dry,concrete,smooth,202205201624271248,f757d92040e3bfb4e121941f1a0e05a1e90efed48141a32b0463701bec432dad,202205201624271248-dry-concrete-smooth.jpg,240,360,206.76405092592591,32.254385464758016,False,train
c:/Users/Rivan/Projects/AI_Grand_Prix/data/_hf_snapshot/test_50k/202205302147531355-wet-asphalt-smooth.jpg,DAMP,202205302147,wet,asphalt,smooth,202205302147531355,7c850f83cae3653127bb457b06302e5d289da8dc73bd52296f7d1011ed47a271,202205302147531355-wet-asphalt-smooth.jpg,240,360,121.82214120370371,434.20883868098423,False,train
c:/Users/Rivan/Projects/AI_Grand_Prix/data/_hf_snapshot/test_50k/202205302148221689-wet-asphalt-smooth.jpg,DAMP,202205302148,wet,asphalt,smooth,202205302148221689,3daf205f186f886be3eb7ef3e97fabdc1d4dac8cf9c28ebf7ae228c71e6e3777,202205302148221689-wet-asphalt-smooth.jpg,240,360,106.11357638888889,104.45222144847394,False,train
c:/Users/Rivan/Projects/AI_Grand_Prix/data/_hf_snapshot/test_50k/20220530214828150-wet-asphalt-smooth.jpg,DAMP,202205302148,wet,asphalt,smooth,20220530214828150,a1216fede7368bb361a04464cfcdd046ad110c3c604d46daf7b24dc0660b38be,20220530214828150-wet-asphalt-smooth.jpg,240,360,108.41724537037037,463.7152302978181,False,train
c:/Users/Rivan/Projects/AI_Grand_Prix/data/_hf_snapshot/test_50k/20220530214829262-wet-asphalt-smooth.jpg,DAMP,202205302148,wet,asphalt,smooth,20220530214829262,d60dd8a6bfbd1bed06d9c06f80018a3c9f75f32a45ee746393f81bb338956e85,20220530214829262-wet-asphalt-smooth.jpg,240,360,106.75078703703704,435.94096283382635,False,train
c:/Users/Rivan/Projects/AI_Grand_Prix/data/_hf_snapshot/test_50k/20220530214859323-wet-asphalt-smooth.jpg,DAMP,202205302148,wet,asphalt,smooth,20220530214859323,e2e52dce33308ae973d738e5d98e3412a34628552db96c7d6ac9014173a9e511,20220530214859323-wet-asphalt-smooth.jpg,240,360,148.77046296296297,417.25895606942305,False,train
c:/Users/Rivan/Projects/AI_Grand_Prix/data/_hf_snapshot/test_50k/2022053021492552-wet-asphalt-smooth.jpg,DAMP,202205302149,wet,asphalt,smooth,2022053021492552,0313d4634cd15a58b99b38b4afc9fb1056c97f4131752e042a0665ab3af7d219,2022053021492552-wet-asphalt-smooth.jpg,240,360,101.55693287037037,599.890177724194,False,train
c:/Users/Rivan/Projects/AI_Grand_Prix/data/_hf_snapshot/test_50k/20220530214930368-wet-asphalt-smooth.jpg,DAMP,202205302149,wet,asphalt,smooth,20220530214930368,3ed54611177082838f35ab204e9cf7afed804728d826f6e8fdfe2a059a168c14,20220530214930368-wet-asphalt-smooth.jpg,240,360,109.76344907407407,414.95587562679503,False,train
c:/Users/Rivan/Projects/AI_Grand_Prix/data/_hf_snapshot/test_50k/202205302149461507-wet-asphalt-smooth.jpg,DAMP,202205302149,wet,asphalt,smooth,202205302149461507,47af81bae5845b0a4be3d42a53203ef64d8248f7dfd0e7463148eaff811be71c,202205302149461507-wet-asphalt-smooth.jpg,240,360,134.58056712962963,440.49315489915546,False,train
c:/Users/Rivan/Projects/AI_Grand_Prix/data/_hf_snapshot/test_50k/202205302149471560-wet-asphalt-smooth.jpg,DAMP,202205302149,wet,asphalt,smooth,202205302149471560,e14de39f2b8401267218ee466b5dc9b7fef85d54660b797a62729a2a2650f668,202205302149471560-wet-asphalt-smooth.jpg,240,360,99.21726851851852,319.4421528633777,False,train
c:/Users/Rivan/Projects/AI_Grand_Prix/data/_hf_snapshot/test_50k/20220530215004866-wet-asphalt-smooth.jpg,DAMP,202205302150,wet,asphalt,smooth,20220530215004866,9de50348561019a3b71aac5d7350cff7946f943d0c7eac0752e987d51c3b0d6c,20220530215004866-wet-asphalt-smooth.jpg,240,360,126.29498842592592,101.68640852141205,False,train
c:/Users/Rivan/Projects/AI_Grand_Prix/data/_hf_snapshot/test_50k/202205302150171767-wet-asphalt-smooth.jpg,DAMP,202205302150,wet,asphalt,smooth,202205302150171767,bcad738b1b7f6ab65878e68dd866e9a696b2b859382a692ef06edd380870dad8,202205302150171767-wet-asphalt-smooth.jpg,240,360,101.53112268518518,385.1618399557399,False,train
c:/Users/Rivan/Projects/AI_Grand_Prix/data/_hf_snapshot/test_50k/20220530215032971-wet-asphalt-smooth.jpg,DAMP,202205302150,wet,asphalt,smooth,20220530215032971,53ae3bf4cfa686073b6742771fc516852878ca8cb59607d1204159ba5b537bf4,20220530215032971-wet-asphalt-smooth.jpg,240,360,151.591875,551.2994456768689,False,train
c:/Users/Rivan/Projects/AI_Grand_Prix/data/_hf_snapshot/test_50k/20220530215053547-wet-asphalt-smooth.jpg,DAMP,202205302150,wet,asphalt,smooth,20220530215053547,9b1c74755d58303c0addf5319f14c70509e52d36b8c829e75dde4d00712b9d57,20220530215053547-wet-asphalt-smooth.jpg,240,360,119.83818287037037,1626.592761554784,False,train
c:/Users/Rivan/Projects/AI_Grand_Prix/data/_hf_snapshot/test_50k/202205302151001069-wet-asphalt-smooth.jpg,DAMP,202205302151,wet,asphalt,smooth,202205302151001069,39b09408ff41c55e706105c6c599c2aaf0cba659e7a365e788713d61fece4381,202205302151001069-wet-asphalt-smooth.jpg,240,360,116.69229166666666,255.48396449532214,False,train
c:/Users/Rivan/Projects/AI_Grand_Prix/data/_hf_snapshot/test_50k/202205302151351447-wet-asphalt-smooth.jpg,DAMP,202205302151,wet,asphalt,smooth,202205302151351447,ad5f55c31064e93c5785fa2a0b5d571e911654a8ff1b6b51c35ecfb9baeb1be5,202205302151351447-wet-asphalt-smooth.jpg,240,360,88.72600694444445,56.46249241201561,False,train
c:/Users/Rivan/Projects/AI_Grand_Prix/data/_hf_snapshot/test_50k/202205302155231499-wet-asphalt-smooth.jpg,DAMP,202205302155,wet,asphalt,smooth,202205302155231499,b8361ff7a3bc1f6cc71f4a0ad724c4cb80958a6cc13811b7aafcea48f9913716,202205302155231499-wet-asphalt-smooth.jpg,240,360,106.60784722222222,1706.1409800828135,False,train
c:/Users/Rivan/Projects/AI_Grand_Prix/data/_hf_snapshot/test_50k/2022060423032816-dry-asphalt-smooth.jpg,DRY,202206042303,dry,asphalt,smooth,2022060423032816,b5bb6738b1fdc0b03addec9660ba31fd625b03738f585e38a6613860364a4ae1,2022060423032816-dry-asphalt-smooth.jpg,240,360,142.78275462962964,8122.053674613661,False,train
c:/Users/Rivan/Projects/AI_Grand_Prix/data/_hf_snapshot/test_50k/20220604230335562-dry-asphalt-smooth.jpg,DRY,202206042303,dry,asphalt,smooth,20220604230335562,c0c44c21a494a6920d0d81f953d1d705f7543ce51951c5b1a875508792c23ef8,20220604230335562-dry-asphalt-smooth.jpg,240,360,92.2230324074074,4014.987142334855,False,train
c:/Users/Rivan/Projects/AI_Grand_Prix/data/_hf_snapshot/test_50k/20220604230338745-dry-asphalt-smooth.jpg,DRY,202206042303,dry,asphalt,smooth,20220604230338745,a59668b264ccd0d7820eb4d970ca9d2326fe223fb1d9e7191f4d589957571363,20220604230338745-dry-asphalt-smooth.jpg,240,360,80.9724074074074,1533.1266092249657,False,train
c:/Users/Rivan/Projects/AI_Grand_Prix/data/_hf_snapshot/test_50k/20220604230341971-dry-asphalt-smooth.jpg,DRY,202206042303,dry,asphalt,smooth,20220604230341971,3fe656003822a735c6154ae186e4aae647b6980bd876abc975d2d9fce761be0a,20220604230341971-dry-asphalt-smooth.jpg,240,360,155.88462962962964,3774.3072551974833,False,train
c:/Users/Rivan/Projects/AI_Grand_Prix/data/_hf_snapshot/test_50k/202206042303431183-dry-asphalt-smooth.jpg,DRY,202206042303,dry,asphalt,smooth,202206042303431183,18611af8048f75e0faa8e1c19324b16033318dcf1d872b50fce09f3503176080,202206042303431183-dry-asphalt-smooth.jpg,240,360,71.61979166666667,62.70487264647099,False,train
c:/Users/Rivan/Projects/AI_Grand_Prix/data/_hf_snapshot/test_50k/202206042303461379-dry-asphalt-smooth.jpg,DRY,202206042303,dry,asphalt,smooth,202206042303461379,fb461d3e9b484104c8708c0cb9b09423c0e964cdc8f7808341bbc752bacd0b64,202206042303461379-dry-asphalt-smooth.jpg,240,360,88.81599537037037,244.68180134977283,False,train
c:/Users/Rivan/Projects/AI_Grand_Prix/data/_hf_snapshot/test_50k/202206042303501787-dry-asphalt-smooth.jpg,DRY,202206042303,dry,asphalt,smooth,202206042303501787,ad465ee4b751c526556e79d29ff92e75451157e97406f58dcfcd9e3e2de5f1e1,202206042303501787-dry-asphalt-smooth.jpg,240,360,84.77773148148148,553.3667938356,False,train
c:/Users/Rivan/Projects/AI_Grand_Prix/data/_hf_snapshot/test_50k/202206042303539-dry-asphalt-smooth.jpg,DRY,202206042303,dry,asphalt,smooth,202206042303539,3c8941122d20314a82608058ef62dfc0c8144587eeb54664e529bb4d27721b01,202206042303539-dry-asphalt-smooth.jpg,240,360,72.88708333333334,1132.2375039864917,False,train
c:/Users/Rivan/Projects/AI_Grand_Prix/data/_hf_snapshot/test_50k/20220604230400607-dry-asphalt-smooth.jpg,DRY,202206042304,dry,asphalt,smooth,20220604230400607,9a6306fc393a211e5e0c84c31dd1c9712cdd257c3864aabe0911195760648877,20220604230400607-dry-asphalt-smooth.jpg,240,360,136.84502314814816,8541.709192820725,False,train
c:/Users/Rivan/Projects/AI_Grand_Prix/data/_hf_snapshot/test_50k/202206042304141592-dry-asphalt-smooth.jpg,DRY,202206042304,dry,asphalt,smooth,202206042304141592,525563c5f3609d971fc62fc25f6e156d23d887e5f25af159ab4c508afcb4418d,202206042304141592-dry-asphalt-smooth.jpg,240,360,94.83899305555556,4618.4398906859515,False,train
c:/Users/Rivan/Projects/AI_Grand_Prix/data/_hf_snapshot/test_50k/202206042304171787-dry-asphalt-smooth.jpg,DRY,202206042304,dry,asphalt,smooth,202206042304171787,89d20214ce5c5e37393fd5d6723b26abf9df111327aaeeacfa5c558ebd24f22c,202206042304171787-dry-asphalt-smooth.jpg,240,360,104.65815972222222,969.7160810908565,False,train
c:/Users/Rivan/Projects/AI_Grand_Prix/data/_hf_snapshot/test_50k/202206042304191922-dry-asphalt-smooth.jpg,DRY,202206042304,dry,asphalt,smooth,202206042304191922,c210db58063d68ff40ded99554c859f9ff3ae3b01f35bbeaed643801c2a06e76,202206042304191922-dry-asphalt-smooth.jpg,240,360,81.19950231481481,656.4009605997888,False,train
c:/Users/Rivan/Projects/AI_Grand_Prix/data/_hf_snapshot/test_50k/20220604230428641-dry-asphalt-smooth.jpg,DRY,202206042304,dry,asphalt,smooth,20220604230428641,7b020ee47bb94fcc919a8805c06f583bc856dd9deb4e80f7ff90f11ca94ce29e,20220604230428641-dry-asphalt-smooth.jpg,240,360,98.93444444444444,1453.1788806840225,False,train
c:/Users/Rivan/Projects/AI_Grand_Prix/data/_hf_snapshot/test_50k/20220604230429745-dry-asphalt-smooth.jpg,DRY,202206042304,dry,asphalt,smooth,20220604230429745,27d64c6a06aacd7115dc8007e9830e3a4c33c0e0b41e15876a6a499dfe89b57c,20220604230429745-dry-asphalt-smooth.jpg,240,360,92.2745949074074,2906.2127001048902,False,train
c:/Users/Rivan/Projects/AI_Grand_Prix/data/_hf_snapshot/test_50k/20220604230429756-dry-asphalt-smooth.jpg,DRY,202206042304,dry,asphalt,smooth,20220604230429756,26ea14053d1e0a5e459dfbe7894d370d9080e90a9d6c1e6a6dbecc31b2fbaa2c,20220604230429756-dry-asphalt-smooth.jpg,240,360,98.23355324074075,2482.884449700869,False,train
c:/Users/Rivan/Projects/AI_Grand_Prix/data/_hf_snapshot/test_50k/202206042304321007-dry-asphalt-smooth.jpg,DRY,202206042304,dry,asphalt,smooth,202206042304321007,0245b59550abfa61c285ece707316eeaff39996bea5937d3c42b59face1fca36,202206042304321007-dry-asphalt-smooth.jpg,240,360,122.03446759259259,10124.62468686222,False,train
c:/Users/Rivan/Projects/AI_Grand_Prix/data/_hf_snapshot/test_50k/202206042304351210-dry-asphalt-smooth.jpg,DRY,202206042304,dry,asphalt,smooth,202206042304351210,9815b1e1131d477118d549a7282a25471395e0f467eecc712f3f0abcb5779b7f,202206042304351210-dry-asphalt-smooth.jpg,240,360,127.2696412037037,6434.775450006296,False,train
c:/Users/Rivan/Projects/AI_Grand_Prix/data/_hf_snapshot/test_50k/202206042304351239-dry-asphalt-smooth.jpg,DRY,202206042304,dry,asphalt,smooth,202206042304351239,9702f00d1a35f72d380647fa3bc87c4ff5758a0e972b9518364324b9e8ae7724,202206042304351239-dry-asphalt-smooth.jpg,240,360,94.60153935185186,4960.4991912614405,False,train
c:/Users/Rivan/Projects/AI_Grand_Prix/data/_hf_snapshot/test_50k/202206042304361335-dry-asphalt-smooth.jpg,DRY,202206042304,dry,asphalt,smooth,202206042304361335,557c65637a4133c2d3c6da959ef8e3aab408f4f19a27fdd1f196d0fcc37a6ea7,202206042304361335-dry-asphalt-smooth.jpg,240,360,75.99555555555555,3112.7562729745373,False,train
c:/Users/Rivan/Projects/AI_Grand_Prix/data/_hf_snapshot/test_50k/202206042304401622-dry-asphalt-smooth.jpg,DRY,202206042304,dry,asphalt,smooth,202206042304401622,aad4b7bfbc304690d0a8399bf52e4f634f9b6cc6481ebf3fa2fba1f0003afcf8,202206042304401622-dry-asphalt-smooth.jpg,240,360,108.91762731481481,7205.593141010669,False,train
c:/Users/Rivan/Projects/AI_Grand_Prix/data/_hf_snapshot/test_50k/202206042304441970-dry-asphalt-smooth.jpg,DRY,202206042304,dry,asphalt,smooth,202206042304441970,aa4dfbcbcfa830e9e1703152141102da45fda973d5fa3d93d98dabdb295e8052,202206042304441970-dry-asphalt-smooth.jpg,240,360,110.35987268518518,4078.0602839633434,False,train
c:/Users/Rivan/Projects/AI_Grand_Prix/data/_hf_snapshot/test_50k/20220621220126590-dry-asphalt-smooth.jpg,DRY,202206212201,dry,asphalt,smooth,20220621220126590,95473c67eb995e1540103fc681bc48df83afb8bba3a09b95efc7eade2ad0b321,20220621220126590-dry-asphalt-smooth.jpg,240,360,81.03204861111111,514.7872552939332,False,train
c:/Users/Rivan/Projects/AI_Grand_Prix/data/_hf_snapshot/test_50k/202206212201331050-dry-asphalt-smooth.jpg,DRY,202206212201,dry,asphalt,smooth,202206212201331050,24e5546a0aa586515919005666a49b0725fcd5113c77c930e8421b454ccf4944,202206212201331050-dry-asphalt-smooth.jpg,240,360,124.69581018518518,2513.475051792776,False,train
c:/Users/Rivan/Projects/AI_Grand_Prix/data/_hf_snapshot/test_50k/202206212201421667-dry-asphalt-smooth.jpg,DRY,202206212201,dry,asphalt,smooth,202206212201421667,973c5dac2e19a2f272c8c0ae5252eaa89f5c0d97e893ac7d9d18b3561f4a372e,202206212201421667-dry-asphalt-smooth.jpg,240,360,137.4507986111111,3986.7982616886097,False,train
c:/Users/Rivan/Projects/AI_Grand_Prix/data/_hf_snapshot/test_50k/202206212201451904-dry-asphalt-smooth.jpg,DRY,202206212201,dry,asphalt,smooth,202206212201451904,f9011a3718a45709a8f2d44867d9fa07c7a90592df495ae9cc655e028d389e32,202206212201451904-dry-asphalt-smooth.jpg,240,360,107.08050925925926,1514.7797915461033,False,train
c:/Users/Rivan/Projects/AI_Grand_Prix/data/_hf_snapshot/test_50k/20220621220247719-dry-asphalt-smooth.jpg,DRY,202206212202,dry,asphalt,smooth,20220621220247719,e4f6acff9e14a62b87c454f83eec28ed7089eb306567b377edc18c025b8da4b0,20220621220247719-dry-asphalt-smooth.jpg,240,360,124.89673611111111,3628.132576474489,False,train
c:/Users/Rivan/Projects/AI_Grand_Prix/data/_hf_snapshot/test_50k/202206212202561444-dry-asphalt-smooth.jpg,DRY,202206212202,dry,asphalt,smooth,202206212202561444,023fc549e9b4ede143958a47c5d7fe30aa780834117be41cbe5288d83ff0181c,202206212202561444-dry-asphalt-smooth.jpg,240,360,108.20582175925927,1009.5072300603084,False,train
c:/Users/Rivan/Projects/AI_Grand_Prix/data/_hf_snapshot/test_50k/2022062122030445-dry-asphalt-smooth.jpg,DRY,202206212203,dry,asphalt,smooth,2022062122030445,2cacc1c5290459ffb73cc2cd67e78b6a23d2634452276356705e323716f2a5d5,2022062122030445-dry-asphalt-smooth.jpg,240,360,108.65136574074074,58.90861490470143,False,train
c:/Users/Rivan/Projects/AI_Grand_Prix/data/_hf_snapshot/test_50k/20220621220311698-dry-asphalt-smooth.jpg,DRY,202206212203,dry,asphalt,smooth,20220621220311698,8778351772592c4b0f02e1ce355a6c5870e366662cbe4bd26ba5ffcd855fa35f,20220621220311698-dry-asphalt-smooth.jpg,240,360,97.1751736111111,139.16323929183815,False,train
c:/Users/Rivan/Projects/AI_Grand_Prix/data/_hf_snapshot/test_50k/202206212203181293-dry-asphalt-smooth.jpg,DRY,202206212203,dry,asphalt,smooth,202206212203181293,39bd0a4d3504960c967861c534c5e6a5f2ffc0fc5512e05044832f3d8b311220,202206212203181293-dry-asphalt-smooth.jpg,240,360,117.3383449074074,338.0180132667824,False,train
c:/Users/Rivan/Projects/AI_Grand_Prix/data/_hf_snapshot/test_50k/202206212203491674-dry-asphalt-smooth.jpg,DRY,202206212203,dry,asphalt,smooth,202206212203491674,74119374e73f26face5e7c5b85868998f934bc250697422df8c4a439c7c7849e,202206212203491674-dry-asphalt-smooth.jpg,240,360,111.35375,1220.623274819423,False,train
c:/Users/Rivan/Projects/AI_Grand_Prix/data/_hf_snapshot/test_50k/20220621220355174-dry-asphalt-smooth.jpg,DRY,202206212203,dry,asphalt,smooth,20220621220355174,0c76c74dbd28c701ade358860637afe0382ef908cd0a11c1bbc29b7499c67dbd,20220621220355174-dry-asphalt-smooth.jpg,240,360,90.72628472222222,49.52476558427641,False,train
c:/Users/Rivan/Projects/AI_Grand_Prix/data/_hf_snapshot/test_50k/20220622154409301-wet-asphalt-slight.jpg,DAMP,202206221544,wet,asphalt,slight,20220622154409301,0a0a3c585d119baef6bfbd329f455423bcbddb8a51106c1100e69f794042c593,20220622154409301-wet-asphalt-slight.jpg,240,360,101.53981481481482,1045.76915372286,False,train
c:/Users/Rivan/Projects/AI_Grand_Prix/data/_hf_snapshot/test_50k/20220622154413656-wet-asphalt-smooth.jpg,DAMP,202206221544,wet,asphalt,smooth,20220622154413656,9f2c97531426e381709a38ba3ccc7fab625db5d0f895425b563251e325a63836,20220622154413656-wet-asphalt-smooth.jpg,240,360,142.09292824074075,340.26498912037033,False,train
c:/Users/Rivan/Projects/AI_Grand_Prix/data/_hf_snapshot/test_50k/20220622154415855-water-asphalt-smooth.jpg,WET,202206221544,water,asphalt,smooth,20220622154415855,82c1e90156b0b66b02292f23ffcc2d6eadbe070380aa71472d1b296b3181dffe,20220622154415855-water-asphalt-smooth.jpg,240,360,102.9375925925926,792.4608118227025,False,train
c:/Users/Rivan/Projects/AI_Grand_Prix/data/_hf_snapshot/test_50k/202206221544241774-wet-asphalt-severe.jpg,DAMP,202206221544,wet,asphalt,severe,202206221544241774,24ea3d84f5b0a78f14a86297344dca1471a46c1f338578a7c0fcd5c02ef369fc,202206221544241774-wet-asphalt-severe.jpg,240,360,161.93618055555555,1357.8694095581222,False,train
c:/Users/Rivan/Projects/AI_Grand_Prix/data/_hf_snapshot/test_50k/20220622154428317-wet-asphalt-smooth.jpg,DAMP,202206221544,wet,asphalt,smooth,20220622154428317,57283e99e91ae6cd29bb22b933fb1bfac923daf2915030a97e3716dd12386024,20220622154428317-wet-asphalt-smooth.jpg,240,360,100.36957175925926,331.1752361834491,False,train
c:/Users/Rivan/Projects/AI_Grand_Prix/data/_hf_snapshot/test_50k/20220622154432643-wet-asphalt-severe.jpg,DAMP,202206221544,wet,asphalt,severe,20220622154432643,04d882ed3dec31441581329cd054f2e6a7ffd04f7868bd51a557c41ef118ae86,20220622154432643-wet-asphalt-severe.jpg,240,360,123.11971064814814,2233.418839578511,False,train
c:/Users/Rivan/Projects/AI_Grand_Prix/data/_hf_snapshot/test_50k/202206221544401570-wet-asphalt-slight.jpg,DAMP,202206221544,wet,asphalt,slight,202206221544401570,843a49f47ab81d055c2e5430581bb34809b33840907f9003f40043537ec6ad62,202206221544401570-wet-asphalt-slight.jpg,240,360,64.42819444444444,68.92208288269461,False,train
c:/Users/Rivan/Projects/AI_Grand_Prix/data/_hf_snapshot/test_50k/202206221544421703-wet-asphalt-smooth.jpg,DAMP,202206221544,wet,asphalt,smooth,202206221544421703,450c9560d37d3fd962bd9f67a2fa4229c12d0316a9ba1f16457ea9b628c57979,202206221544421703-wet-asphalt-smooth.jpg,240,360,61.83570601851852,98.9926486291956,False,train
c:/Users/Rivan/Projects/AI_Grand_Prix/data/_hf_snapshot/test_50k/20220622154450498-wet-asphalt-smooth.jpg,DAMP,202206221544,wet,asphalt,smooth,20220622154450498,405f678bb72590255d5e74451a376815838845e912224469114982b4fb996392,20220622154450498-wet-asphalt-smooth.jpg,240,360,85.9289699074074,1143.508708574326,False,train
c:/Users/Rivan/Projects/AI_Grand_Prix/data/_hf_snapshot/test_50k/20220622154451639-wet-asphalt-smooth.jpg,DAMP,202206221544,wet,asphalt,smooth,20220622154451639,14c4c609e5bee426dc9d4e86a14f0c97a51d84977ccbf8ce077e7f4724edab9a,20220622154451639-wet-asphalt-smooth.jpg,240,360,97.58929398148148,303.555141717973,False,train
c:/Users/Rivan/Projects/AI_Grand_Prix/data/_hf_snapshot/test_50k/20220622154451649-wet-asphalt-smooth.jpg,DAMP,202206221544,wet,asphalt,smooth,20220622154451649,4a0507b5127e2284e3306c7df5af4077d3ef51e514fbbdb2a8ada209ed537a3f,20220622154451649-wet-asphalt-smooth.jpg,240,360,81.68148148148148,99.76781245164074,False,train
c:/Users/Rivan/Projects/AI_Grand_Prix/data/_hf_snapshot/test_50k/20220622154452799-wet-asphalt-smooth.jpg,DAMP,202206221544,wet,asphalt,smooth,20220622154452799,84266b9103878a8e0ca70dd16e21f3baec0948a6e36f90bf06e2ef035df9f68a,20220622154452799-wet-asphalt-smooth.jpg,240,360,80.20936342592593,182.19965384462878,False,train
c:/Users/Rivan/Projects/AI_Grand_Prix/data/_hf_snapshot/test_50k/2022062215524984-wet-asphalt-smooth.jpg,DAMP,202206221552,wet,asphalt,smooth,2022062215524984,4eae7bfba7654b546194511cc84c46aa76659c4765788876bba3bd3be6fae54d,2022062215524984-wet-asphalt-smooth.jpg,240,360,107.58657407407408,927.1470260925712,False,train
c:/Users/Rivan/Projects/AI_Grand_Prix/data/_hf_snapshot/test_50k/20220622155400795-wet-asphalt-smooth.jpg,DAMP,202206221554,wet,asphalt,smooth,20220622155400795,e8c6f34e7b8a43e60101316b6637e32ca5f90e0ffada4ec73f62d9f6293c392e,20220622155400795-wet-asphalt-smooth.jpg,240,360,90.18429398148149,616.6065126991973,False,train
c:/Users/Rivan/Projects/AI_Grand_Prix/data/_hf_snapshot/test_50k/20220622155401869-wet-asphalt-smooth.jpg,DAMP,202206221554,wet,asphalt,smooth,20220622155401869,426306ce90bf82fbeea87364ad0d3a1474d07d52ad7883c8c166673bbbc77bff,20220622155401869-wet-asphalt-smooth.jpg,240,360,104.29574074074074,1768.649223942124,False,train
c:/Users/Rivan/Projects/AI_Grand_Prix/data/_hf_snapshot/test_50k/20220622155401890-wet-asphalt-severe.jpg,DAMP,202206221554,wet,asphalt,severe,20220622155401890,6a71afcaf77826e69e00698093701fc33fc00deabaaf0902cd302c4b3912f85c,20220622155401890-wet-asphalt-severe.jpg,240,360,93.43203703703703,152.06151472680364,False,train
c:/Users/Rivan/Projects/AI_Grand_Prix/data/_hf_snapshot/test_50k/20220622155414162-wet-asphalt-smooth.jpg,DAMP,202206221554,wet,asphalt,smooth,20220622155414162,45daafd74cda87ec71df05936f4c96ac507e154b12020993db8ce989c3ecf21e,20220622155414162-wet-asphalt-smooth.jpg,240,360,112.71236111111111,1674.218818710884,False,train
c:/Users/Rivan/Projects/AI_Grand_Prix/data/_hf_snapshot/test_50k/202206221554291587-wet-asphalt-slight.jpg,DAMP,202206221554,wet,asphalt,slight,202206221554291587,769a55215b592b985c9722c7893a2655fb023e81b90dd2697511e30c06ddfc1f,202206221554291587-wet-asphalt-slight.jpg,240,360,133.6184375,1870.8048908434878,False,train
c:/Users/Rivan/Projects/AI_Grand_Prix/data/_hf_snapshot/test_50k/202206221554301716-wet-asphalt-slight.jpg,DAMP,202206221554,wet,asphalt,slight,202206221554301716,bf2e138fbb98414a329b12fceadf304aae8917c8982342d60789110e08cff8e8,202206221554301716-wet-asphalt-slight.jpg,240,360,127.5959375,468.59371287602346,False,train
c:/Users/Rivan/Projects/AI_Grand_Prix/data/_hf_snapshot/test_50k/202206221554311753-wet-concrete-slight.jpg,DAMP,202206221554,wet,concrete,slight,202206221554311753,036ff18485e14ab2ef9ff649872db7904a2254c892e5bcebb684533d42e35408,202206221554311753-wet-concrete-slight.jpg,240,360,125.30384259259259,976.9982602232296,False,train
c:/Users/Rivan/Projects/AI_Grand_Prix/data/_hf_snapshot/test_50k/202206221554311807-wet-concrete-smooth.jpg,DAMP,202206221554,wet,concrete,smooth,202206221554311807,701073a5387d9858a5f2d5fbc672d8dd4466430ab2456997201956067bca74df,202206221554311807-wet-concrete-smooth.jpg,240,360,134.7924074074074,70.78250673814729,False,train
c:/Users/Rivan/Projects/AI_Grand_Prix/data/_hf_snapshot/test_50k/2022062215543359-wet-asphalt-smooth.jpg,DAMP,202206221554,wet,asphalt,smooth,2022062215543359,ebbc283c12b9d2dedca70806b36d0f5b02075af8bd2ddea92034909008dfebc7,2022062215543359-wet-asphalt-smooth.jpg,240,360,132.85952546296295,1014.2058653869545,False,train
c:/Users/Rivan/Projects/AI_Grand_Prix/data/_hf_snapshot/test_50k/20220622155434138-wet-asphalt-severe.jpg,DAMP,202206221554,wet,asphalt,severe,20220622155434138,c877073e1ba54e873fbaa5be9c88d9d859ddc4579ed178a464318acbeabf3f81,20220622155434138-wet-asphalt-severe.jpg,240,360,125.28618055555556,1775.342323197445,False,train
c:/Users/Rivan/Projects/AI_Grand_Prix/data/_hf_snapshot/test_50k/202206221554441079-water-asphalt-smooth.jpg,WET,202206221554,water,asphalt,smooth,202206221554441079,4da2e22b0ca51f31afa7ae422acef36bfa027502b71bb3fde070b7946809f2a3,202206221554441079-water-asphalt-smooth.jpg,240,360,82.45153935185185,662.1207612118485,False,train
c:/Users/Rivan/Projects/AI_Grand_Prix/data/_hf_snapshot/test_50k/202206221554491623-wet-asphalt-smooth.jpg,DAMP,202206221554,wet,asphalt,smooth,202206221554491623,694a19c0fe22b52fff23859d5225cccc39cdc7fd1f2cd3fb0f1b95064d1cf36d,202206221554491623-wet-asphalt-smooth.jpg,240,360,109.0736111111111,1043.6226903029622,False,train
c:/Users/Rivan/Projects/AI_Grand_Prix/data/_hf_snapshot/test_50k/20220622155500683-wet-asphalt-smooth.jpg,DAMP,202206221555,wet,asphalt,smooth,20220622155500683,377f72ce93609011bef2219c67a95940e32e78e635277b153837c2c9c230af59,20220622155500683-wet-asphalt-smooth.jpg,240,360,110.98972222222223,234.43965387610916,False,train
c:/Users/Rivan/Projects/AI_Grand_Prix/data/_hf_snapshot/test_50k/20220622155503992-wet-asphalt-smooth.jpg,DAMP,202206221555,wet,asphalt,smooth,20220622155503992,015cc94a628b742b67b6df2ea3aa782033f956d1eeeaca9ca6b56df6c18049c9,20220622155503992-wet-asphalt-smooth.jpg,240,360,126.27259259259259,458.47177015804505,False,train
c:/Users/Rivan/Projects/AI_Grand_Prix/data/_hf_snapshot/test_50k/202206221555061250-wet-asphalt-smooth.jpg,DAMP,202206221555,wet,asphalt,smooth,202206221555061250,6dde3de7afdc9bc2fe4ac62295243b9223e22b4e748225e7ddf7ed27373cd787,202206221555061250-wet-asphalt-smooth.jpg,240,360,96.11083333333333,333.7828221450617,False,train
c:/Users/Rivan/Projects/AI_Grand_Prix/data/_hf_snapshot/test_50k/202206221555121816-wet-asphalt-smooth.jpg,DAMP,202206221555,wet,asphalt,smooth,202206221555121816,f5e39286e66b021428a621139dfb4086f06c5a143527a420b8eafd832d7e2232,202206221555121816-wet-asphalt-smooth.jpg,240,360,105.09965277777778,334.12563552584345,False,train
c:/Users/Rivan/Projects/AI_Grand_Prix/data/_hf_snapshot/test_50k/20220622155518395-wet-asphalt-severe.jpg,DAMP,202206221555,wet,asphalt,severe,20220622155518395,224c599ec6dc974ca3151c133bd0fe6b61626cdc91a573162496e7bccd3bdb11,20220622155518395-wet-asphalt-severe.jpg,240,360,134.73171296296297,637.2936145821277,False,train
c:/Users/Rivan/Projects/AI_Grand_Prix/data/_hf_snapshot/test_50k/20220622155519468-wet-asphalt-smooth.jpg,DAMP,202206221555,wet,asphalt,smooth,20220622155519468,03453615753c8804102c3cf94924f514129157803103a7527022a87f1db6275c,20220622155519468-wet-asphalt-smooth.jpg,240,360,123.45634259259259,336.7811840694391,False,train
c:/Users/Rivan/Projects/AI_Grand_Prix/data/_hf_snapshot/test_50k/20220622155522826-wet-asphalt-slight.jpg,DAMP,202206221555,wet,asphalt,slight,20220622155522826,cfb3e3650b554922f69a30e1ced01e0116ed69fca410b23e01ab65263f4f346e,20220622155522826-wet-asphalt-slight.jpg,240,360,81.30310185185185,94.48509241898148,False,train
c:/Users/Rivan/Projects/AI_Grand_Prix/data/_hf_snapshot/test_50k/202206221555291592-wet-asphalt-smooth.jpg,DAMP,202206221555,wet,asphalt,smooth,202206221555291592,ff550ad7269cc30497835870956fab0812bbf1f8158398bd11f82ae3a02bd6b9,202206221555291592-wet-asphalt-smooth.jpg,240,360,75.91106481481482,39.89231099416474,False,train
c:/Users/Rivan/Projects/AI_Grand_Prix/data/_hf_snapshot/test_50k/20220622155538500-wet-asphalt-smooth.jpg,DAMP,202206221555,wet,asphalt,smooth,20220622155538500,ff8ee8047f1ec6ef46cd4c84bcfe9a97e8e444b1320280c8d26dbe1d8458f69c,20220622155538500-wet-asphalt-smooth.jpg,240,360,58.91203703703704,28.78489582676933,False,train
c:/Users/Rivan/Projects/AI_Grand_Prix/data/_hf_snapshot/test_50k/20220622155538541-wet-asphalt-smooth.jpg,DAMP,202206221555,wet,asphalt,smooth,20220622155538541,b8d270b565051a8985452b04974e07453ca6be0e915b40bd1846ca0dffc139b4,20220622155538541-wet-asphalt-smooth.jpg,240,360,55.698993055555555,17.306167084485384,False,train
c:/Users/Rivan/Projects/AI_Grand_Prix/data/_hf_snapshot/test_50k/20220622155555297-wet-asphalt-smooth.jpg,DAMP,202206221555,wet,asphalt,smooth,20220622155555297,89735122c9a803c4e46d2c895944b24c19bb53737df053fc6c8c85348fa2481b,20220622155555297-wet-asphalt-smooth.jpg,240,360,139.69100694444444,1015.3050983796296,False,train
c:/Users/Rivan/Projects/AI_Grand_Prix/data/_hf_snapshot/test_50k/20220622155555324-water-asphalt-smooth.jpg,WET,202206221555,water,asphalt,smooth,20220622155555324,551dee244cc6bbfc770e5d41192b9c54c9e2e7d100d1579b2b804272fea432e2,20220622155555324-water-asphalt-smooth.jpg,240,360,115.14813657407407,511.27858651406035,False,train
c:/Users/Rivan/Projects/AI_Grand_Prix/data/_hf_snapshot/test_50k/202206221556101771-wet-asphalt-smooth.jpg,DAMP,202206221556,wet,asphalt,smooth,202206221556101771,84d096b31867a8db41031a94bad49cf2f0056326231da5ddaa146bbcec94136c,202206221556101771-wet-asphalt-smooth.jpg,240,360,80.96642361111111,275.2174019413366,False,train
c:/Users/Rivan/Projects/AI_Grand_Prix/data/_hf_snapshot/test_50k/20220622155621873-wet-asphalt-smooth.jpg,DAMP,202206221556,wet,asphalt,smooth,20220622155621873,5ccd2600c6557a1887d43cdd58122c9ada48462dc31f78d824a73d484a91b9e3,20220622155621873-wet-asphalt-smooth.jpg,240,360,108.25976851851851,253.392346395828,False,train
c:/Users/Rivan/Projects/AI_Grand_Prix/data/_hf_snapshot/test_50k/202206221556241234-wet-asphalt-smooth.jpg,DAMP,202206221556,wet,asphalt,smooth,202206221556241234,3baa84b9a8dcd64a87f670d4635a1c2e8575816f41666bf65af758eed4ccabba,202206221556241234-wet-asphalt-smooth.jpg,240,360,162.7257175925926,1364.2917183447737,False,train
c:/Users/Rivan/Projects/AI_Grand_Prix/data/_hf_snapshot/test_50k/20220622155635220-wet-asphalt-smooth.jpg,DAMP,202206221556,wet,asphalt,smooth,20220622155635220,a9eea82e24d338163c3671426ae75f08bf10604877a682c1614d254ff88fe056,20220622155635220-wet-asphalt-smooth.jpg,240,360,81.00993055555556,447.4903083031925,False,train
c:/Users/Rivan/Projects/AI_Grand_Prix/data/_hf_snapshot/test_50k/20220622155639715-wet-asphalt-smooth.jpg,DAMP,202206221556,wet,asphalt,smooth,20220622155639715,1a519119b46f75e63af28292dfbc86e6a77571f4ee6861119c146fa181e8873b,20220622155639715-wet-asphalt-smooth.jpg,240,360,91.96293981481482,481.4831428400152,False,train
c:/Users/Rivan/Projects/AI_Grand_Prix/data/_hf_snapshot/test_50k/20220622155656262-water-concrete-smooth.jpg,WET,202206221556,water,concrete,smooth,20220622155656262,5e12affc5354b99b6808b1fd4744d6827f75da258feda1b0b8475787437b4f00,20220622155656262-water-concrete-smooth.jpg,240,360,126.55930555555555,292.71222385973937,False,train
c:/Users/Rivan/Projects/AI_Grand_Prix/data/_hf_snapshot/test_50k/20220622155657437-wet-concrete-slight.jpg,DAMP,202206221556,wet,concrete,slight,20220622155657437,e7ec1b6f5e20bcd8a5d08a45371e2ac385bf7a90429d24c158aa5dbb248f4574,20220622155657437-wet-concrete-slight.jpg,240,360,145.34137731481482,682.4956968021262,False,train
c:/Users/Rivan/Projects/AI_Grand_Prix/data/_hf_snapshot/test_50k/20220622155657453-water-concrete-smooth.jpg,WET,202206221556,water,concrete,smooth,20220622155657453,380f03398b6a9b3e054265b925920d29f3261775955c8828a4ba59f690f24a1d,20220622155657453-water-concrete-smooth.jpg,240,360,114.33966435185185,52.05891170213906,False,train
c:/Users/Rivan/Projects/AI_Grand_Prix/data/_hf_snapshot/test_50k/202206221557101670-wet-asphalt-smooth.jpg,DAMP,202206221557,wet,asphalt,smooth,202206221557101670,f8be1942952f111e8d6ecb021156740296511ad9d3413dc32228eade8d1d37e5,202206221557101670-wet-asphalt-smooth.jpg,240,360,91.92797453703703,655.2220746365688,False,train
c:/Users/Rivan/Projects/AI_Grand_Prix/data/_hf_snapshot/test_50k/202206221557271378-wet-asphalt-smooth.jpg,DAMP,202206221557,wet,asphalt,smooth,202206221557271378,51cc6eab618b7cf2aa047a9c3010766583b1eabfc1274cc72a9da8d8fdec5287,202206221557271378-wet-asphalt-smooth.jpg,240,360,77.02934027777778,168.27068748070988,False,train
c:/Users/Rivan/Projects/AI_Grand_Prix/data/_hf_snapshot/test_50k/202206221557281427-wet-asphalt-smooth.jpg,DAMP,202206221557,wet,asphalt,smooth,202206221557281427,d92c65ba5c092325f5e7b4a9630a18e86618e27437eb6bb1ba4e1d6e007ba4d7,202206221557281427-wet-asphalt-smooth.jpg,240,360,80.5107175925926,92.77404371570645,False,train
c:/Users/Rivan/Projects/AI_Grand_Prix/data/_hf_snapshot/test_50k/202206221557471338-wet-asphalt-smooth.jpg,DAMP,202206221557,wet,asphalt,smooth,202206221557471338,cc41e84acba93844afb23b30f49e22c7d7c040ccf67b300ab3519314e81040cf,202206221557471338-wet-asphalt-smooth.jpg,240,360,117.43224537037037,1155.2901273099924,False,train
c:/Users/Rivan/Projects/AI_Grand_Prix/data/_hf_snapshot/test_50k/202206221557491480-water-asphalt-smooth.jpg,WET,202206221557,water,asphalt,smooth,202206221557491480,dd828fa3e2b00e6149843819c8cc91f1542fe5d2f9458a39505d8dcd58644b06,202206221557491480-water-asphalt-smooth.jpg,240,360,87.73521990740741,429.25778372221686,False,train
c:/Users/Rivan/Projects/AI_Grand_Prix/data/_hf_snapshot/test_50k/202206221557491506-water-asphalt-smooth.jpg,WET,202206221557,water,asphalt,smooth,202206221557491506,24cb292313c0285527e8f51eef54596694dae913a07ceb59bdf95c647678d50c,202206221557491506-water-asphalt-smooth.jpg,240,360,106.80505787037038,1282.0387348765432,False,train
c:/Users/Rivan/Projects/AI_Grand_Prix/data/_hf_snapshot/test_50k/202206221557541952-water-asphalt-smooth.jpg,WET,202206221557,water,asphalt,smooth,202206221557541952,86c01f14db59578d21de0754e09b70fa0131170ee8287e4e25e88bd958f3d2e6,202206221557541952-water-asphalt-smooth.jpg,240,360,159.51296296296297,45.274398841386954,False,train
c:/Users/Rivan/Projects/AI_Grand_Prix/data/_hf_snapshot/test_50k/2022062215575533-water-asphalt-smooth.jpg,WET,202206221557,water,asphalt,smooth,2022062215575533,372d3852006581ed05481f90a59fea8927f5f936ced23034e25665491f208dc4,2022062215575533-water-asphalt-smooth.jpg,240,360,119.04363425925926,153.83073612062222,False,train
c:/Users/Rivan/Projects/AI_Grand_Prix/data/_hf_snapshot/test_50k/202206221558281124-wet-asphalt-smooth.jpg,DAMP,202206221558,wet,asphalt,smooth,202206221558281124,24d6c69a4f1dfe4353aee56e24bdd38f3bbb18dd773adbc811c3482af9a40ece,202206221558281124-wet-asphalt-smooth.jpg,240,360,123.0517824074074,1351.5719631553281,False,train
c:/Users/Rivan/Projects/AI_Grand_Prix/data/_hf_snapshot/test_50k/202206221558311386-wet-asphalt-smooth.jpg,DAMP,202206221558,wet,asphalt,smooth,202206221558311386,cebeed84558408d0da9edaad4de9a8d67ea24f720b00a3c99cf59a3a2e8d51b8,202206221558311386-wet-asphalt-smooth.jpg,240,360,132.95942129629628,1760.4571625288013,False,train
c:/Users/Rivan/Projects/AI_Grand_Prix/data/_hf_snapshot/test_50k/202206221558321474-wet-asphalt-slight.jpg,DAMP,202206221558,wet,asphalt,slight,202206221558321474,b9e00947d7e6c71774f135449bdc8a41367e4c21971daa3921a66ea6a9829245,202206221558321474-wet-asphalt-slight.jpg,240,360,130.2296875,2756.6061631944444,False,train
c:/Users/Rivan/Projects/AI_Grand_Prix/data/_hf_snapshot/test_50k/20220622155846821-water-asphalt-smooth.jpg,WET,202206221558,water,asphalt,smooth,20220622155846821,4ec5b9015bd00fa6b4551ba39d43066da8f65289ea9105d9d1f81339b4f30bdc,20220622155846821-water-asphalt-smooth.jpg,240,360,138.92380787037038,321.10686112705224,False,train
c:/Users/Rivan/Projects/AI_Grand_Prix/data/_hf_snapshot/test_50k/20220622155905675-wet-asphalt-smooth.jpg,DAMP,202206221559,wet,asphalt,smooth,20220622155905675,6801aae087f5b7d02e0ea0abee04cd9928dbe8d2b8390d427cbd4ae41bf1e37a,20220622155905675-wet-asphalt-smooth.jpg,240,360,88.72385416666667,230.41552985628854,False,train
c:/Users/Rivan/Projects/AI_Grand_Prix/data/_hf_snapshot/test_50k/202206221559171880-water-asphalt-slight.jpg,WET,202206221559,water,asphalt,slight,202206221559171880,20184748a617e1fd64b5993dfb88c0704be2dfb920cd9ed18861efe7b76c577b,202206221559171880-water-asphalt-slight.jpg,240,360,74.38538194444445,247.59916649305555,False,train
c:/Users/Rivan/Projects/AI_Grand_Prix/data/_hf_snapshot/test_50k/2022062215591952-wet-asphalt-smooth.jpg,DAMP,202206221559,wet,asphalt,smooth,2022062215591952,90cafbc84686e467189632f2a0cd8e5ae8b7b1af2e039403eeb7fac674b1c26a,2022062215591952-wet-asphalt-smooth.jpg,240,360,95.80510416666667,1332.0251463906036,False,train
c:/Users/Rivan/Projects/AI_Grand_Prix/data/_hf_snapshot/test_50k/20220622155942236-water-asphalt-smooth.jpg,WET,202206221559,water,asphalt,smooth,20220622155942236,a2b06da5960099c999a6944cf1969180c8adfe16ead5f6c581876d4144603e67,20220622155942236-water-asphalt-smooth.jpg,240,360,75.3740625,297.65749091100287,False,train
c:/Users/Rivan/Projects/AI_Grand_Prix/data/_hf_snapshot/test_50k/20220622155946603-water-asphalt-smooth.jpg,WET,202206221559,water,asphalt,smooth,20220622155946603,535e66c07082c81b361259e20689f4004412011591da3a2cf31dbed8c54337b8,20220622155946603-water-asphalt-smooth.jpg,240,360,180.8193865740741,1292.461487358405,False,train
c:/Users/Rivan/Projects/AI_Grand_Prix/data/_hf_snapshot/test_50k/20220622155947649-water-asphalt-smooth.jpg,WET,202206221559,water,asphalt,smooth,20220622155947649,dc1e62e4fb3b51e2089c8ec6b4322bfdd2fc2265949d0c834463037f00bcab19,20220622155947649-water-asphalt-smooth.jpg,240,360,112.32751157407408,645.4249714922786,False,train
c:/Users/Rivan/Projects/AI_Grand_Prix/data/_hf_snapshot/test_50k/202206221559591905-wet-asphalt-smooth.jpg,DAMP,202206221559,wet,asphalt,smooth,202206221559591905,4f472e1d95775beabe23055cb5b94b5e4512ad3fab7d0fe484531440965926a5,202206221559591905-wet-asphalt-smooth.jpg,240,360,99.08333333333333,334.02161727537725,False,train
c:/Users/Rivan/Projects/AI_Grand_Prix/data/_hf_snapshot/test_50k/202206221600001971-water-asphalt-slight.jpg,WET,202206221600,water,asphalt,slight,202206221600001971,e0e1c24996aa82785b4ac1b25905a9d686763e15f154fa2227046c8aa849526e,202206221600001971-water-asphalt-slight.jpg,240,360,110.93537037037036,780.544780632582,False,train
c:/Users/Rivan/Projects/AI_Grand_Prix/data/_hf_snapshot/test_50k/20220622160002238-wet-asphalt-slight.jpg,DAMP,202206221600,wet,asphalt,slight,20220622160002238,fbd49465bfb8b3f5bfb9844cadb16df6f6d0627bcbf365bce1ce07e3d1ae257a,20220622160002238-wet-asphalt-slight.jpg,240,360,130.83142361111112,410.6114324351369,False,train
c:/Users/Rivan/Projects/AI_Grand_Prix/data/_hf_snapshot/test_50k/20220622160003292-wet-asphalt-smooth.jpg,DAMP,202206221600,wet,asphalt,smooth,20220622160003292,2b5061184d7dae0e8d9f4f3de95126b55f4f64e08deac8ec1119138769e529c0,20220622160003292-wet-asphalt-smooth.jpg,240,360,132.52524305555556,596.663740884211,False,train
c:/Users/Rivan/Projects/AI_Grand_Prix/data/_hf_snapshot/test_50k/20220622160003295-wet-asphalt-slight.jpg,DAMP,202206221600,wet,asphalt,slight,20220622160003295,96b8c879ee6b8123d875ac035387e7ea949fd880c67809810912ee397584e61e,20220622160003295-wet-asphalt-slight.jpg,240,360,117.9114236111111,1193.7559474965706,False,train
c:/Users/Rivan/Projects/AI_Grand_Prix/data/_hf_snapshot/test_50k/20220622160003313-wet-asphalt-slight.jpg,DAMP,202206221600,wet,asphalt,slight,20220622160003313,0dc71c717fde045645c829e911afb92ae528a6f44158220622d7798f16fe2ff6,20220622160003313-wet-asphalt-slight.jpg,240,360,119.06619212962963,1077.9264985949021,False,train
c:/Users/Rivan/Projects/AI_Grand_Prix/data/_hf_snapshot/test_50k/2022062216002123-water-asphalt-smooth.jpg,WET,202206221600,water,asphalt,smooth,2022062216002123,9395710fc80416acf043b50fedb81e0f303bb575601f13753174ff41faed44d7,2022062216002123-water-asphalt-smooth.jpg,240,360,122.21195601851852,561.5737617668414,False,train
c:/Users/Rivan/Projects/AI_Grand_Prix/data/_hf_snapshot/test_50k/20220622160029890-water-asphalt-smooth.jpg,WET,202206221600,water,asphalt,smooth,20220622160029890,c62e19303037005d67e3078fedd81a353f1a60b3c4f2e07e2d1e8e7696c96632,20220622160029890-water-asphalt-smooth.jpg,240,360,142.3339814814815,849.8849186594435,False,train
c:/Users/Rivan/Projects/AI_Grand_Prix/data/_hf_snapshot/test_50k/202206221600341300-wet-asphalt-severe.jpg,DAMP,202206221600,wet,asphalt,severe,202206221600341300,2b4a54e40d815d9655890e1b82483a5a9212374c37b3911f614cf795ba53c332,202206221600341300-wet-asphalt-severe.jpg,240,360,122.95762731481481,1825.744880925149,False,train
c:/Users/Rivan/Projects/AI_Grand_Prix/data/_hf_snapshot/test_50k/202206221600341318-water-asphalt-severe.jpg,WET,202206221600,water,asphalt,severe,202206221600341318,86dd9d839b6f880954f16b8ed10b7d5d97d8f2010a1f97fc5f674c32a49b5115,202206221600341318-water-asphalt-severe.jpg,240,360,124.55914351851852,2072.0757867797015,False,train
c:/Users/Rivan/Projects/AI_Grand_Prix/data/_hf_snapshot/test_50k/20220622160046529-water-asphalt-smooth.jpg,WET,202206221600,water,asphalt,smooth,20220622160046529,bcdc6c0f099eab3b11838e5544c6122b229e7abf11b5552a210cb228b07d3d6a,20220622160046529-water-asphalt-smooth.jpg,240,360,126.66384259259259,420.0354416666667,False,train
c:/Users/Rivan/Projects/AI_Grand_Prix/data/_hf_snapshot/test_50k/202206221601011957-wet-asphalt-smooth.jpg,DAMP,202206221601,wet,asphalt,smooth,202206221601011957,155b41cc9d07effdd71eab808716906496b1d051edc0813a31b71681c180f2e2,202206221601011957-wet-asphalt-smooth.jpg,240,360,106.78471064814815,341.4881479338134,False,train
c:/Users/Rivan/Projects/AI_Grand_Prix/data/_hf_snapshot/test_50k/20220622160108673-wet-asphalt-smooth.jpg,DAMP,202206221601,wet,asphalt,smooth,20220622160108673,8f18a7389351f366132392e5dcc7bcc7db87220e3d2a2aaf4a9728617662809b,20220622160108673-wet-asphalt-smooth.jpg,240,360,108.75287037037037,150.3682816786694,False,train
c:/Users/Rivan/Projects/AI_Grand_Prix/data/_hf_snapshot/test_50k/202206221601121072-wet-asphalt-smooth.jpg,DAMP,202206221601,wet,asphalt,smooth,202206221601121072,56ccb03ae5341af645636f0791bcf6cc0633b14d1061cb32f39c34b6c6fcf4c0,202206221601121072-wet-asphalt-smooth.jpg,240,360,92.02856481481481,117.29135110583312,False,train
c:/Users/Rivan/Projects/AI_Grand_Prix/data/_hf_snapshot/test_50k/20220622160129948-wet-asphalt-smooth.jpg,DAMP,202206221601,wet,asphalt,smooth,20220622160129948,32d6636060f5f1242f7b721047a63cbcfa0629d6858b928f8e90f78e3a322c46,20220622160129948-wet-asphalt-smooth.jpg,240,360,77.71540509259259,45.264013540461036,False,train
c:/Users/Rivan/Projects/AI_Grand_Prix/data/_hf_snapshot/test_50k/202206221601311114-wet-asphalt-smooth.jpg,DAMP,202206221601,wet,asphalt,smooth,202206221601311114,ee46f8439645fa6e63e8bc343c2d53dabae6edb2d333995a25ea58fc87a85d4e,202206221601311114-wet-asphalt-smooth.jpg,240,360,59.96894675925926,52.2513671037755,False,train
c:/Users/Rivan/Projects/AI_Grand_Prix/data/_hf_snapshot/test_50k/20220622160145588-wet-asphalt-smooth.jpg,DAMP,202206221601,wet,asphalt,smooth,20220622160145588,d772e63d2d704716bed43afeac47fe6de76444f59e6f07f7d3f4a3a3f7bfd956,20220622160145588-wet-asphalt-smooth.jpg,240,360,60.05306712962963,160.75378675719628,False,train
c:/Users/Rivan/Projects/AI_Grand_Prix/data/_hf_snapshot/test_50k/202206221601541445-wet-asphalt-smooth.jpg,DAMP,202206221601,wet,asphalt,smooth,202206221601541445,cfd7fb90942a309223db9dad8dd8d32e5921cecadf06ee9036c257909a5ab68e,202206221601541445-wet-asphalt-smooth.jpg,240,360,92.05847222222222,678.4212474258402,False,train
c:/Users/Rivan/Projects/AI_Grand_Prix/data/_hf_snapshot/test_50k/20220622160600209-wet-concrete-smooth.jpg,DAMP,202206221606,wet,concrete,smooth,20220622160600209,2a9ca4a5ed1d445c4f42d3fa4edf85e45e6a6e8a09fd5bc92cf070be2850ab6f,20220622160600209-wet-concrete-smooth.jpg,240,360,96.51175925925926,71.12962125718022,False,train
c:/Users/Rivan/Projects/AI_Grand_Prix/data/_hf_snapshot/test_50k/20220622160601316-wet-concrete-smooth.jpg,DAMP,202206221606,wet,concrete,smooth,20220622160601316,a739873b1476bcd6751e3f8c3d63e86652be44e901a81cb993e3bd4f0b707008,20220622160601316-wet-concrete-smooth.jpg,240,360,79.8025462962963,88.22054691304442,False,train
c:/Users/Rivan/Projects/AI_Grand_Prix/data/_hf_snapshot/test_50k/20220622160602452-wet-concrete-smooth.jpg,DAMP,202206221606,wet,concrete,smooth,20220622160602452,ff0ab662ce7058d53f26fa51ad1a66f64ba5a2379a875c5976c79edb8b467c63,20220622160602452-wet-concrete-smooth.jpg,240,360,83.89819444444444,85.0329932222008,False,train
c:/Users/Rivan/Projects/AI_Grand_Prix/data/_hf_snapshot/test_50k/20220622160606821-wet-concrete-smooth.jpg,DAMP,202206221606,wet,concrete,smooth,20220622160606821,38f231afe81eff09e34735d28155cc7427f1e70f7a31bbbc70d6f9b3e8fe1f89,20220622160606821-wet-concrete-smooth.jpg,240,360,122.38546296296296,82.29758238811729,False,train
c:/Users/Rivan/Projects/AI_Grand_Prix/data/_hf_snapshot/test_50k/20220622160607885-wet-concrete-smooth.jpg,DAMP,202206221606,wet,concrete,smooth,20220622160607885,db1ce07592d3ae619f206912abec89a2a734f93a0bd4006a5cabb9b3778edc05,20220622160607885-wet-concrete-smooth.jpg,240,360,117.13285879629629,142.87506681884432,False,train
c:/Users/Rivan/Projects/AI_Grand_Prix/data/_hf_snapshot/test_50k/202206221606111273-wet-concrete-smooth.jpg,DAMP,202206221606,wet,concrete,smooth,202206221606111273,496f95fc0cfd544f8ed9e614fe8e0acd500e1603717d9e6ca62a27838be7b853,202206221606111273-wet-concrete-smooth.jpg,240,360,116.0450925925926,13.062678935185184,False,train
c:/Users/Rivan/Projects/AI_Grand_Prix/data/_hf_snapshot/test_50k/202206221606111307-wet-concrete-smooth.jpg,DAMP,202206221606,wet,concrete,smooth,202206221606111307,095927cdc8814559b566aa63f05cbe6fc6c7fcd9e6e1cbd4fb7e5a166a941be4,202206221606111307-wet-concrete-smooth.jpg,240,360,106.71853009259259,418.07883734085647,False,train
c:/Users/Rivan/Projects/AI_Grand_Prix/data/_hf_snapshot/test_50k/202206221606141553-wet-concrete-smooth.jpg,DAMP,202206221606,wet,concrete,smooth,202206221606141553,dd4d8e22f222bc9fcb17e5ef8063b71c50d78782b272c128ef9d6e54ce89e0a4,202206221606141553-wet-concrete-smooth.jpg,240,360,155.57635416666668,618.7096455427759,False,train
c:/Users/Rivan/Projects/AI_Grand_Prix/data/_hf_snapshot/test_50k/202206221606141564-wet-concrete-smooth.jpg,DAMP,202206221606,wet,concrete,smooth,202206221606141564,9933f32b122db31be8da3b71a84b51736018c1bc7f530dc3ec2a47a14e374642,202206221606141564-wet-concrete-smooth.jpg,240,360,105.02416666666667,292.81769246707285,False,train
c:/Users/Rivan/Projects/AI_Grand_Prix/data/_hf_snapshot/test_50k/20220622160619110-wet-concrete-smooth.jpg,DAMP,202206221606,wet,concrete,smooth,20220622160619110,ee20964a9b7d40f8bcfd6fc14bad1c4be377068ea9f0f0fcc4d044c14f2349cb,20220622160619110-wet-concrete-smooth.jpg,240,360,111.24070601851852,128.13130707612632,False,train
c:/Users/Rivan/Projects/AI_Grand_Prix/data/_hf_snapshot/test_50k/20220622160627907-wet-concrete-smooth.jpg,DAMP,202206221606,wet,concrete,smooth,20220622160627907,3bbbaf58a0c1c9237daf2da3db4788103fa1e09f3dcab9d5e274ff6d679d9718,20220622160627907-wet-concrete-smooth.jpg,240,360,117.99733796296296,674.5213149669925,False,train
c:/Users/Rivan/Projects/AI_Grand_Prix/data/_hf_snapshot/test_50k/202206221606301279-wet-concrete-smooth.jpg,DAMP,202206221606,wet,concrete,smooth,202206221606301279,9ca0f02b050b33dc1301fc4a6939867e5cd0ac462769feacd4b8125e73acefd2,202206221606301279-wet-concrete-smooth.jpg,240,360,93.6969212962963,18.681770267355756,False,train
c:/Users/Rivan/Projects/AI_Grand_Prix/data/_hf_snapshot/test_50k/20220622160639197-wet-concrete-smooth.jpg,DAMP,202206221606,wet,concrete,smooth,20220622160639197,bc184622be5678052cdb5cb56ed7cfdebf85328dbf84206c6e7c3e8ddb3c54b4,20220622160639197-wet-concrete-smooth.jpg,240,360,157.87427083333333,577.4470192879801,False,train
c:/Users/Rivan/Projects/AI_Grand_Prix/data/_hf_snapshot/test_50k/20220622160640239-wet-concrete-smooth.jpg,DAMP,202206221606,wet,concrete,smooth,20220622160640239,6282dc8d4c1d4c5f3ca8ddf8dfd3e52a5716811f4918b7be494fc3d9c7a761e0,20220622160640239-wet-concrete-smooth.jpg,240,360,101.14305555555555,375.83824245541837,False,train
c:/Users/Rivan/Projects/AI_Grand_Prix/data/_hf_snapshot/test_50k/20220622160640254-wet-concrete-smooth.jpg,DAMP,202206221606,wet,concrete,smooth,20220622160640254,0ad7fb6b50005c3619adffce3fa7cd9e10726e2e395aeec42f97b57192beea74,20220622160640254-wet-concrete-smooth.jpg,240,360,103.54039351851851,117.24316332090193,False,train
c:/Users/Rivan/Projects/AI_Grand_Prix/data/_hf_snapshot/test_50k/20220622160641361-wet-concrete-smooth.jpg,DAMP,202206221606,wet,concrete,smooth,20220622160641361,f6f01de96c12fdce16726520c6ef01c91194439dc0f82c3b1b33a7172ad80108,20220622160641361-wet-concrete-smooth.jpg,240,360,82.82344907407408,199.6315722088263,False,train
c:/Users/Rivan/Projects/AI_Grand_Prix/data/_hf_snapshot/test_50k/202206301808051276-dry-concrete-smooth.jpg,DRY,202206301808,dry,concrete,smooth,202206301808051276,cc4db1fb589e063a66500178c44aa621cc13cef544d616f59e176f7c2126e8d2,202206301808051276-dry-concrete-smooth.jpg,240,360,120.00991898148148,13.51425831404321,False,train
c:/Users/Rivan/Projects/AI_Grand_Prix/data/_hf_snapshot/test_50k/20220630180811201-dry-asphalt-smooth.jpg,DRY,202206301808,dry,asphalt,smooth,20220630180811201,611c41d7cb884acdeb3300ed4249ca20dff8cddd960aa57eb9a1b7d5ba314450,20220630180811201-dry-asphalt-smooth.jpg,240,360,162.2965162037037,1353.3958744722008,False,train
c:/Users/Rivan/Projects/AI_Grand_Prix/data/_hf_snapshot/test_50k/20220630180813498-dry-asphalt-smooth.jpg,DRY,202206301808,dry,asphalt,smooth,20220630180813498,ef33e67a363079c801e3643683613326fd97571d52a6b8951e3a4dcea9f8df95,20220630180813498-dry-asphalt-smooth.jpg,240,360,118.77905092592593,458.248470601316,False,train
c:/Users/Rivan/Projects/AI_Grand_Prix/data/_hf_snapshot/test_50k/202206301808211823-dry-asphalt-smooth.jpg,DRY,202206301808,dry,asphalt,smooth,202206301808211823,a37018545f327a60845b85e4817cfc301ff6c440f97356520c02d19a3ab85b5f,202206301808211823-dry-asphalt-smooth.jpg,240,360,117.5667824074074,256.4978336868516,False,train
c:/Users/Rivan/Projects/AI_Grand_Prix/data/_hf_snapshot/test_50k/20220630180825530-dry-asphalt-smooth.jpg,DRY,202206301808,dry,asphalt,smooth,20220630180825530,f5b27b321a516131bb2c55dc711e8eef56d33d32dca87ff02ad89d7f5e9cb2b6,20220630180825530-dry-asphalt-smooth.jpg,240,360,113.41464120370371,62.707221771583505,False,train
c:/Users/Rivan/Projects/AI_Grand_Prix/data/_hf_snapshot/test_50k/202206302047441758-dry-asphalt-smooth.jpg,DRY,202206302047,dry,asphalt,smooth,202206302047441758,b78c3a4092e6f1966ecf99727ff84b7087c27576dad0b75b4c47a1ec17c28265,202206302047441758-dry-asphalt-smooth.jpg,240,360,109.54077546296297,79.33471858710563,False,train
c:/Users/Rivan/Projects/AI_Grand_Prix/data/_hf_snapshot/test_50k/202206302047441810-dry-asphalt-smooth.jpg,DRY,202206302047,dry,asphalt,smooth,202206302047441810,396d859870eed90a23d0251c7893f6099a33416ece6d8afb658a00d60fb488e3,202206302047441810-dry-asphalt-smooth.jpg,240,360,106.95101851851852,28.468992261311517,False,train
c:/Users/Rivan/Projects/AI_Grand_Prix/data/_hf_snapshot/test_50k/202206302047551899-dry-asphalt-smooth.jpg,DRY,202206302047,dry,asphalt,smooth,202206302047551899,ea9215db9192c0e23e1b900f6e2e8c5dbeb98f8d05f31772fcacbb2e2cbbbae6,202206302047551899-dry-asphalt-smooth.jpg,240,360,114.95634259259259,24.304511959876546,False,train
c:/Users/Rivan/Projects/AI_Grand_Prix/data/_hf_snapshot/test_50k/202206302048461507-dry-asphalt-smooth.jpg,DRY,202206302048,dry,asphalt,smooth,202206302048461507,4cd18f6d1f07f0cebb2ed4aa0c49a9e1fbe31444c3e90e455a01cb444d512865,202206302048461507-dry-asphalt-smooth.jpg,240,360,114.97569444444444,99.62895297496571,False,train
c:/Users/Rivan/Projects/AI_Grand_Prix/data/_hf_snapshot/test_50k/20220630204902416-dry-asphalt-smooth.jpg,DRY,202206302049,dry,asphalt,smooth,20220630204902416,b5c082e0f18303e0b88762de98eeb044bddbc1bebda2cbfab22fe9fc0c369b1d,20220630204902416-dry-asphalt-smooth.jpg,240,360,118.61197916666667,15.614467587770061,False,train
c:/Users/Rivan/Projects/AI_Grand_Prix/data/_hf_snapshot/test_50k/20220630204911131-dry-asphalt-smooth.jpg,DRY,202206302049,dry,asphalt,smooth,20220630204911131,f153e4d087fd8bfc8b539b7269f4e56485976e9d082b45111b16ce1b364debf7,20220630204911131-dry-asphalt-smooth.jpg,240,360,131.35563657407408,96.31423577621314,False,train
c:/Users/Rivan/Projects/AI_Grand_Prix/data/_hf_snapshot/test_50k/20220630204914762-dry-asphalt-smooth.jpg,DRY,202206302049,dry,asphalt,smooth,20220630204914762,c77695f44bb8541369f5c422cb7ba5ee695efca732e4f179ab84deb89822887d,20220630204914762-dry-asphalt-smooth.jpg,240,360,133.28244212962963,31.50454768826625,False,train
c:/Users/Rivan/Projects/AI_Grand_Prix/data/_hf_snapshot/test_50k/20220630204915906-dry-asphalt-smooth.jpg,DRY,202206302049,dry,asphalt,smooth,20220630204915906,72b1b590d43270f0bcbc0ea7d88ecbb9a71379c21eb392f29dc37eca9815174c,20220630204915906-dry-asphalt-smooth.jpg,240,360,123.48534722222222,16.99560903728888,False,train
c:/Users/Rivan/Projects/AI_Grand_Prix/data/_hf_snapshot/test_50k/20220630204924554-dry-asphalt-smooth.jpg,DRY,202206302049,dry,asphalt,smooth,20220630204924554,e60956cdeab924dd242b66b03e9dfee9ce465ee2de5cd2cfdaee6a27dc1618fd,20220630204924554-dry-asphalt-smooth.jpg,240,360,114.4233912037037,79.85026844135803,False,train
c:/Users/Rivan/Projects/AI_Grand_Prix/data/_hf_snapshot/test_50k/20220630204935779-dry-asphalt-smooth.jpg,DRY,202206302049,dry,asphalt,smooth,20220630204935779,4643b112ce1dab0fbb468ea53eb68f878171e3c856f5db0faa8c9825bbbe977f,20220630204935779-dry-asphalt-smooth.jpg,240,360,108.06344907407407,11.649510285922496,False,train
c:/Users/Rivan/Projects/AI_Grand_Prix/data/_hf_snapshot/test_50k/20220630204946837-dry-asphalt-smooth.jpg,DRY,202206302049,dry,asphalt,smooth,20220630204946837,26b6d3d822225ff3999ab6bd56e5a77cbf3f0d4442d384509bde1f82d8678ed1,20220630204946837-dry-asphalt-smooth.jpg,240,360,114.06621527777777,100.85031069744512,False,train
c:/Users/Rivan/Projects/AI_Grand_Prix/data/_hf_snapshot/test_50k/20220630220942236-dry-asphalt-smooth.jpg,DRY,202206302209,dry,asphalt,smooth,20220630220942236,c951008bff7d5e6d515d485969fe6a2550b339b220bdd9b10d358130500b8a36,20220630220942236-dry-asphalt-smooth.jpg,240,360,119.00335648148148,190.37174066023124,False,train
c:/Users/Rivan/Projects/AI_Grand_Prix/data/_hf_snapshot/test_50k/20220630220956999-wet-asphalt-smooth.jpg,DAMP,202206302209,wet,asphalt,smooth,20220630220956999,50a429c613ead8ee94be15ffc4e2e4538a44b90bcb5378eeea57fd4711ed8ce9,20220630220956999-wet-asphalt-smooth.jpg,240,360,114.78043981481481,575.0820161844136,False,train
c:/Users/Rivan/Projects/AI_Grand_Prix/data/_hf_snapshot/test_50k/202206302210021838-wet-asphalt-smooth.jpg,DAMP,202206302210,wet,asphalt,smooth,202206302210021838,43aa157c7f6c50475668dd60074ef4c92848e758fff10f59f16b35516d8c1e7c,202206302210021838-wet-asphalt-smooth.jpg,240,360,131.7212037037037,105.25460251843276,False,train
c:/Users/Rivan/Projects/AI_Grand_Prix/data/_hf_snapshot/test_50k/20220630221006410-wet-asphalt-slight.jpg,DAMP,202206302210,wet,asphalt,slight,20220630221006410,657e64ce1137342d8b24ba43c1e2967941837bc69e16162d13c93375d46d9e53,20220630221006410-wet-asphalt-slight.jpg,240,360,109.63880787037037,188.45627429470485,False,train
c:/Users/Rivan/Projects/AI_Grand_Prix/data/_hf_snapshot/test_50k/20220630221007513-wet-asphalt-slight.jpg,DAMP,202206302210,wet,asphalt,slight,20220630221007513,ca72cadda5f95a1767e02f5f1b37ffdecf229696749dbf4d9b39bb76881ba899,20220630221007513-wet-asphalt-slight.jpg,240,360,124.98677083333334,445.0824382710691,False,train
c:/Users/Rivan/Projects/AI_Grand_Prix/data/_hf_snapshot/test_50k/20220630221007635-wet-asphalt-slight.jpg,DAMP,202206302210,wet,asphalt,slight,20220630221007635,f7c37c14ef4afbe6f513af526b0833842ce51c9af57cc1bd7bac15e9f7ae7160,20220630221007635-wet-asphalt-slight.jpg,240,360,106.93175925925927,88.78130413438251,False,train
c:/Users/Rivan/Projects/AI_Grand_Prix/data/_hf_snapshot/test_50k/202206302210121264-wet-asphalt-smooth.jpg,DAMP,202206302210,wet,asphalt,smooth,202206302210121264,efb1cfe7b07f75c4d12e1a128fba4b06102c9d4752ebffaa091b377534a01a07,202206302210121264-wet-asphalt-smooth.jpg,240,360,102.94962962962963,43.35472163869599,False,train
c:/Users/Rivan/Projects/AI_Grand_Prix/data/_hf_snapshot/test_50k/202206302210121284-wet-asphalt-slight.jpg,DAMP,202206302210,wet,asphalt,slight,202206302210121284,c9d2c42cd81e75f61b6e2d8aa7b7c087b0900c8661258f7a0546f682208ee666,202206302210121284-wet-asphalt-slight.jpg,240,360,105.14234953703703,337.4453818607199,False,train
c:/Users/Rivan/Projects/AI_Grand_Prix/data/_hf_snapshot/test_50k/202206302210121294-wet-asphalt-slight.jpg,DAMP,202206302210,wet,asphalt,slight,202206302210121294,950c8149be7c2081fefbc1614922f14f54d6ec4334927a09403ddc2129ea3363,202206302210121294-wet-asphalt-slight.jpg,240,360,115.94322916666667,91.54731121184842,False,train
c:/Users/Rivan/Projects/AI_Grand_Prix/data/_hf_snapshot/test_50k/202206302210141618-wet-asphalt-slight.jpg,DAMP,202206302210,wet,asphalt,slight,202206302210141618,df648501160c1e91e01c29a3ecca8b40dc8eeb963b51831fa5221860a86bf1d7,202206302210141618-wet-asphalt-slight.jpg,240,360,114.5749537037037,94.34479008916324,False,train
c:/Users/Rivan/Projects/AI_Grand_Prix/data/_hf_snapshot/test_50k/202206302210171970-wet-asphalt-slight.jpg,DAMP,202206302210,wet,asphalt,slight,202206302210171970,d88788b8e9dd1ac86a9beef272a82384bf45b1f64aa03fc9cd5d07df25867535,202206302210171970-wet-asphalt-slight.jpg,240,360,106.24143518518518,124.47107616370347,False,train
c:/Users/Rivan/Projects/AI_Grand_Prix/data/_hf_snapshot/test_50k/2022063022101741-wet-asphalt-slight.jpg,DAMP,202206302210,wet,asphalt,slight,2022063022101741,e806387bf36b3aa0073769ab13beb205d3efadb433fdc091b8a6e3bb1f95c2ab,2022063022101741-wet-asphalt-slight.jpg,240,360,113.07011574074075,213.14011293710882,False,train
c:/Users/Rivan/Projects/AI_Grand_Prix/data/_hf_snapshot/test_50k/202206302354001040-water-concrete-smooth.jpg,WET,202206302354,water,concrete,smooth,202206302354001040,2b04cecd5086fdfd052edffe61aa2655361c78bc3a124fe6275ede1bf414285c,202206302354001040-water-concrete-smooth.jpg,240,360,143.2015625,36.54675599922839,False,train
c:/Users/Rivan/Projects/AI_Grand_Prix/data/_hf_snapshot/test_50k/202206302354011118-water-concrete-smooth.jpg,WET,202206302354,water,concrete,smooth,202206302354011118,cf4273edf495a49f8b1c4d15062db42ecf9d37e921364c4cca486f4fb97614ab,202206302354011118-water-concrete-smooth.jpg,240,360,120.24898148148148,17.81520830707733,False,train
c:/Users/Rivan/Projects/AI_Grand_Prix/data/_hf_snapshot/test_50k/202206302354011182-water-concrete-smooth.jpg,WET,202206302354,water,concrete,smooth,202206302354011182,b0c52a50d027cabb54f21de3457a8d6650f4337414b56f2bc8fdc4b05d7fab62,202206302354011182-water-concrete-smooth.jpg,240,360,129.12614583333334,13.793703638867457,False,train
c:/Users/Rivan/Projects/AI_Grand_Prix/data/_hf_snapshot/test_50k/202206302354021471-water-concrete-smooth.jpg,WET,202206302354,water,concrete,smooth,202206302354021471,6d3dd78df96e6988c2a4b2b9c36561b9a770329c4429875876b0c27104263e26,202206302354021471-water-concrete-smooth.jpg,240,360,114.1865625,8.617712255524475,False,train
c:/Users/Rivan/Projects/AI_Grand_Prix/data/_hf_snapshot/test_50k/202206302354041782-water-concrete-smooth.jpg,WET,202206302354,water,concrete,smooth,202206302354041782,39c215e12c2ceea9677eb08972ededa51558466d8103520989b764a0116b833d,202206302354041782-water-concrete-smooth.jpg,240,360,147.34530092592593,3.86260268976659,False,train
c:/Users/Rivan/Projects/AI_Grand_Prix/data/_hf_snapshot/test_50k/202206302354041802-water-concrete-smooth.jpg,WET,202206302354,water,concrete,smooth,202206302354041802,6ffa2bf846aebd8465b297d3e745dbc7a8de28e59baae895bf7fb07ec8575179,202206302354041802-water-concrete-smooth.jpg,240,360,118.9876736111111,5.5274652776438185,False,train
c:/Users/Rivan/Projects/AI_Grand_Prix/data/_hf_snapshot/test_50k/20220630235406147-water-concrete-smooth.jpg,WET,202206302354,water,concrete,smooth,20220630235406147,25753d9e0957434e56a4bb0a3951e8598b6e4b7f1237671ea43e873508c1c750,20220630235406147-water-concrete-smooth.jpg,240,360,104.55856481481482,8.469073559134946,False,train
c:/Users/Rivan/Projects/AI_Grand_Prix/data/_hf_snapshot/test_50k/20220630235407411-water-concrete-smooth.jpg,WET,202206302354,water,concrete,smooth,20220630235407411,a92304c851d7eae646a0c76807e3ea09f2529d7a3e08065c1cd7e0f486d87b27,20220630235407411-water-concrete-smooth.jpg,240,360,113.61571759259259,5.797198919217251,False,train
c:/Users/Rivan/Projects/AI_Grand_Prix/data/_hf_snapshot/test_50k/20220630235407432-water-concrete-smooth.jpg,WET,202206302354,water,concrete,smooth,20220630235407432,9da5a6f018d0b20f1aba301eb5fb01a648da410f44aa02b7a7846d1eb8337a19,20220630235407432-water-concrete-smooth.jpg,240,360,130.2294212962963,32.86865796668703,False,train
c:/Users/Rivan/Projects/AI_Grand_Prix/data/_hf_snapshot/test_50k/20220630235407529-water-concrete-smooth.jpg,WET,202206302354,water,concrete,smooth,20220630235407529,34140f30e977dc5decae86e7df54218cd0e55718cf10414a6a2e48848d467b01,20220630235407529-water-concrete-smooth.jpg,240,360,119.18260416666666,39.39069396219136,False,train
c:/Users/Rivan/Projects/AI_Grand_Prix/data/_hf_snapshot/test_50k/20220630235408678-water-concrete-smooth.jpg,WET,202206302354,water,concrete,smooth,20220630235408678,3c8cfbddf80f0eec13f8af2712a0841e7152ff47487775c2bb49291fb48c72aa,20220630235408678-water-concrete-smooth.jpg,240,360,130.7218287037037,26.96801689814815,False,train
c:/Users/Rivan/Projects/AI_Grand_Prix/data/_hf_snapshot/test_50k/20220630235408688-water-concrete-smooth.jpg,WET,202206302354,water,concrete,smooth,20220630235408688,26dab96bfffe40f8b0544fab346d3dc05618d2b7157537a87594bb905fa864fa,20220630235408688-water-concrete-smooth.jpg,240,360,119.96956018518519,78.29594836623372,False,train
c:/Users/Rivan/Projects/AI_Grand_Prix/data/_hf_snapshot/test_50k/20220630235408691-water-concrete-smooth.jpg,WET,202206302354,water,concrete,smooth,20220630235408691,246ed7f07184e3b2e9fdb9e9ee74366e2214771e91eda31263504f4880caa94f,20220630235408691-water-concrete-smooth.jpg,240,360,120.41846064814816,15.364698936899863,False,train
c:/Users/Rivan/Projects/AI_Grand_Prix/data/_hf_snapshot/test_50k/20220630235408758-water-concrete-smooth.jpg,WET,202206302354,water,concrete,smooth,20220630235408758,b8121f8ee65c2eaf35ce2d3415e930df6e7642899cdb1c7b3152276dd2ea460e,20220630235408758-water-concrete-smooth.jpg,240,360,149.58568287037036,3.7284592816304443,False,train
c:/Users/Rivan/Projects/AI_Grand_Prix/data/_hf_snapshot/test_50k/202206302354101012-water-concrete-smooth.jpg,WET,202206302354,water,concrete,smooth,202206302354101012,cf915ccfef39bff9aba7f9c427687638bc12d8445efa92ad1aedd22ca4003848,202206302354101012-water-concrete-smooth.jpg,240,360,117.09998842592593,32.35090212137775,False,train
c:/Users/Rivan/Projects/AI_Grand_Prix/data/_hf_snapshot/test_50k/202206302354101056-water-concrete-smooth.jpg,WET,202206302354,water,concrete,smooth,202206302354101056,d10943d4ddfbe80ba659cc8329ba256dcd655e93a1ef106d7ea4e9edcfc686a7,202206302354101056-water-concrete-smooth.jpg,240,360,132.59761574074074,7.0701847345464675,False,train
c:/Users/Rivan/Projects/AI_Grand_Prix/data/_hf_snapshot/test_50k/202206302354111352-water-concrete-smooth.jpg,WET,202206302354,water,concrete,smooth,202206302354111352,b5f2895d3ff0f9db73fd249519c01ef7f0effe8c61671b3845e7b2275bd69eb7,202206302354111352-water-concrete-smooth.jpg,240,360,109.57916666666667,15.559583049875688,False,train
c:/Users/Rivan/Projects/AI_Grand_Prix/data/_hf_snapshot/test_50k/202206302354111358-water-concrete-smooth.jpg,WET,202206302354,water,concrete,smooth,202206302354111358,9fb8006174350599a22b29af204c41a0fb8320f6bed2ac61c1a0c6140e7fe6c9,202206302354111358-water-concrete-smooth.jpg,240,360,128.0407060185185,98.10428818104853,False,train
c:/Users/Rivan/Projects/AI_Grand_Prix/data/_hf_snapshot/test_50k/202206302354111397-water-concrete-smooth.jpg,WET,202206302354,water,concrete,smooth,202206302354111397,207ada0bca704553d27ff2fe515804b00357e4d01bbc2d44486302259312b446,202206302354111397-water-concrete-smooth.jpg,240,360,95.5534375,25.110711457797496,False,train
c:/Users/Rivan/Projects/AI_Grand_Prix/data/_hf_snapshot/test_50k/20220630235416295-water-concrete-smooth.jpg,WET,202206302354,water,concrete,smooth,20220630235416295,6d16b2e9256d5ba7a7c0b2973e916272033db6ecd121f4c698ee5964d88c7063,20220630235416295-water-concrete-smooth.jpg,240,360,99.76349537037036,16.051650606433256,False,train
c:/Users/Rivan/Projects/AI_Grand_Prix/data/_hf_snapshot/test_50k/202206302354201047-water-concrete-smooth.jpg,WET,202206302354,water,concrete,smooth,202206302354201047,94538117ea82cd8eabd3fd505c5917fc783afe52d484848f76f1762e0a222acf,202206302354201047-water-concrete-smooth.jpg,240,360,98.19438657407407,11.484905413558813,False,train
c:/Users/Rivan/Projects/AI_Grand_Prix/data/_hf_snapshot/test_50k/202206302354221373-water-concrete-smooth.jpg,WET,202206302354,water,concrete,smooth,202206302354221373,ee1fed08cb40cfbfce186af6c696d1aa340fe205430d5feace39f4bcd0a1a362,202206302354221373-water-concrete-smooth.jpg,240,360,142.43777777777777,14.352905091386962,False,train
c:/Users/Rivan/Projects/AI_Grand_Prix/data/_hf_snapshot/test_50k/2022063023562279-wet-concrete-smooth.jpg,DAMP,202206302356,wet,concrete,smooth,2022063023562279,addc3c2091b20ad4560891548e8aa97aeedd3896917eaaa0c402f8c2518c915d,2022063023562279-wet-concrete-smooth.jpg,240,360,134.06032407407406,28.92465226283865,False,train
c:/Users/Rivan/Projects/AI_Grand_Prix/data/_hf_snapshot/test_50k/20220630235623226-water-concrete-smooth.jpg,WET,202206302356,water,concrete,smooth,20220630235623226,f18fdb72ab9d9390735e6009bf7d79b38aad86242c013c059bafa596efb55dd7,20220630235623226-water-concrete-smooth.jpg,240,360,119.8662962962963,89.49645455246913,False,train
c:/Users/Rivan/Projects/AI_Grand_Prix/data/_hf_snapshot/test_50k/20220630235623352-wet-concrete-smooth.jpg,DAMP,202206302356,wet,concrete,smooth,20220630235623352,f929b23e8c2364ca21a531c7a873e75b71d87bebaf5d7194c967aa923ffb0bb5,20220630235623352-wet-concrete-smooth.jpg,240,360,113.67650462962963,59.766272528720854,False,train
c:/Users/Rivan/Projects/AI_Grand_Prix/data/_hf_snapshot/test_50k/20220630235623393-wet-concrete-smooth.jpg,DAMP,202206302356,wet,concrete,smooth,20220630235623393,a69fd79438740cc718a695327beaf6f89647b801293f2557d948e0d36e414544,20220630235623393-wet-concrete-smooth.jpg,240,360,120.45975694444445,79.88592589163238,False,train
c:/Users/Rivan/Projects/AI_Grand_Prix/data/_hf_snapshot/test_50k/20220630235624509-water-concrete-smooth.jpg,WET,202206302356,water,concrete,smooth,20220630235624509,d321e86e33307ee31a46eb03c652afc00991e8a63c0a2dc132e08d53ef1f3774,20220630235624509-water-concrete-smooth.jpg,240,360,131.20474537037038,41.85320574725116,False,train
c:/Users/Rivan/Projects/AI_Grand_Prix/data/_hf_snapshot/test_50k/20220630235626947-wet-concrete-smooth.jpg,DAMP,202206302356,wet,concrete,smooth,20220630235626947,a229b087b5cfbd7a370670ca2ce62998755295cddb58ce0ca87911d7f655db78,20220630235626947-wet-concrete-smooth.jpg,240,360,108.54684027777778,84.71092290327074,False,train
c:/Users/Rivan/Projects/AI_Grand_Prix/data/_hf_snapshot/test_50k/202206302356271011-wet-concrete-smooth.jpg,DAMP,202206302356,wet,concrete,smooth,202206302356271011,68a539382c02ce504e3379017cc40d3f600c5f8edb28b87b70c138804c3077f9,202206302356271011-wet-concrete-smooth.jpg,240,360,113.96429398148148,30.84292304191851,False,train
c:/Users/Rivan/Projects/AI_Grand_Prix/data/_hf_snapshot/test_50k/202206302356281231-wet-concrete-smooth.jpg,DAMP,202206302356,wet,concrete,smooth,202206302356281231,fa8668afbc4ae63a3a73f73105186d12ec64cc6a80370f5c6d9ed8c5428683c7,202206302356281231-wet-concrete-smooth.jpg,240,360,113.77361111111111,11.280948983517662,False,train
c:/Users/Rivan/Projects/AI_Grand_Prix/data/_hf_snapshot/test_50k/202206302356311942-wet-concrete-smooth.jpg,DAMP,202206302356,wet,concrete,smooth,202206302356311942,29ef4ac88dad7b1453ac963c424c985c25887bcb4a4b6aae7d8743e5e118e56b,202206302356311942-wet-concrete-smooth.jpg,240,360,128.3826273148148,36.245543835599925,False,train
c:/Users/Rivan/Projects/AI_Grand_Prix/data/_hf_snapshot/test_50k/202206302356311962-wet-concrete-smooth.jpg,DAMP,202206302356,wet,concrete,smooth,202206302356311962,cb8f31326855ae8c85174f4b39dd2da48ec280e8a88ebc0e3a3de3c5eb36f44e,202206302356311962-wet-concrete-smooth.jpg,240,360,123.22853009259259,4.814629629093793,False,train
c:/Users/Rivan/Projects/AI_Grand_Prix/data/_hf_snapshot/test_50k/20220630235634444-wet-concrete-smooth.jpg,DAMP,202206302356,wet,concrete,smooth,20220630235634444,0f6f2a8229dc26763cc15a8c3937959ace34462bb8f28c3eb7eb0eca11261c36,20220630235634444-wet-concrete-smooth.jpg,240,360,106.92581018518518,15.910979693796083,False,train
c:/Users/Rivan/Projects/AI_Grand_Prix/data/_hf_snapshot/test_50k/20220630235636993-wet-concrete-smooth.jpg,DAMP,202206302356,wet,concrete,smooth,20220630235636993,922b70f14ba11bcbcbf939a8f161ae6d8efe8246570691eb2c87cc0583f3533a,20220630235636993-wet-concrete-smooth.jpg,240,360,121.9371875,12.114628235918211,False,train
c:/Users/Rivan/Projects/AI_Grand_Prix/data/_hf_snapshot/test_50k/202207021447361190-dry-concrete-slight.jpg,DRY,202207021447,dry,concrete,slight,202207021447361190,1145f8e653fb85fc74dfa50daf0619b699d53ae7618b2f696ffb302cbcf66fa2,202207021447361190-dry-concrete-slight.jpg,240,360,211.59162037037038,188.73607053741748,False,train
c:/Users/Rivan/Projects/AI_Grand_Prix/data/_hf_snapshot/test_50k/202207021447411961-dry-concrete-smooth.jpg,DRY,202207021447,dry,concrete,smooth,202207021447411961,33bd89eb1d05e7918dcdd731ba47f55188e65be429f626bb24c8f16c40c8834b,202207021447411961-dry-concrete-smooth.jpg,240,360,201.9567361111111,139.99175880862055,False,train
c:/Users/Rivan/Projects/AI_Grand_Prix/data/_hf_snapshot/test_50k/20220702144814601-dry-concrete-slight.jpg,DRY,202207021448,dry,concrete,slight,20220702144814601,b9806b85b9537fc8237c172721048fd52c2a5ec5550cc7e4804969f1fd7ddc54,20220702144814601-dry-concrete-slight.jpg,240,360,196.31625,73.87679250458142,False,train
c:/Users/Rivan/Projects/AI_Grand_Prix/data/_hf_snapshot/test_50k/202207021448171020-dry-concrete-slight.jpg,DRY,202207021448,dry,concrete,slight,202207021448171020,0518d89e7ae888d809059a8b0fcaae501e4cfd2e053940a899f0ef856cdcb238,202207021448171020-dry-concrete-slight.jpg,240,360,185.52065972222223,930.7509348313988,False,train
c:/Users/Rivan/Projects/AI_Grand_Prix/data/_hf_snapshot/test_50k/20220702144827337-dry-concrete-smooth.jpg,DRY,202207021448,dry,concrete,smooth,20220702144827337,b8279debf2f4206314832270453d92b4fe4e1153da1e34ae5efa549aaf584494,20220702144827337-dry-concrete-smooth.jpg,240,360,213.08730324074074,399.752912703618,False,train
c:/Users/Rivan/Projects/AI_Grand_Prix/data/_hf_snapshot/test_50k/202207021448371445-dry-concrete-smooth.jpg,DRY,202207021448,dry,concrete,smooth,202207021448371445,5a2119aa2b3944600e932b627c97ebb62d2e739340063e06341b4b0cd36e064f,202207021448371445-dry-concrete-smooth.jpg,240,360,214.37416666666667,266.1948637854724,False,train
c:/Users/Rivan/Projects/AI_Grand_Prix/data/_hf_snapshot/test_50k/202207021448391654-dry-concrete-smooth.jpg,DRY,202207021448,dry,concrete,smooth,202207021448391654,b4c62913a3cb4d516e464112921afe4fe852480e4ba4bd35eb6bd07860d7ac40,202207021448391654-dry-concrete-smooth.jpg,240,360,224.57511574074073,24.199719208140433,False,train
c:/Users/Rivan/Projects/AI_Grand_Prix/data/_hf_snapshot/test_50k/202207021448391669-dry-concrete-smooth.jpg,DRY,202207021448,dry,concrete,smooth,202207021448391669,6d42251aec9a8378295b0608a3ea9e6dd773c7cf73289f02ab7e1a0e24420ee9,202207021448391669-dry-concrete-smooth.jpg,240,360,222.34173611111112,29.505450421033736,False,train
c:/Users/Rivan/Projects/AI_Grand_Prix/data/_hf_snapshot/test_50k/20220702144846595-dry-concrete-smooth.jpg,DRY,202207021448,dry,concrete,smooth,20220702144846595,3fddbfabed5a2a8a246dbeb8554c91d2f8469758e0b51e2535293acfffef0be3,20220702144846595-dry-concrete-smooth.jpg,240,360,183.2361574074074,602.2385251863373,False,train
c:/Users/Rivan/Projects/AI_Grand_Prix/data/_hf_snapshot/test_50k/202207021448521446-dry-concrete-smooth.jpg,DRY,202207021448,dry,concrete,smooth,202207021448521446,43a80005a5129b172357eb7e713fd624f9e4d4bd2f23cd645e88a8c705c96306,202207021448521446-dry-concrete-smooth.jpg,240,360,145.57946759259258,123.94975265225801,False,train
c:/Users/Rivan/Projects/AI_Grand_Prix/data/_hf_snapshot/test_50k/202207021448531530-dry-concrete-smooth.jpg,DRY,202207021448,dry,concrete,smooth,202207021448531530,dcc277c2c5a219b9b4713ebf1f4c82dbc34e557cc08ea37048d940bdebcfe643,202207021448531530-dry-concrete-smooth.jpg,240,360,159.0677662037037,225.79668858024692,False,train
c:/Users/Rivan/Projects/AI_Grand_Prix/data/_hf_snapshot/test_50k/202207021448571988-water-concrete-smooth.jpg,WET,202207021448,water,concrete,smooth,202207021448571988,2f10544a5ccc5902416aaf5f1275e3907c6c5a2f12b2a051676eeca37e9cb598,202207021448571988-water-concrete-smooth.jpg,240,360,137.1873148148148,1121.1257628981266,False,train
c:/Users/Rivan/Projects/AI_Grand_Prix/data/_hf_snapshot/test_50k/20220702144858121-dry-concrete-slight.jpg,DRY,202207021448,dry,concrete,slight,20220702144858121,0642af6b851ea3eeb9a64ffadb5384a010bab881f33ebcc3563e53d7c2e88b2d,20220702144858121-dry-concrete-slight.jpg,240,360,196.63927083333334,506.99151694302446,False,train
c:/Users/Rivan/Projects/AI_Grand_Prix/data/_hf_snapshot/test_50k/20220702144858134-dry-concrete-smooth.jpg,DRY,202207021448,dry,concrete,smooth,20220702144858134,ab935f29bf3c3292d1d46a5093862a13043c7ec476c43e639f64bf0946572eeb,20220702144858134-dry-concrete-smooth.jpg,240,360,203.35604166666667,249.30992206669558,False,train
c:/Users/Rivan/Projects/AI_Grand_Prix/data/_hf_snapshot/test_50k/20220702144858140-dry-concrete-slight.jpg,DRY,202207021448,dry,concrete,slight,20220702144858140,8a5aa1cb22a514db3a5ea6f2c486ac2fd56cf81236fb51c6b56eb3e1ec50e32b,20220702144858140-dry-concrete-slight.jpg,240,360,200.19613425925925,353.12789860896777,False,train
c:/Users/Rivan/Projects/AI_Grand_Prix/data/_hf_snapshot/test_50k/20220702144858205-water-concrete-slight.jpg,WET,202207021448,water,concrete,slight,20220702144858205,b6a67e3dd9085fdd5096d627de3f37331e2b3e0f1c0db402c2f5e71e39fa13a9,20220702144858205-water-concrete-slight.jpg,240,360,147.58479166666666,706.3934677592379,False,train
c:/Users/Rivan/Projects/AI_Grand_Prix/data/_hf_snapshot/test_50k/20220702144858223-water-concrete-slight.jpg,WET,202207021448,water,concrete,slight,20220702144858223,ae7d0a56c224e13141c7b190188affe54817d2534612d200a5695d2c306b1299,20220702144858223-water-concrete-slight.jpg,240,360,146.1277199074074,547.8210728395061,False,train
c:/Users/Rivan/Projects/AI_Grand_Prix/data/_hf_snapshot/test_50k/20220702144859267-water-concrete-slight.jpg,WET,202207021448,water,concrete,slight,20220702144859267,c2957d834f68ea57d1dc74e11628ba3f79c4365289e9aaeda5e050b7b07d16af,20220702144859267-water-concrete-slight.jpg,240,360,139.79391203703705,1879.1308430984222,False,train
c:/Users/Rivan/Projects/AI_Grand_Prix/data/_hf_snapshot/test_50k/20220702144859287-wet-concrete-slight.jpg,DAMP,202207021448,wet,concrete,slight,20220702144859287,aa358aa063fc4aa15aaebe55b4a8d15127623097a87ef26550dfccfcbe3c285b,20220702144859287-wet-concrete-slight.jpg,240,360,151.0770138888889,332.5628612813732,False,train
c:/Users/Rivan/Projects/AI_Grand_Prix/data/_hf_snapshot/test_50k/20220702144900382-dry-concrete-smooth.jpg,DRY,202207021449,dry,concrete,smooth,20220702144900382,d9cdc0bedc0d22ba054ffaf7eeab94b8b5ab8f51227bf650ce1bc9dc66f5c40e,20220702144900382-dry-concrete-smooth.jpg,240,360,192.3322337962963,462.96578428698876,False,train
c:/Users/Rivan/Projects/AI_Grand_Prix/data/_hf_snapshot/test_50k/202207021449041025-water-concrete-smooth.jpg,WET,202207021449,water,concrete,smooth,202207021449041025,01fb62cdf8a04c1589e6fca0b2faf2af14c0c845650faa1991b9e35153d5c39e,202207021449041025-water-concrete-smooth.jpg,240,360,123.30925925925926,74.50029984233004,False,train
c:/Users/Rivan/Projects/AI_Grand_Prix/data/_hf_snapshot/test_50k/202207021449041046-water-concrete-smooth.jpg,WET,202207021449,water,concrete,smooth,202207021449041046,6f81c0343c971692bac19baca8e8124cf6464515018e8c1f94d7f736bc688e27,202207021449041046-water-concrete-smooth.jpg,240,360,143.06234953703705,108.95370196277008,False,train
c:/Users/Rivan/Projects/AI_Grand_Prix/data/_hf_snapshot/test_50k/20220702144904960-dry-concrete-smooth.jpg,DRY,202207021449,dry,concrete,smooth,20220702144904960,74e3cbe0a82222af6b65193fed6efc39f212025af8c7ef480ad2ff18361d9cf1,20220702144904960-dry-concrete-smooth.jpg,240,360,154.74489583333335,16.522268235060874,False,train
c:/Users/Rivan/Projects/AI_Grand_Prix/data/_hf_snapshot/test_50k/202207021449061291-water-concrete-smooth.jpg,WET,202207021449,water,concrete,smooth,202207021449061291,f27c337232d4311822fe5906ed7974750685a64238ce68f91ae611912421ea2f,202207021449061291-water-concrete-smooth.jpg,240,360,141.8659837962963,40.56035648094564,False,train
c:/Users/Rivan/Projects/AI_Grand_Prix/data/_hf_snapshot/test_50k/202207021449091659-dry-concrete-smooth.jpg,DRY,202207021449,dry,concrete,smooth,202207021449091659,f0b5b1a957c3766e73eb8da5e78a9a5c297b63e69b9089bea94ac0ccaa3a03eb,202207021449091659-dry-concrete-smooth.jpg,240,360,182.2992013888889,10.994107429778593,False,train
c:/Users/Rivan/Projects/AI_Grand_Prix/data/_hf_snapshot/test_50k/20220702144915552-dry-concrete-smooth.jpg,DRY,202207021449,dry,concrete,smooth,20220702144915552,98baabc8f9e347be6ffccd8a776a63ea564b557c01925105fa7f75f02594466c,20220702144915552-dry-concrete-smooth.jpg,240,360,195.19225694444444,11.645072845802254,False,train
c:/Users/Rivan/Projects/AI_Grand_Prix/data/_hf_snapshot/test_50k/20220702144917805-dry-concrete-smooth.jpg,DRY,202207021449,dry,concrete,smooth,20220702144917805,2d97390076d1b79f32724bf51717e18e83b82f9cdebb90e9929df8c778f34677,20220702144917805-dry-concrete-smooth.jpg,240,360,195.8304050925926,11.454108792947318,False,train
c:/Users/Rivan/Projects/AI_Grand_Prix/data/_hf_snapshot/test_50k/202207021449191082-dry-concrete-smooth.jpg,DRY,202207021449,dry,concrete,smooth,202207021449191082,273171a045c2d6b73a33ab742a5e17277e9608c32ec097544bf295ab5e31dc2d,202207021449191082-dry-concrete-smooth.jpg,240,360,125.31386574074074,62.188123319615904,False,train
c:/Users/Rivan/Projects/AI_Grand_Prix/data/_hf_snapshot/test_50k/202207021449371554-dry-concrete-smooth.jpg,DRY,202207021449,dry,concrete,smooth,202207021449371554,213f3d52893fd6c17b364ac5fe19df8e6b936483ab5e7f7fa67e3c617493ecb5,202207021449371554-dry-concrete-smooth.jpg,240,360,228.4604050925926,15.447579113082993,False,train
c:/Users/Rivan/Projects/AI_Grand_Prix/data/_hf_snapshot/test_50k/20220702145000973-dry-concrete-smooth.jpg,DRY,202207021450,dry,concrete,smooth,20220702145000973,18cb5748bff07bc268f307dea78f0a71919892cc29b8fa4f18832aee9de56008,20220702145000973-dry-concrete-smooth.jpg,240,360,227.53797453703703,18.32730256545246,False,train
c:/Users/Rivan/Projects/AI_Grand_Prix/data/_hf_snapshot/test_50k/20220702145009391-dry-concrete-smooth.jpg,DRY,202207021450,dry,concrete,smooth,20220702145009391,cd0af95c7bfb8e312f1f10c2f76180d0bd6c5e7ab91c8b9a0795af24d8141f5c,20220702145009391-dry-concrete-smooth.jpg,240,360,210.60569444444445,106.9852409656582,False,train
c:/Users/Rivan/Projects/AI_Grand_Prix/data/_hf_snapshot/test_50k/20220702145012850-dry-concrete-smooth.jpg,DRY,202207021450,dry,concrete,smooth,20220702145012850,10cc3d8740e6f79349ffa078db7a70d219a3a81e651b44aca14a6ed0f79ad2b2,20220702145012850-dry-concrete-smooth.jpg,240,360,221.02699074074073,23.807590532836077,False,train
c:/Users/Rivan/Projects/AI_Grand_Prix/data/_hf_snapshot/test_50k/20220702145027948-dry-concrete-smooth.jpg,DRY,202207021450,dry,concrete,smooth,20220702145027948,c00d2c08deabef368e6c4f50037fb122e5992c7866861cb26af4bcf1c9ac835d,20220702145027948-dry-concrete-smooth.jpg,240,360,221.43725694444444,32.36918965995799,False,train
c:/Users/Rivan/Projects/AI_Grand_Prix/data/_hf_snapshot/test_50k/20220702145053997-dry-concrete-smooth.jpg,DRY,202207021450,dry,concrete,smooth,20220702145053997,0746c0195422e5b6e1db0b7046ce56b053175e178dd14e5b5771827db72734e9,20220702145053997-dry-concrete-smooth.jpg,240,360,222.80798611111112,255.42384369092397,False,train
c:/Users/Rivan/Projects/AI_Grand_Prix/data/_hf_snapshot/test_50k/202207021451091441-dry-concrete-smooth.jpg,DRY,202207021451,dry,concrete,smooth,202207021451091441,bccdf3904ae41c6db9f4360ddf51feb3076da46065403149b773b669e4d2c49f,202207021451091441-dry-concrete-smooth.jpg,240,360,142.47207175925925,81.54630465200081,False,train
c:/Users/Rivan/Projects/AI_Grand_Prix/data/_hf_snapshot/test_50k/2022070214511329-dry-concrete-smooth.jpg,DRY,202207021451,dry,concrete,smooth,2022070214511329,773e02e543b06f047e19431d7a0bbee717c5d34b27c5236e1b97c932c1b3407f,2022070214511329-dry-concrete-smooth.jpg,240,360,133.12793981481482,962.6480988377701,False,train
c:/Users/Rivan/Projects/AI_Grand_Prix/data/_hf_snapshot/test_50k/20220702145115325-dry-concrete-smooth.jpg,DRY,202207021451,dry,concrete,smooth,20220702145115325,ebb957622b7fc360ec0180536bdd272a133cfbbda2829c26e4eae647e5079dfb,20220702145115325-dry-concrete-smooth.jpg,240,360,206.71822916666667,4968.650586728396,False,train
c:/Users/Rivan/Projects/AI_Grand_Prix/data/_hf_snapshot/test_50k/202207021451281857-dry-concrete-smooth.jpg,DRY,202207021451,dry,concrete,smooth,202207021451281857,a220a5059031f38c7edd41d96ad1bb5fd45c0f0565f3af2655177b73cef81a17,202207021451281857-dry-concrete-smooth.jpg,240,360,146.66296296296295,140.91064745370372,False,train
c:/Users/Rivan/Projects/AI_Grand_Prix/data/_hf_snapshot/test_50k/20220702145133476-dry-concrete-smooth.jpg,DRY,202207021451,dry,concrete,smooth,20220702145133476,ba8826c19703992246267dbb13c5563aa998c41ab080da48350240e10cfa64e0,20220702145133476-dry-concrete-smooth.jpg,240,360,182.56508101851853,6.9521292390046305,False,train
c:/Users/Rivan/Projects/AI_Grand_Prix/data/_hf_snapshot/test_50k/20220702145134554-dry-concrete-smooth.jpg,DRY,202207021451,dry,concrete,smooth,20220702145134554,2b1400f53c5415064d1e3a59f556c6b2dc3b336b58094156b52758963e8b4da5,20220702145134554-dry-concrete-smooth.jpg,240,360,194.7430324074074,30.31329831519526,False,train
c:/Users/Rivan/Projects/AI_Grand_Prix/data/_hf_snapshot/test_50k/20220702145148605-dry-concrete-smooth.jpg,DRY,202207021451,dry,concrete,smooth,20220702145148605,fcb8aa2466d12cc36b2dd2f059fa03f3a554ca9537ffadb49541b80a5a0e8429,20220702145148605-dry-concrete-smooth.jpg,240,360,222.02887731481482,4.512730396412037,False,train
c:/Users/Rivan/Projects/AI_Grand_Prix/data/_hf_snapshot/test_50k/202207021451541175-dry-concrete-smooth.jpg,DRY,202207021451,dry,concrete,smooth,202207021451541175,34fa03311a94977b468ef9c504617494da3d85726d956369b17df0758972506d,202207021451541175-dry-concrete-smooth.jpg,240,360,118.25987268518519,168.9955902744288,False,train
c:/Users/Rivan/Projects/AI_Grand_Prix/data/_hf_snapshot/test_50k/20220702145206687-dry-concrete-smooth.jpg,DRY,202207021452,dry,concrete,smooth,20220702145206687,60cc16ac50fb33f822cef31769d39e6978d7beaa2fe3c20d517ad86015e715b2,20220702145206687-dry-concrete-smooth.jpg,240,360,163.56113425925926,82.1398915411469,False,train
c:/Users/Rivan/Projects/AI_Grand_Prix/data/_hf_snapshot/test_50k/20220702145206720-dry-concrete-smooth.jpg,DRY,202207021452,dry,concrete,smooth,20220702145206720,a510e705d79d83156a327e14cd509903385cb88de236c2beb6ec1aecca8f5d65,20220702145206720-dry-concrete-smooth.jpg,240,360,155.74166666666667,111.50804006438076,False,train
c:/Users/Rivan/Projects/AI_Grand_Prix/data/_hf_snapshot/test_50k/202207021853031645-dry-concrete-slight.jpg,DRY,202207021853,dry,concrete,slight,202207021853031645,93e40d4e04a9d97e0436ab1c566928bedc3ac5c844b1be3ef9a8823a77654933,202207021853031645-dry-concrete-slight.jpg,240,360,208.8386574074074,619.0873205374174,False,train
c:/Users/Rivan/Projects/AI_Grand_Prix/data/_hf_snapshot/test_50k/20220702213243355-dry-concrete-slight.jpg,DRY,202207022132,dry,concrete,slight,20220702213243355,be22c052ee4ccf58b8eed5dd29ea5b25afee8a92072fc4e6d0a8a299a9a81650,20220702213243355-dry-concrete-slight.jpg,240,360,192.46025462962962,224.00885493170765,False,train
c:/Users/Rivan/Projects/AI_Grand_Prix/data/_hf_snapshot/test_50k/20220702213243390-dry-concrete-slight.jpg,DRY,202207022132,dry,concrete,slight,20220702213243390,269547ba8cc0f529d8d5787bba0d072a6ac31e1607fdea5315f81faf2334aada,20220702213243390-dry-concrete-slight.jpg,240,360,180.51513888888888,1285.8687167947314,False,train
c:/Users/Rivan/Projects/AI_Grand_Prix/data/_hf_snapshot/test_50k/20220702213245618-dry-concrete-severe.jpg,DRY,202207022132,dry,concrete,severe,20220702213245618,1d9bc19964b28f23b4cf9b7fcc21900e0dfc587fe311d8ebadca3b9a87a5430e,20220702213245618-dry-concrete-severe.jpg,240,360,195.71145833333333,510.8732387468922,False,train
c:/Users/Rivan/Projects/AI_Grand_Prix/data/_hf_snapshot/test_50k/20220702213246778-dry-concrete-slight.jpg,DRY,202207022132,dry,concrete,slight,20220702213246778,075036ae0277300289aa77787996693e7f1badba012e8992951178b7f9cfc67c,20220702213246778-dry-concrete-slight.jpg,240,360,196.73453703703703,720.0167087700403,False,train
c:/Users/Rivan/Projects/AI_Grand_Prix/data/_hf_snapshot/test_50k/202207022132481135-dry-concrete-slight.jpg,DRY,202207022132,dry,concrete,slight,202207022132481135,65849614c010962bdde8c6c91a1d6b2ddc0522025610e1c8454d3d88831205a3,202207022132481135-dry-concrete-slight.jpg,240,360,165.9545601851852,147.10982638875493,False,train
c:/Users/Rivan/Projects/AI_Grand_Prix/data/_hf_snapshot/test_50k/202207022132481148-dry-concrete-slight.jpg,DRY,202207022132,dry,concrete,slight,202207022132481148,ebad847e9d0f82ba6071097d2292d8f0cd8f87d433ab87390606f5df5e14068c,202207022132481148-dry-concrete-slight.jpg,240,360,204.53525462962963,1339.9778558051214,False,train
c:/Users/Rivan/Projects/AI_Grand_Prix/data/_hf_snapshot/test_50k/202207022132491379-dry-concrete-slight.jpg,DRY,202207022132,dry,concrete,slight,202207022132491379,e725ddf026ec4fb6a94497d25ea40a040a8a29420ebb9a673bccfff0476ad38f,202207022132491379-dry-concrete-slight.jpg,240,360,222.9490277777778,110.31937251787016,False,train
c:/Users/Rivan/Projects/AI_Grand_Prix/data/_hf_snapshot/test_50k/202207022132501501-dry-concrete-severe.jpg,DRY,202207022132,dry,concrete,severe,202207022132501501,2d6c7881e5709980cb8f69ed6deff91914577d5364926f4ee2abd2bee20667a0,202207022132501501-dry-concrete-severe.jpg,240,360,204.59429398148148,366.45601414809994,False,train
c:/Users/Rivan/Projects/AI_Grand_Prix/data/_hf_snapshot/test_50k/202207022132521827-dry-concrete-slight.jpg,DRY,202207022132,dry,concrete,slight,202207022132521827,f7c145e660498a00a2195a252c4d01e51dcdb1f98090be58ee21270e304f497e,202207022132521827-dry-concrete-slight.jpg,240,360,210.54130787037036,386.32662217064797,False,train
c:/Users/Rivan/Projects/AI_Grand_Prix/data/_hf_snapshot/test_50k/202207022132521909-dry-concrete-slight.jpg,DRY,202207022132,dry,concrete,slight,202207022132521909,b7739e6778e3d5e8f00493181b483f78a93ee1a00116ff9ee211d535288612d5,202207022132521909-dry-concrete-slight.jpg,240,360,215.40866898148147,89.72308623636296,False,train
c:/Users/Rivan/Projects/AI_Grand_Prix/data/_hf_snapshot/test_50k/2022070221325315-dry-concrete-smooth.jpg,DRY,202207022132,dry,concrete,smooth,2022070221325315,5e1e8ab4135f0bdfcc1e3c98c7ac114d9c20d9399744ad5627a14ea1ffab0523,2022070221325315-dry-concrete-smooth.jpg,240,360,227.1287962962963,29.90464908639832,False,train
c:/Users/Rivan/Projects/AI_Grand_Prix/data/_hf_snapshot/test_50k/2022070221325367-dry-concrete-severe.jpg,DRY,202207022132,dry,concrete,severe,2022070221325367,5f7b2130f6fbc2b0b9dc0df44ca78077e8397273ab82e9e98de34485ae945eb7,2022070221325367-dry-concrete-severe.jpg,240,360,205.56203703703704,390.6187158945259,False,train
c:/Users/Rivan/Projects/AI_Grand_Prix/data/_hf_snapshot/test_50k/20220702213254229-dry-concrete-slight.jpg,DRY,202207022132,dry,concrete,slight,20220702213254229,950d09c948a9345f8a147c7f8ea110592cb756d466394ac6c924a0d2bfd70f69,20220702213254229-dry-concrete-slight.jpg,240,360,214.45107638888888,761.8692012119288,False,train
c:/Users/Rivan/Projects/AI_Grand_Prix/data/_hf_snapshot/test_50k/20220702213254297-dry-concrete-smooth.jpg,DRY,202207022132,dry,concrete,smooth,20220702213254297,9672e0842bba06011dbb3d5f445ca3e2c1d9f617f8ed9ad2eaa5b78f0dfee27b,20220702213254297-dry-concrete-smooth.jpg,240,360,225.60006944444444,65.07541130709342,False,train
c:/Users/Rivan/Projects/AI_Grand_Prix/data/_hf_snapshot/test_50k/20220702213255355-dry-concrete-slight.jpg,DRY,202207022132,dry,concrete,slight,20220702213255355,db84e0d7ed680c1e02ab99dcca1c8f00fd8fa073df4cc2b31f5238edcefb834e,20220702213255355-dry-concrete-slight.jpg,240,360,208.67270833333333,699.2821997673129,False,train
c:/Users/Rivan/Projects/AI_Grand_Prix/data/_hf_snapshot/test_50k/20220702213255362-dry-concrete-slight.jpg,DRY,202207022132,dry,concrete,slight,20220702213255362,0b893cf0425a2e3a98d83d1ea9b10d5c9d0a1d137bb01d2338f2fbfa5a80f38a,20220702213255362-dry-concrete-slight.jpg,240,360,215.9521990740741,534.863380603647,False,train
c:/Users/Rivan/Projects/AI_Grand_Prix/data/_hf_snapshot/test_50k/20220702213255464-dry-concrete-severe.jpg,DRY,202207022132,dry,concrete,severe,20220702213255464,accbb697272fc662e2b25c3cc099fbd0375b311a64f87c9c4d88bb3821860316,20220702213255464-dry-concrete-severe.jpg,240,360,213.29171296296298,330.6246845930856,False,train
c:/Users/Rivan/Projects/AI_Grand_Prix/data/_hf_snapshot/test_50k/20220702213255500-dry-concrete-severe.jpg,DRY,202207022132,dry,concrete,severe,20220702213255500,d117ca6d3383b17eba177da0530df87b20d7f63281bcf5621b8dd31f3a91f073,20220702213255500-dry-concrete-severe.jpg,240,360,181.2314814814815,1542.5538772664556,False,train
c:/Users/Rivan/Projects/AI_Grand_Prix/data/_hf_snapshot/test_50k/20220702213258933-dry-concrete-slight.jpg,DRY,202207022132,dry,concrete,slight,20220702213258933,05c1e4d2cbe9c786cd644000e7cfa6eb78a69bd2e9fef9bc18726e7b1e6a391b,20220702213258933-dry-concrete-slight.jpg,240,360,221.99627314814813,497.87623864883403,False,train
c:/Users/Rivan/Projects/AI_Grand_Prix/data/_hf_snapshot/test_50k/20220702213318334-dry-concrete-slight.jpg,DRY,202207022133,dry,concrete,slight,20220702213318334,01ed081b01860cbbf215b155ca1c105f403f859be0d734f9d8a139375066af7b,20220702213318334-dry-concrete-slight.jpg,240,360,216.6425925925926,78.83187495659722,False,train
c:/Users/Rivan/Projects/AI_Grand_Prix/data/_hf_snapshot/test_50k/20220702213319340-dry-concrete-slight.jpg,DRY,202207022133,dry,concrete,slight,20220702213319340,b939a0a687f6bb22ca6a5eec0b901bbfebc535fe4520f365d1f22cfcbf2bce63,20220702213319340-dry-concrete-slight.jpg,240,360,212.31276620370372,342.83987220293204,False,train
c:/Users/Rivan/Projects/AI_Grand_Prix/data/_hf_snapshot/test_50k/20220702213319403-dry-concrete-slight.jpg,DRY,202207022133,dry,concrete,slight,20220702213319403,ec42b0bf2b635fd0a781f9527a9152c7e4b27e3d185de36880031a579b732dbc,20220702213319403-dry-concrete-slight.jpg,240,360,192.54835648148148,4.692464017355753,False,train
c:/Users/Rivan/Projects/AI_Grand_Prix/data/_hf_snapshot/test_50k/20220702213320514-dry-concrete-slight.jpg,DRY,202207022133,dry,concrete,slight,20220702213320514,d909c37b2fefc004e1b6bb1a343fec3312c13524575f95181fe71977952cde27,20220702213320514-dry-concrete-slight.jpg,240,360,182.92310185185184,42.063612177962106,False,train
c:/Users/Rivan/Projects/AI_Grand_Prix/data/_hf_snapshot/test_50k/202207022133371099-dry-concrete-slight.jpg,DRY,202207022133,dry,concrete,slight,202207022133371099,d8527ea7120dbe9503e100b8c519e803e7c49e4e1d3b66e967e42260bc51cf56,202207022133371099-dry-concrete-slight.jpg,240,360,138.82952546296298,3656.5347259173527,False,train
c:/Users/Rivan/Projects/AI_Grand_Prix/data/_hf_snapshot/test_50k/202207022133371114-dry-concrete-slight.jpg,DRY,202207022133,dry,concrete,slight,202207022133371114,2d5403d9ac48ba0ccbaf77f77d01db6e6fd3601b7c072957f06f56b021cd3916,202207022133371114-dry-concrete-slight.jpg,240,360,154.86674768518517,1784.1770974772805,False,train
c:/Users/Rivan/Projects/AI_Grand_Prix/data/_hf_snapshot/test_50k/202207022133371132-dry-concrete-slight.jpg,DRY,202207022133,dry,concrete,slight,202207022133371132,ecff30b73d53028d732ceb60a813617b9ba33af1143bf436fa4ccf0803ad313a,202207022133371132-dry-concrete-slight.jpg,240,360,160.69658564814816,683.8287614449374,False,train
c:/Users/Rivan/Projects/AI_Grand_Prix/data/_hf_snapshot/test_50k/202207022133531545-dry-concrete-slight.jpg,DRY,202207022133,dry,concrete,slight,202207022133531545,3cf20eebc6bf13560d5d9cc217d2aa08097b3f839b1e8256a2b104d567c1ab7d,202207022133531545-dry-concrete-slight.jpg,240,360,133.03671296296295,3290.090206693539,False,train
c:/Users/Rivan/Projects/AI_Grand_Prix/data/_hf_snapshot/test_50k/202207022133551735-dry-concrete-slight.jpg,DRY,202207022133,dry,concrete,slight,202207022133551735,b3ee6f0073ebde372b63cb7036b05c259a0a40fed8114d01beb0a75a526ec939,202207022133551735-dry-concrete-slight.jpg,240,360,148.02230324074074,1499.8995754881473,False,train
c:/Users/Rivan/Projects/AI_Grand_Prix/data/_hf_snapshot/test_50k/202207022133551837-dry-concrete-slight.jpg,DRY,202207022133,dry,concrete,slight,202207022133551837,a1e3a928e9149f108cd5a18c19cd0a50ed461d81cdf80ef149d645f41b9c1650,202207022133551837-dry-concrete-slight.jpg,240,360,132.64449074074074,3035.9871920246055,False,train
c:/Users/Rivan/Projects/AI_Grand_Prix/data/_hf_snapshot/test_50k/202207022133561950-dry-concrete-slight.jpg,DRY,202207022133,dry,concrete,slight,202207022133561950,f35607f2e55e6611f3df4050453d9da51e554ddc389b8367b6c534c4d5d33563,202207022133561950-dry-concrete-slight.jpg,240,360,203.5027199074074,3160.6924192895876,False,train
c:/Users/Rivan/Projects/AI_Grand_Prix/data/_hf_snapshot/test_50k/2022070221335798-dry-concrete-slight.jpg,DRY,202207022133,dry,concrete,slight,2022070221335798,2bd4ce07c76f342afcc4c99c9edf141ac6526a6c52b88ae90ad72e15c934e804,2022070221335798-dry-concrete-slight.jpg,240,360,214.24769675925927,614.0728801418895,False,train
c:/Users/Rivan/Projects/AI_Grand_Prix/data/_hf_snapshot/test_50k/20220702213358335-dry-concrete-slight.jpg,DRY,202207022133,dry,concrete,slight,20220702213358335,d55cde8dab8fb8c60078e3bfc4bbe5b072aabb31a14f10b3ff68fb17ea06debd,20220702213358335-dry-concrete-slight.jpg,240,360,205.45574074074074,2238.87683608097,False,train
c:/Users/Rivan/Projects/AI_Grand_Prix/data/_hf_snapshot/test_50k/20220702213359458-dry-concrete-severe.jpg,DRY,202207022133,dry,concrete,severe,20220702213359458,0bff4c8089788dfe76f4d9886fff59261ca8c61a365eefb87861567540026e2e,20220702213359458-dry-concrete-severe.jpg,240,360,187.0053472222222,2719.730982637683,False,train
c:/Users/Rivan/Projects/AI_Grand_Prix/data/_hf_snapshot/test_50k/20220702231422516-dry-concrete-smooth.jpg,DRY,202207022314,dry,concrete,smooth,20220702231422516,8212cc93473641c656ea8b5d05e398cdb31e794545cc6c0d2be1e5437150417d,20220702231422516-dry-concrete-smooth.jpg,240,360,191.64207175925927,97.98837349483455,False,train
c:/Users/Rivan/Projects/AI_Grand_Prix/data/_hf_snapshot/test_50k/20220702231423720-dry-concrete-smooth.jpg,DRY,202207022314,dry,concrete,smooth,20220702231423720,ef5aa3d07a83e289a4b7fdb4b05a596b156af5ee71789bf5663c6d561da6c010,20220702231423720-dry-concrete-smooth.jpg,240,360,208.57803240740742,53.80933142990719,False,train
c:/Users/Rivan/Projects/AI_Grand_Prix/data/_hf_snapshot/test_50k/202207022314281471-dry-asphalt-slight.jpg,DRY,202207022314,dry,asphalt,slight,202207022314281471,b2bf335a3d01a87929b874dfdf99be249c974fe6bf0463e08611847b6240c0e0,202207022314281471-dry-asphalt-slight.jpg,240,360,118.06244212962963,190.01903981481482,False,train
c:/Users/Rivan/Projects/AI_Grand_Prix/data/_hf_snapshot/test_50k/202207022314321899-dry-asphalt-slight.jpg,DRY,202207022314,dry,asphalt,slight,202207022314321899,280ce127c5a080cab5f71315b078749659189c1605b443024e2baa1421555275,202207022314321899-dry-asphalt-slight.jpg,240,360,203.05055555555555,2827.8091784817334,False,train
c:/Users/Rivan/Projects/AI_Grand_Prix/data/_hf_snapshot/test_50k/20220702231437655-dry-asphalt-smooth.jpg,DRY,202207022314,dry,asphalt,smooth,20220702231437655,3865bc00baa6cf5484dc504a1cd54d984b39414845882203effbd227fc0e8a9f,20220702231437655-dry-asphalt-smooth.jpg,240,360,121.66342592592592,1153.545570472715,False,train
c:/Users/Rivan/Projects/AI_Grand_Prix/data/_hf_snapshot/test_50k/20220702231438782-dry-asphalt-smooth.jpg,DRY,202207022314,dry,asphalt,smooth,20220702231438782,50f6631a03c6df22b7e597934fb08aa9ab9c9c53c9fef4a63c0ba9fb816f2d77,20220702231438782-dry-asphalt-smooth.jpg,240,360,115.94862268518519,1580.0879270821274,False,train
c:/Users/Rivan/Projects/AI_Grand_Prix/data/_hf_snapshot/test_50k/202207022314541340-dry-asphalt-smooth.jpg,DRY,202207022314,dry,asphalt,smooth,202207022314541340,27ceb598ff1d1c83747ac1833341f5f8998266bd40e4e9a2f4c311923a438389,202207022314541340-dry-asphalt-smooth.jpg,240,360,120.47422453703703,666.1427664266118,False,train
c:/Users/Rivan/Projects/AI_Grand_Prix/data/_hf_snapshot/test_50k/202207022314561663-dry-asphalt-smooth.jpg,DRY,202207022314,dry,asphalt,smooth,202207022314561663,6ca762ebd805ed241696888120d02919e1552f5efa0e57416cfa05d748b2647e,202207022314561663-dry-asphalt-smooth.jpg,240,360,96.08644675925926,440.0428600287209,False,train
c:/Users/Rivan/Projects/AI_Grand_Prix/data/_hf_snapshot/test_50k/20220702231459164-water-asphalt-severe.jpg,WET,202207022314,water,asphalt,severe,20220702231459164,71c6a6b1af2e59ac191832b3f7ccee00967116578f8628e3d1e9f0c2c05af96a,20220702231459164-water-asphalt-severe.jpg,240,360,142.07677083333334,2589.4772685179823,False,train
c:/Users/Rivan/Projects/AI_Grand_Prix/data/_hf_snapshot/test_50k/20220702231501424-dry-asphalt-smooth.jpg,DRY,202207022315,dry,asphalt,smooth,20220702231501424,537133e7ea4e43fe4e4df1da34d94e64112e840d81cbacd2ab3aab51f1fe464f,20220702231501424-dry-asphalt-smooth.jpg,240,360,158.21875,5015.128619306065,False,train
c:/Users/Rivan/Projects/AI_Grand_Prix/data/_hf_snapshot/test_50k/202207022315051025-dry-asphalt-smooth.jpg,DRY,202207022315,dry,asphalt,smooth,202207022315051025,7ebd1bf83309e83d4e9155df068a69d5823e2e6003b747faf28170681c9f59e5,202207022315051025-dry-asphalt-smooth.jpg,240,360,191.49221064814816,4857.33930923997,False,train
c:/Users/Rivan/Projects/AI_Grand_Prix/data/_hf_snapshot/test_50k/202207022315081484-dry-asphalt-smooth.jpg,DRY,202207022315,dry,asphalt,smooth,202207022315081484,485b26db208dfa3f0f8858af041793eef6fb03737b0c3f07794f942f4f3beeba,202207022315081484-dry-asphalt-smooth.jpg,240,360,125.21059027777778,2088.7811190670814,False,train
c:/Users/Rivan/Projects/AI_Grand_Prix/data/_hf_snapshot/test_50k/202207022315101821-dry-asphalt-smooth.jpg,DRY,202207022315,dry,asphalt,smooth,202207022315101821,9e7366650989474be99a9acafac8ee389f3e54f995ae5aec777f7273f6d0863d,202207022315101821-dry-asphalt-smooth.jpg,240,360,200.9035300925926,3865.746317351332,False,train
c:/Users/Rivan/Projects/AI_Grand_Prix/data/_hf_snapshot/test_50k/202207022315101843-dry-asphalt-smooth.jpg,DRY,202207022315,dry,asphalt,smooth,202207022315101843,b47f08096c6e363fdf0b827c27ad1e9aed74866ff77fd7346d5e23f1a2c0cdaf,202207022315101843-dry-asphalt-smooth.jpg,240,360,172.61944444444444,2674.4066852911465,False,train
c:/Users/Rivan/Projects/AI_Grand_Prix/data/_hf_snapshot/test_50k/20220702231513328-dry-asphalt-smooth.jpg,DRY,202207022315,dry,asphalt,smooth,20220702231513328,d9e7127b79649c27c3a4294324abd3e6d8a511e51ec12cc429da0e2378d4a968,20220702231513328-dry-asphalt-smooth.jpg,240,360,94.92971064814814,496.57621289812664,False,train
c:/Users/Rivan/Projects/AI_Grand_Prix/data/_hf_snapshot/test_50k/2022070223152334-dry-asphalt-smooth.jpg,DRY,202207022315,dry,asphalt,smooth,2022070223152334,fd133a7529515930a8d1e2de7eb81badf95bbe597efb33fd580911343f76d810,2022070223152334-dry-asphalt-smooth.jpg,240,360,168.83166666666668,501.88841434100107,False,train
c:/Users/Rivan/Projects/AI_Grand_Prix/data/_hf_snapshot/test_50k/20220702231526602-dry-asphalt-smooth.jpg,DRY,202207022315,dry,asphalt,smooth,20220702231526602,96f9ffda5deaf4e71dc7343d946fc19bc352ab1f2536754af3dd4cf1bfb69c55,20220702231526602-dry-asphalt-smooth.jpg,240,360,121.7900462962963,461.15072789016955,False,train
c:/Users/Rivan/Projects/AI_Grand_Prix/data/_hf_snapshot/test_50k/20220702231527758-dry-asphalt-smooth.jpg,DRY,202207022315,dry,asphalt,smooth,20220702231527758,367d6636d702374a43022c0988846d7900b09ae198444e052c6fbb6c10aed40b,20220702231527758-dry-asphalt-smooth.jpg,240,360,122.11199074074074,466.56760879147373,False,train
c:/Users/Rivan/Projects/AI_Grand_Prix/data/_hf_snapshot/test_50k/2022070223153539-dry-asphalt-smooth.jpg,DRY,202207022315,dry,asphalt,smooth,2022070223153539,dd54bbc0c13b5e2c259e95cb286a443541e35fc1a2b3206a9e4f196d341dd531,2022070223153539-dry-asphalt-smooth.jpg,240,360,135.045625,598.2064160556788,False,train
c:/Users/Rivan/Projects/AI_Grand_Prix/data/_hf_snapshot/test_50k/20220702231537372-dry-asphalt-smooth.jpg,DRY,202207022315,dry,asphalt,smooth,20220702231537372,0d9f84dd5fa4549c516a20b79728a6a22e119938d244df28ce84790321a6b505,20220702231537372-dry-asphalt-smooth.jpg,240,360,111.62611111111111,216.22286238305367,False,train
c:/Users/Rivan/Projects/AI_Grand_Prix/data/_hf_snapshot/test_50k/202207022315451868-dry-asphalt-slight.jpg,DRY,202207022315,dry,asphalt,slight,202207022315451868,317f60b93956ae20ac6522b27400f124bf23cdfc74b8d7ac161dbaf97adadbdf,202207022315451868-dry-asphalt-slight.jpg,240,360,185.25518518518518,3278.6207713636777,False,train
c:/Users/Rivan/Projects/AI_Grand_Prix/data/_hf_snapshot/test_50k/20220702231549513-dry-asphalt-slight.jpg,DRY,202207022315,dry,asphalt,slight,20220702231549513,e11b1ec88baf9c8f96fba63f0a9ccd16cd56ff0d764a2f511e588f33b47a8323,20220702231549513-dry-asphalt-slight.jpg,240,360,155.27634259259258,1484.2913207399638,False,train
c:/Users/Rivan/Projects/AI_Grand_Prix/data/_hf_snapshot/test_50k/202207022315551493-dry-asphalt-smooth.jpg,DRY,202207022315,dry,asphalt,smooth,202207022315551493,8a5cdbee5ab9ae3894fa4a45a3b9c3c0042ac78eb6517daf85617a047f8005be,202207022315551493-dry-asphalt-smooth.jpg,240,360,180.33265046296296,1131.5170516963253,False,train
c:/Users/Rivan/Projects/AI_Grand_Prix/data/_hf_snapshot/test_50k/202207022315571755-dry-asphalt-severe.jpg,DRY,202207022315,dry,asphalt,severe,202207022315571755,44990bbc7b897beeee1c0b783fd4acd41ce8c903bbdde90549ce64c3c3560ba8,202207022315571755-dry-asphalt-severe.jpg,240,360,183.80644675925927,2868.392476851852,False,train
c:/Users/Rivan/Projects/AI_Grand_Prix/data/_hf_snapshot/test_50k/202207022315571756-dry-asphalt-slight.jpg,DRY,202207022315,dry,asphalt,slight,202207022315571756,fe6af6c8e55e5711f6d7f4161a7e4eeee9a077213114559da51e66ad1aa5dfe7,202207022315571756-dry-asphalt-slight.jpg,240,360,218.31917824074074,498.8310761411983,False,train
c:/Users/Rivan/Projects/AI_Grand_Prix/data/_hf_snapshot/test_50k/20220702231603752-water-asphalt-smooth.jpg,WET,202207022316,water,asphalt,smooth,20220702231603752,0f06a631f86c3011cec0d35ce0c631f04bb04520dfc0dd8728ce02bf49adc021,20220702231603752-water-asphalt-smooth.jpg,240,360,102.34298611111112,30.122175231481474,False,train
c:/Users/Rivan/Projects/AI_Grand_Prix/data/_hf_snapshot/test_50k/202207022316051030-dry-asphalt-smooth.jpg,DRY,202207022316,dry,asphalt,smooth,202207022316051030,afaf4afa06faaedb3797d520d983b93768f98b5e77042fed59d3870114974e3d,202207022316051030-dry-asphalt-smooth.jpg,240,360,123.62991898148148,625.0047831597223,False,train
c:/Users/Rivan/Projects/AI_Grand_Prix/data/_hf_snapshot/test_50k/20220702231615683-dry-asphalt-smooth.jpg,DRY,202207022316,dry,asphalt,smooth,20220702231615683,68587cdafea0f525c4c9f5d6cfc6444bd6d189b1005dc664080a9bb2321986fa,20220702231615683-dry-asphalt-smooth.jpg,240,360,160.4557175925926,2647.359808351418,False,train
c:/Users/Rivan/Projects/AI_Grand_Prix/data/_hf_snapshot/test_50k/202207022316171138-water-asphalt-severe.jpg,WET,202207022316,water,asphalt,severe,202207022316171138,edfc82bf8393e031b6089ccf2309327d6819abe5ea047cb56577a048834e017d,202207022316171138-water-asphalt-severe.jpg,240,360,151.98376157407407,2159.3180885886864,False,train
c:/Users/Rivan/Projects/AI_Grand_Prix/data/_hf_snapshot/test_50k/202207022316181169-dry-asphalt-slight.jpg,DRY,202207022316,dry,asphalt,slight,202207022316181169,6c82c831539b7cb425ca80231e666d730f3286c1c6519752b5fa2924bf36a9bd,202207022316181169-dry-asphalt-slight.jpg,240,360,196.62667824074074,1516.2330899561418,False,train
c:/Users/Rivan/Projects/AI_Grand_Prix/data/_hf_snapshot/test_50k/202207022316191355-dry-asphalt-smooth.jpg,DRY,202207022316,dry,asphalt,smooth,202207022316191355,afe9ebbf73d4c6332841184c52036003d1f8e5ef7c790d2b921b99bd7dd3bdbe,202207022316191355-dry-asphalt-smooth.jpg,240,360,135.87180555555557,1062.2928077155134,False,train
c:/Users/Rivan/Projects/AI_Grand_Prix/data/_hf_snapshot/test_50k/202207022316221938-dry-asphalt-smooth.jpg,DRY,202207022316,dry,asphalt,smooth,202207022316221938,50f3df8daf8e280be55bdd040a27146fba6d80a930d79851deba07320f805e15,202207022316221938-dry-asphalt-smooth.jpg,240,360,181.03903935185184,1012.1941054171757,False,train
c:/Users/Rivan/Projects/AI_Grand_Prix/data/_hf_snapshot/test_50k/20220702231626598-dry-asphalt-smooth.jpg,DRY,202207022316,dry,asphalt,smooth,20220702231626598,57baa19ce0cbdfd49f74f415ba2ee4206a3bed29d470a2b958497ef536ca5f06,20220702231626598-dry-asphalt-smooth.jpg,240,360,129.95803240740742,351.46762239368996,False,train
c:/Users/Rivan/Projects/AI_Grand_Prix/data/_hf_snapshot/test_50k/2022070223163542-dry-asphalt-smooth.jpg,DRY,202207022316,dry,asphalt,smooth,2022070223163542,612c16aa371c1046211b50e4ef18f19c4b644105f4624e1d9be8da8fd4f7cd15,2022070223163542-dry-asphalt-smooth.jpg,240,360,178.74368055555556,3087.112696694423,False,train
c:/Users/Rivan/Projects/AI_Grand_Prix/data/_hf_snapshot/test_50k/20220702231638493-dry-asphalt-smooth.jpg,DRY,202207022316,dry,asphalt,smooth,20220702231638493,3cbcd10f240f256a6dea737abd7438925aa52f9387c64d57459990a0f9c4e569,20220702231638493-dry-asphalt-smooth.jpg,240,360,177.3696412037037,2838.6197650461622,False,train
c:/Users/Rivan/Projects/AI_Grand_Prix/data/_hf_snapshot/test_50k/20220702231640788-dry-asphalt-smooth.jpg,DRY,202207022316,dry,asphalt,smooth,20220702231640788,b5d3f0848415ff16b129db7e3dc0fc7ac6aabffb7f640c679a92a0659c9a8c20,20220702231640788-dry-asphalt-smooth.jpg,240,360,170.22858796296296,938.2659661446277,False,train
c:/Users/Rivan/Projects/AI_Grand_Prix/data/_hf_snapshot/test_50k/20220702231648212-dry-asphalt-slight.jpg,DRY,202207022316,dry,asphalt,slight,20220702231648212,ab957f91fd96a472683229b5bf90fc5789aee72d17e9c7d172dd5b0d4922cdad,20220702231648212-dry-asphalt-slight.jpg,240,360,186.91333333333333,13251.22034424498,False,train
c:/Users/Rivan/Projects/AI_Grand_Prix/data/_hf_snapshot/test_50k/20220702231649240-dry-asphalt-smooth.jpg,DRY,202207022316,dry,asphalt,smooth,20220702231649240,b84f3b85638a0081c6d17615de587abc360bf2db5af9c3bfeafde085f8be19ff,20220702231649240-dry-asphalt-smooth.jpg,240,360,199.85528935185187,3343.3350149091225,False,train
c:/Users/Rivan/Projects/AI_Grand_Prix/data/_hf_snapshot/test_50k/20220702231653825-dry-asphalt-smooth.jpg,DRY,202207022316,dry,asphalt,smooth,20220702231653825,1300c90647c910d161848efe58bc732772a9b77ff94cf74f01db0a81392bd36c,20220702231653825-dry-asphalt-smooth.jpg,240,360,194.43418981481483,12473.108937676692,False,train
c:/Users/Rivan/Projects/AI_Grand_Prix/data/_hf_snapshot/test_50k/202207022316551245-dry-asphalt-slight.jpg,DRY,202207022316,dry,asphalt,slight,202207022316551245,71ffdf9fff98a5dc5380268da9dd56aebc65877f7d42cbbfd90871d3c5a4d9c8,202207022316551245-dry-asphalt-slight.jpg,240,360,163.2339814814815,10425.62021460048,False,train
c:/Users/Rivan/Projects/AI_Grand_Prix/data/_hf_snapshot/test_50k/202207022316561392-dry-asphalt-smooth.jpg,DRY,202207022316,dry,asphalt,smooth,202207022316561392,3f1745bd2bff697167367b7fc4da92a37131cdf958a09dbbe3fce20f76a9896d,202207022316561392-dry-asphalt-smooth.jpg,240,360,193.19552083333335,748.7432490128546,False,train
c:/Users/Rivan/Projects/AI_Grand_Prix/data/_hf_snapshot/test_50k/20220702231706878-dry-asphalt-smooth.jpg,DRY,202207022317,dry,asphalt,smooth,20220702231706878,bb2f992a3f027eb862efe7badb63e8b2df2fdc74a9d3fdcb26ed46ed3ca3bc35,20220702231706878-dry-asphalt-smooth.jpg,240,360,202.65471064814815,9497.931555649862,False,train
c:/Users/Rivan/Projects/AI_Grand_Prix/data/_hf_snapshot/test_50k/202207022317091371-dry-asphalt-slight.jpg,DRY,202207022317,dry,asphalt,slight,202207022317091371,12ab8bf0df281b45b9aa2ae6d13fb6a60e9a512379274edcf95c52b77b32c24c,202207022317091371-dry-asphalt-slight.jpg,240,360,192.7805787037037,6169.813781815308,False,train
c:/Users/Rivan/Projects/AI_Grand_Prix/data/_hf_snapshot/test_50k/202207022317111580-dry-asphalt-slight.jpg,DRY,202207022317,dry,asphalt,slight,202207022317111580,546e87d115b823e5653c935a44e571b886bf278c767a5b7cab4f42b171f8b13f,202207022317111580-dry-asphalt-slight.jpg,240,360,213.30141203703704,2126.686041613083,False,train
c:/Users/Rivan/Projects/AI_Grand_Prix/data/_hf_snapshot/test_50k/202207022317121741-dry-asphalt-slight.jpg,DRY,202207022317,dry,asphalt,slight,202207022317121741,0407ba9b00bdab155dfcbdf31cac7297fde5617b5631dc096719a3db6987bf1e,202207022317121741-dry-asphalt-slight.jpg,240,360,149.99209490740742,6477.277525382453,False,train
c:/Users/Rivan/Projects/AI_Grand_Prix/data/_hf_snapshot/test_50k/20220702231716302-dry-asphalt-slight.jpg,DRY,202207022317,dry,asphalt,slight,20220702231716302,cd8da5af32fbc17ddd4a9556576a11edb95b5ffbf7e935ff35af91514f19340b,20220702231716302-dry-asphalt-slight.jpg,240,360,153.43085648148147,648.8974231180074,False,train
c:/Users/Rivan/Projects/AI_Grand_Prix/data/_hf_snapshot/test_50k/202207022317231433-dry-asphalt-slight.jpg,DRY,202207022317,dry,asphalt,slight,202207022317231433,9a4c15b3e7b318402e0871266fcd0726920b8cc08ff9d32c57c728a8152c3b34,202207022317231433-dry-asphalt-slight.jpg,240,360,199.45246527777778,9503.736077912674,False,train
c:/Users/Rivan/Projects/AI_Grand_Prix/data/_hf_snapshot/test_50k/202207022317231440-dry-asphalt-slight.jpg,DRY,202207022317,dry,asphalt,slight,202207022317231440,7d9049859cecb455c5eb487d8345d2191cf2162d62da16f0d98e368bdca42a98,202207022317231440-dry-asphalt-slight.jpg,240,360,193.86868055555556,7872.314838734032,False,train
c:/Users/Rivan/Projects/AI_Grand_Prix/data/_hf_snapshot/test_50k/202207022317241504-dry-asphalt-slight.jpg,DRY,202207022317,dry,asphalt,slight,202207022317241504,695a24cbba215132abb828f4f448d4f14b6081ec8b0062336f1027c4396814cf,202207022317241504-dry-asphalt-slight.jpg,240,360,174.9907986111111,14074.033445125493,False,train
c:/Users/Rivan/Projects/AI_Grand_Prix/data/_hf_snapshot/test_50k/202207022317271-dry-asphalt-slight.jpg,DRY,202207022317,dry,asphalt,slight,202207022317271,6b4987be990264fa93d5bd123d4a9b3e020f471fa2f1fa254f14f14749a01001,202207022317271-dry-asphalt-slight.jpg,240,360,156.97599537037038,7489.409680597217,False,train
c:/Users/Rivan/Projects/AI_Grand_Prix/data/_hf_snapshot/test_50k/20220702231728221-dry-asphalt-slight.jpg,DRY,202207022317,dry,asphalt,slight,20220702231728221,6ad9baf15dec2171412a8fb4d53f37c9ea2ca8d827ae61da4d4a8f9781b25400,20220702231728221-dry-asphalt-slight.jpg,240,360,181.4604050925926,8831.698668576255,False,train
c:/Users/Rivan/Projects/AI_Grand_Prix/data/_hf_snapshot/test_50k/20220702231729357-dry-asphalt-slight.jpg,DRY,202207022317,dry,asphalt,slight,20220702231729357,585bb798f94c834609e6ce24bc577fe765b82fefa08a5f4f4048fbd03aa39590,20220702231729357-dry-asphalt-slight.jpg,240,360,181.17188657407408,9431.094371308622,False,train
c:/Users/Rivan/Projects/AI_Grand_Prix/data/_hf_snapshot/test_50k/20220702231729382-dry-asphalt-slight.jpg,DRY,202207022317,dry,asphalt,slight,20220702231729382,75591a0e118a48256e5583ad915407b8bf9738ccea48c65e1219eb5cbd4b0c65,20220702231729382-dry-asphalt-slight.jpg,240,360,185.31828703703704,5524.673956856433,False,train
c:/Users/Rivan/Projects/AI_Grand_Prix/data/_hf_snapshot/test_50k/202207022317361527-dry-asphalt-smooth.jpg,DRY,202207022317,dry,asphalt,smooth,202207022317361527,1dd5cacc6cf7dcafda6022d38673eafd944bb339e96727f8e3516de6524863cb,202207022317361527-dry-asphalt-smooth.jpg,240,360,169.45267361111112,10094.28651755388,False,train
c:/Users/Rivan/Projects/AI_Grand_Prix/data/_hf_snapshot/test_50k/202207022317391863-dry-asphalt-slight.jpg,DRY,202207022317,dry,asphalt,slight,202207022317391863,a1d35846d9ad12478dd696f490cf64c33c48ba38c07f272621f98d3e9bf70739,202207022317391863-dry-asphalt-slight.jpg,240,360,185.47363425925926,12830.084687242263,False,train
c:/Users/Rivan/Projects/AI_Grand_Prix/data/_hf_snapshot/test_50k/20220702231746974-dry-asphalt-slight.jpg,DRY,202207022317,dry,asphalt,slight,20220702231746974,7f65853627f393b892f476564bf9cfbbc762eb2dd53a09878c10c7f6cb52d916,20220702231746974-dry-asphalt-slight.jpg,240,360,179.21805555555557,12436.153376295517,False,train
c:/Users/Rivan/Projects/AI_Grand_Prix/data/_hf_snapshot/test_50k/202207022317491298-dry-asphalt-smooth.jpg,DRY,202207022317,dry,asphalt,smooth,202207022317491298,42cd5edb33bf2e35992cb8e556928cb6c91988e50fcb3042739b93fa307867e1,202207022317491298-dry-asphalt-smooth.jpg,240,360,190.13587962962964,10450.801879701967,False,train
c:/Users/Rivan/Projects/AI_Grand_Prix/data/_hf_snapshot/test_50k/202207022317531996-dry-asphalt-smooth.jpg,DRY,202207022317,dry,asphalt,smooth,202207022317531996,c532ef1f079e63c2e87fa490a10b157fe858296aa3e5e450724bd85d2115714c,202207022317531996-dry-asphalt-smooth.jpg,240,360,195.17128472222223,3298.9353850403754,False,train
c:/Users/Rivan/Projects/AI_Grand_Prix/data/_hf_snapshot/test_50k/20220702231756398-dry-asphalt-smooth.jpg,DRY,202207022317,dry,asphalt,smooth,20220702231756398,ce166a62f3bbc291b576a130629fcfc0b1a8ec4de3216a5438e65541128eda54,20220702231756398-dry-asphalt-smooth.jpg,240,360,202.6997685185185,2825.7286455116973,False,train
c:/Users/Rivan/Projects/AI_Grand_Prix/data/_hf_snapshot/test_50k/20220702231759865-dry-asphalt-slight.jpg,DRY,202207022317,dry,asphalt,slight,20220702231759865,7540eb71252c5e62d186305506a823cb933a412841255baa7548e33a1887f282,20220702231759865-dry-asphalt-slight.jpg,240,360,195.07104166666667,8168.206768569424,False,train
c:/Users/Rivan/Projects/AI_Grand_Prix/data/_hf_snapshot/test_50k/202207022318021310-dry-asphalt-smooth.jpg,DRY,202207022318,dry,asphalt,smooth,202207022318021310,1e310d35cfe3f62b0563ec7ccf8eea290c5c19b72496d5bd604d21f5d9a71f4b,202207022318021310-dry-asphalt-smooth.jpg,240,360,161.9353587962963,5493.980504156888,False,train
c:/Users/Rivan/Projects/AI_Grand_Prix/data/_hf_snapshot/test_50k/202207022318061859-dry-asphalt-slight.jpg,DRY,202207022318,dry,asphalt,slight,202207022318061859,bf48d57dab6380b239cb9951f9422c18d5de7ac076b384bf1519893334a08263,202207022318061859-dry-asphalt-slight.jpg,240,360,152.30663194444443,11968.755025443672,False,train
c:/Users/Rivan/Projects/AI_Grand_Prix/data/_hf_snapshot/test_50k/20220702231813773-dry-asphalt-smooth.jpg,DRY,202207022318,dry,asphalt,smooth,20220702231813773,20038a0696cf96a1a116342b5de24d5a193918f8a8829634d6295e14b23b579c,20220702231813773-dry-asphalt-smooth.jpg,240,360,185.4934027777778,13273.117193916643,False,train
c:/Users/Rivan/Projects/AI_Grand_Prix/data/_hf_snapshot/test_50k/202207022318151104-dry-asphalt-smooth.jpg,DRY,202207022318,dry,asphalt,smooth,202207022318151104,7bae0fd450432f8053e98c1a75e29006b2bb0f2056558cad822f9ddea4821c37,202207022318151104-dry-asphalt-smooth.jpg,240,360,197.21723379629628,2907.489608930122,False,train
c:/Users/Rivan/Projects/AI_Grand_Prix/data/_hf_snapshot/test_50k/202207022318151207-dry-asphalt-smooth.jpg,DRY,202207022318,dry,asphalt,smooth,202207022318151207,e107b454e891216e35476204fa72320b96389cfb15864276271c58e34706d3a3,202207022318151207-dry-asphalt-smooth.jpg,240,360,125.1771875,803.309294521471,False,train
c:/Users/Rivan/Projects/AI_Grand_Prix/data/_hf_snapshot/test_50k/202207022318171401-dry-asphalt-slight.jpg,DRY,202207022318,dry,asphalt,slight,202207022318171401,e4c80fac6a2bbdabbc8a6ba9656de5fbbb1ffd28050cd9af8bc00a1e40fd1049,202207022318171401-dry-asphalt-slight.jpg,240,360,117.8603587962963,2034.2275987220294,False,train
c:/Users/Rivan/Projects/AI_Grand_Prix/data/_hf_snapshot/test_50k/202207022318191687-dry-asphalt-smooth.jpg,DRY,202207022318,dry,asphalt,smooth,202207022318191687,f3166fc981cda6b0d336a95cb48c4d53fe17a51d18d982161f86d36c1bd61b3d,202207022318191687-dry-asphalt-smooth.jpg,240,360,187.60828703703703,3337.9239211772065,False,train
c:/Users/Rivan/Projects/AI_Grand_Prix/data/_hf_snapshot/test_50k/20220702231825510-dry-asphalt-smooth.jpg,DRY,202207022318,dry,asphalt,smooth,20220702231825510,1f0441a96291d74c709708a144c8b9e34774fdda45e98f997adae6df67144a2b,20220702231825510-dry-asphalt-smooth.jpg,240,360,186.4360648148148,4612.552848812452,False,train
c:/Users/Rivan/Projects/AI_Grand_Prix/data/_hf_snapshot/test_50k/202207022318301228-dry-asphalt-slight.jpg,DRY,202207022318,dry,asphalt,slight,202207022318301228,3a7100e9d553e5e387f604acbcd1795c799d95e20187941e00069c2d2a1e7a87,202207022318301228-dry-asphalt-slight.jpg,240,360,130.7144212962963,4061.275556856433,False,train
c:/Users/Rivan/Projects/AI_Grand_Prix/data/_hf_snapshot/test_50k/202207022318311483-dry-asphalt-slight.jpg,DRY,202207022318,dry,asphalt,slight,202207022318311483,d7facce51461b455f21e67d0cc3c32e49e08eab927d3d03f1da1974681e8c77c,202207022318311483-dry-asphalt-slight.jpg,240,360,199.01715277777777,10908.607365118634,False,train
c:/Users/Rivan/Projects/AI_Grand_Prix/data/_hf_snapshot/test_50k/202207022318331736-dry-asphalt-slight.jpg,DRY,202207022318,dry,asphalt,slight,202207022318331736,8ffd0fe84bb8f069655d8b077d6d7151329a661daedaf0d3f8cd21690bf009a5,202207022318331736-dry-asphalt-slight.jpg,240,360,192.41266203703702,9053.713830380739,False,train
c:/Users/Rivan/Projects/AI_Grand_Prix/data/_hf_snapshot/test_50k/202207022318341886-dry-asphalt-slight.jpg,DRY,202207022318,dry,asphalt,slight,202207022318341886,ae3e39b91d8ee4b9e46312bfc62686bb9e7528df5abc803884c90cdfad06976c,202207022318341886-dry-asphalt-slight.jpg,240,360,184.95497685185185,10603.422472350288,False,train
c:/Users/Rivan/Projects/AI_Grand_Prix/data/_hf_snapshot/test_50k/2022070223183546-dry-asphalt-slight.jpg,DRY,202207022318,dry,asphalt,slight,2022070223183546,f741f7d728e8b658903f36b51b5021b8ceada264e450e33308b35899a00d42df,2022070223183546-dry-asphalt-slight.jpg,240,360,193.81240740740742,4072.2685607590665,False,train
c:/Users/Rivan/Projects/AI_Grand_Prix/data/_hf_snapshot/test_50k/20220702231836159-dry-asphalt-slight.jpg,DRY,202207022318,dry,asphalt,slight,20220702231836159,c4458b4096befbc8c0b3ba9f8042d275f39782ff1af66d7d4227cb090a470ffa,20220702231836159-dry-asphalt-slight.jpg,240,360,186.08032407407407,3073.5157846352827,False,train
c:/Users/Rivan/Projects/AI_Grand_Prix/data/_hf_snapshot/test_50k/20220702231837264-dry-asphalt-slight.jpg,DRY,202207022318,dry,asphalt,slight,20220702231837264,23b49ef8f7e39c209bf40ba2b97748c61f354c82d0ef5f5bece015c3c98e98c5,20220702231837264-dry-asphalt-slight.jpg,240,360,200.96537037037038,6438.645958907216,False,train
c:/Users/Rivan/Projects/AI_Grand_Prix/data/_hf_snapshot/test_50k/20220702231838505-dry-asphalt-slight.jpg,DRY,202207022318,dry,asphalt,slight,20220702231838505,8d782f6afefb51ebdac9f2cde5a14c4f299b784386ff90ddc0cb842777ac004a,20220702231838505-dry-asphalt-slight.jpg,240,360,206.0673263888889,6279.049857651615,False,train
c:/Users/Rivan/Projects/AI_Grand_Prix/data/_hf_snapshot/test_50k/20220702231839568-dry-asphalt-slight.jpg,DRY,202207022318,dry,asphalt,slight,20220702231839568,656a8399c70d16f1e35e27314d64e35a1497b2826cdf969ef1095b0213089249,20220702231839568-dry-asphalt-slight.jpg,240,360,189.9017939814815,5642.811149300734,False,train
c:/Users/Rivan/Projects/AI_Grand_Prix/data/_hf_snapshot/test_50k/20220702231839618-dry-asphalt-slight.jpg,DRY,202207022318,dry,asphalt,slight,20220702231839618,a1f309741bd8a48ed1527055ce1ee4d3b428865dc473608a49252d55e96f9452,20220702231839618-dry-asphalt-slight.jpg,240,360,162.6232523148148,7933.114115012003,False,train
c:/Users/Rivan/Projects/AI_Grand_Prix/data/_hf_snapshot/test_50k/20220702231839619-dry-asphalt-slight.jpg,DRY,202207022318,dry,asphalt,slight,20220702231839619,946590852964f5008bf0220e123807bff6b5592088631dc06029c1b283c57121,20220702231839619-dry-asphalt-slight.jpg,240,360,163.03453703703704,5904.489240920246,False,train
c:/Users/Rivan/Projects/AI_Grand_Prix/data/_hf_snapshot/test_50k/20220702231840777-dry-asphalt-slight.jpg,DRY,202207022318,dry,asphalt,slight,20220702231840777,62cb53f21e554f5eaa4e876575fc65419b7a681737c279ee81787e9f994f7104,20220702231840777-dry-asphalt-slight.jpg,240,360,169.39277777777778,8281.422407407408,False,train
c:/Users/Rivan/Projects/AI_Grand_Prix/data/_hf_snapshot/test_50k/20220702231841950-dry-asphalt-slight.jpg,DRY,202207022318,dry,asphalt,slight,20220702231841950,a001944d25925f212d69a4e3d75efb6962094f30a177f764ed0de5eef2c33b17,20220702231841950-dry-asphalt-slight.jpg,240,360,190.9738888888889,7303.268999884126,False,train
c:/Users/Rivan/Projects/AI_Grand_Prix/data/_hf_snapshot/test_50k/20220702231841951-dry-asphalt-slight.jpg,DRY,202207022318,dry,asphalt,slight,20220702231841951,3ed6af164c21d578ec6fdaa5f675fe41e0f8bf52cf3e9c9a6cbbf78c3bb3080a,20220702231841951-dry-asphalt-slight.jpg,240,360,202.51075231481482,3263.407784981434,False,train
c:/Users/Rivan/Projects/AI_Grand_Prix/data/_hf_snapshot/test_50k/202207022318421018-dry-asphalt-slight.jpg,DRY,202207022318,dry,asphalt,slight,202207022318421018,f7b8e2b07e2737684d37cd3f940e8a2211b21ba86ca8d8f5705b470d9d5ebe48,202207022318421018-dry-asphalt-slight.jpg,240,360,174.6943287037037,7678.212803369207,False,train
c:/Users/Rivan/Projects/AI_Grand_Prix/data/_hf_snapshot/test_50k/20220704213342138-dry-asphalt-smooth.jpg,DRY,202207042133,dry,asphalt,smooth,20220704213342138,d57598c7702b269b8183d8da1a600c7d644799736fcc89f271c0483fb8bef3e0,20220704213342138-dry-asphalt-smooth.jpg,240,360,164.67011574074073,6135.31341611797,False,train
c:/Users/Rivan/Projects/AI_Grand_Prix/data/_hf_snapshot/test_50k/20220704213550180-dry-concrete-smooth.jpg,DRY,202207042135,dry,concrete,smooth,20220704213550180,1324043833e4b3e5effa9e139345bcb4c3f491e451fadd79e05893bb280c8596,20220704213550180-dry-concrete-smooth.jpg,240,360,120.90112268518519,7.201063309649348,False,train
c:/Users/Rivan/Projects/AI_Grand_Prix/data/_hf_snapshot/test_50k/202207042135581689-dry-concrete-smooth.jpg,DRY,202207042135,dry,concrete,smooth,202207042135581689,2290d495b8ccb5b75de4697f11e84049ff9769152c30bbf9eb710efc01c69595,202207042135581689-dry-concrete-smooth.jpg,240,360,128.04311342592592,87.03822686779299,False,train
c:/Users/Rivan/Projects/AI_Grand_Prix/data/_hf_snapshot/test_50k/202207042137061008-dry-concrete-smooth.jpg,DRY,202207042137,dry,concrete,smooth,202207042137061008,80454fcdb5383497cd64021e6a144b7595fbfd68bc4b0ed399acf29cccb54c20,202207042137061008-dry-concrete-smooth.jpg,240,360,121.82984953703703,26.226997324968924,False,train
c:/Users/Rivan/Projects/AI_Grand_Prix/data/_hf_snapshot/test_50k/2022070421371222-dry-concrete-smooth.jpg,DRY,202207042137,dry,concrete,smooth,2022070421371222,2a50fd10cff9738f917d94c352dc5e7bb77196e096539cf897e85014642f0e1e,2022070421371222-dry-concrete-smooth.jpg,240,360,120.86884259259259,1.8523031923814732,False,train
c:/Users/Rivan/Projects/AI_Grand_Prix/data/_hf_snapshot/test_50k/20220704213716873-dry-concrete-smooth.jpg,DRY,202207042137,dry,concrete,smooth,20220704213716873,9641f14dd9feb84c272ea2a86d1756a731d2b60795a4fbd33cac29bd1b6f8417,20220704213716873-dry-concrete-smooth.jpg,240,360,117.97410879629629,2.09690970601316,False,train
c:/Users/Rivan/Projects/AI_Grand_Prix/data/_hf_snapshot/test_50k/202207042137221879-dry-concrete-smooth.jpg,DRY,202207042137,dry,concrete,smooth,202207042137221879,788cef8c6eadcd403afd3b6c5f3182b2d959cb79844fa2c55a5d2f189a67d9ce,202207042137221879-dry-concrete-smooth.jpg,240,360,112.02401620370371,4.29590072003065,False,train
c:/Users/Rivan/Projects/AI_Grand_Prix/data/_hf_snapshot/test_50k/20220704213723146-dry-concrete-smooth.jpg,DRY,202207042137,dry,concrete,smooth,20220704213723146,ee3db32fb19759a186ef4d096c4fe77f565bb4ccf015bd5d893c755493a87622,20220704213723146-dry-concrete-smooth.jpg,240,360,116.5820486111111,6.14934998660408,False,train
c:/Users/Rivan/Projects/AI_Grand_Prix/data/_hf_snapshot/test_50k/20220704213723164-dry-concrete-smooth.jpg,DRY,202207042137,dry,concrete,smooth,20220704213723164,0347c85a2a07a7e6e78d2de4597763d9fc5ad4a96ba54ef6927edb54f6c9729c,20220704213723164-dry-concrete-smooth.jpg,240,360,113.46064814814815,145.7239195086109,False,train
c:/Users/Rivan/Projects/AI_Grand_Prix/data/_hf_snapshot/test_50k/202207042137301437-dry-concrete-smooth.jpg,DRY,202207042137,dry,concrete,smooth,202207042137301437,be0e0b8500bac2678e88bea399f32501ebdf2f5a28ff98ce203f40ea1f2a38ca,202207042137301437-dry-concrete-smooth.jpg,240,360,118.48622685185185,36.3525321339967,False,train
c:/Users/Rivan/Projects/AI_Grand_Prix/data/_hf_snapshot/test_50k/202207042137321672-dry-concrete-slight.jpg,DRY,202207042137,dry,concrete,slight,202207042137321672,763936a0a6e2a177cdbb76284ed2b2e39022e441b560a29757c8c3df5c8ab574,202207042137321672-dry-concrete-slight.jpg,240,360,105.83175925925926,17.33107031129437,False,train
c:/Users/Rivan/Projects/AI_Grand_Prix/data/_hf_snapshot/test_50k/202207042137331801-dry-concrete-smooth.jpg,DRY,202207042137,dry,concrete,smooth,202207042137331801,64e2c578a15bb86d0aabc40a8ffee1bc91514564c36f023deef650ba079b3fc9,202207042137331801-dry-concrete-smooth.jpg,240,360,114.99202546296296,11.132951305164395,False,train
c:/Users/Rivan/Projects/AI_Grand_Prix/data/_hf_snapshot/test_50k/20220704230211116-dry-concrete-slight.jpg,DRY,202207042302,dry,concrete,slight,20220704230211116,446e31e250ae8cbff332cf95c5de0a967139fcfc1f31ef64043f0c06bd4a3c8e,20220704230211116-dry-concrete-slight.jpg,240,360,104.70900462962963,8.392325953655478,False,train
c:/Users/Rivan/Projects/AI_Grand_Prix/data/_hf_snapshot/test_50k/20220704230212202-dry-concrete-slight.jpg,DRY,202207042302,dry,concrete,slight,20220704230212202,6730af6f2e946786b03a18815958d4d0ac035171fe6b17151a82dfa986a6144c,20220704230212202-dry-concrete-slight.jpg,240,360,112.58211805555555,53.06989301684135,False,train
c:/Users/Rivan/Projects/AI_Grand_Prix/data/_hf_snapshot/test_50k/20220704230212282-dry-concrete-slight.jpg,DRY,202207042302,dry,concrete,slight,20220704230212282,92b1ec3cd56a476100bdfa60c8bfa880e7b15100b7d95e1780cfbc34abfd2fa9,20220704230212282-dry-concrete-slight.jpg,240,360,118.40417824074073,20.57372571802126,False,train
c:/Users/Rivan/Projects/AI_Grand_Prix/data/_hf_snapshot/test_50k/20220704230213336-dry-concrete-slight.jpg,DRY,202207042302,dry,concrete,slight,20220704230213336,491a8374a674a43954a51ab53d9da0073be3f60bb9f76cca329e32e597fc49e9,20220704230213336-dry-concrete-slight.jpg,240,360,108.28130787037037,27.069500417818716,False,train
c:/Users/Rivan/Projects/AI_Grand_Prix/data/_hf_snapshot/test_50k/20220704230213405-dry-concrete-slight.jpg,DRY,202207042302,dry,concrete,slight,20220704230213405,5959916f08f0c2a2745753127191460a36c10f0dfa876bbc2bdda31efbfbba6b,20220704230213405-dry-concrete-slight.jpg,240,360,120.11710648148149,135.67702449510782,False,train
c:/Users/Rivan/Projects/AI_Grand_Prix/data/_hf_snapshot/test_50k/20220704230213502-dry-concrete-slight.jpg,DRY,202207042302,dry,concrete,slight,20220704230213502,e8701de15f16ccb145144b2229f3031a2d9b0791fef349642b9382405469869b,20220704230213502-dry-concrete-slight.jpg,240,360,117.14773148148149,24.10207840350116,False,train
c:/Users/Rivan/Projects/AI_Grand_Prix/data/_hf_snapshot/test_50k/20220704230214641-dry-concrete-severe.jpg,DRY,202207042302,dry,concrete,severe,20220704230214641,b33ea1813ba69681ed87754b66b87388870d07a284f044b2f7127b93aca8edbb,20220704230214641-dry-concrete-severe.jpg,240,360,116.79503472222223,103.76400665388697,False,train
c:/Users/Rivan/Projects/AI_Grand_Prix/data/_hf_snapshot/test_50k/20220704230214695-dry-concrete-severe.jpg,DRY,202207042302,dry,concrete,severe,20220704230214695,06db0d7506002b29f10b187c8e80c2906cdcf52348591290e9ce1d0ec7796a7a,20220704230214695-dry-concrete-severe.jpg,240,360,126.06521990740741,133.89311076335306,False,train
c:/Users/Rivan/Projects/AI_Grand_Prix/data/_hf_snapshot/test_50k/20220704230215721-dry-concrete-slight.jpg,DRY,202207042302,dry,concrete,slight,20220704230215721,197561ec7bfc8f919352692ce4e74afb0ad2bd880c97b8ff124a9326d421858e,20220704230215721-dry-concrete-slight.jpg,240,360,138.17546296296297,91.92871807270234,False,train
c:/Users/Rivan/Projects/AI_Grand_Prix/data/_hf_snapshot/test_50k/20220704230215797-dry-concrete-slight.jpg,DRY,202207042302,dry,concrete,slight,20220704230215797,e9e0fa90b470550a6683e95a3ebdd6442ffa8f65ea43bb9c2aac89a4109a20f0,20220704230215797-dry-concrete-slight.jpg,240,360,118.3703125,16.97095834927448,False,train
c:/Users/Rivan/Projects/AI_Grand_Prix/data/_hf_snapshot/test_50k/20220704230215814-dry-concrete-severe.jpg,DRY,202207042302,dry,concrete,severe,20220704230215814,e0b8e295e97ba1a4703b50c4c838ebfafd92fcfd047a662b972ad32cebf414b7,20220704230215814-dry-concrete-severe.jpg,240,360,121.28148148148148,78.60882716035987,False,train
c:/Users/Rivan/Projects/AI_Grand_Prix/data/_hf_snapshot/test_50k/202207042302181408-dry-concrete-severe.jpg,DRY,202207042302,dry,concrete,severe,202207042302181408,1a118c9676d6614c681a52c6c35460d641de7a77620645797611ef5da043e633,202207042302181408-dry-concrete-severe.jpg,240,360,83.38760416666666,222.10614679127553,False,train
c:/Users/Rivan/Projects/AI_Grand_Prix/data/_hf_snapshot/test_50k/202207042302191597-dry-concrete-slight.jpg,DRY,202207042302,dry,concrete,slight,202207042302191597,d5cbe20b81d27966d056491b7b7735a7700bf2cc4a83df8eed00d2286ef67f13,202207042302191597-dry-concrete-slight.jpg,240,360,132.18564814814815,273.4748582127701,False,train
c:/Users/Rivan/Projects/AI_Grand_Prix/data/_hf_snapshot/test_50k/202207042302191605-dry-concrete-severe.jpg,DRY,202207042302,dry,concrete,severe,202207042302191605,f92844de01896cce840d82bcc1cb59bbe12aff94f63d21835c2bf119d7a7b222,202207042302191605-dry-concrete-severe.jpg,240,360,134.56211805555554,485.79571967110337,False,train
c:/Users/Rivan/Projects/AI_Grand_Prix/data/_hf_snapshot/test_50k/20220704230223266-dry-concrete-severe.jpg,DRY,202207042302,dry,concrete,severe,20220704230223266,a675fd34028dfecddb7bd4cb3e9284a7afc345f40ac29bc1aee6a9581b3d3257,20220704230223266-dry-concrete-severe.jpg,240,360,131.8623611111111,102.45622392604916,False,train
c:/Users/Rivan/Projects/AI_Grand_Prix/data/_hf_snapshot/test_50k/20220704230223331-dry-concrete-slight.jpg,DRY,202207042302,dry,concrete,slight,20220704230223331,a2bec1f7ea37f8baa8204c9e3272745df2ac52c4c91186616d3edc1a62dde2f3,20220704230223331-dry-concrete-slight.jpg,240,360,95.91865740740741,27.74786045953361,False,train
c:/Users/Rivan/Projects/AI_Grand_Prix/data/_hf_snapshot/test_50k/20220704230224468-dry-concrete-slight.jpg,DRY,202207042302,dry,concrete,slight,20220704230224468,210837b2f4371cf0ee8c2644f8c49a9df397ecd2c848824c5647bbe196dd3a9e,20220704230224468-dry-concrete-slight.jpg,240,360,123.31065972222223,576.4456457427771,False,train
c:/Users/Rivan/Projects/AI_Grand_Prix/data/_hf_snapshot/test_50k/20220704230224519-dry-concrete-slight.jpg,DRY,202207042302,dry,concrete,slight,20220704230224519,0a1a86c8420f0d7e2b07be45c5acb7c10bd657457a68d311c2962990a1da61df,20220704230224519-dry-concrete-slight.jpg,240,360,136.3943402777778,10.814466859032065,False,train
c:/Users/Rivan/Projects/AI_Grand_Prix/data/_hf_snapshot/test_50k/20220704230225669-dry-concrete-slight.jpg,DRY,202207042302,dry,concrete,slight,20220704230225669,7fd1c989e5fdceb1ad5c6eebba79fff25855037621394a7c05a1e081c61276c7,20220704230225669-dry-concrete-slight.jpg,240,360,143.90037037037038,122.58723501746827,False,train
c:/Users/Rivan/Projects/AI_Grand_Prix/data/_hf_snapshot/test_50k/20220704230226794-dry-concrete-slight.jpg,DRY,202207042302,dry,concrete,slight,20220704230226794,1f0e909a2faf0b4f4660a97a52f87e1e76a87d4d9fca57f341eac4a9d5cb54c7,20220704230226794-dry-concrete-slight.jpg,240,360,117.47412037037037,116.35387247888802,False,train
c:/Users/Rivan/Projects/AI_Grand_Prix/data/_hf_snapshot/test_50k/20220704230226842-dry-concrete-severe.jpg,DRY,202207042302,dry,concrete,severe,20220704230226842,1e287ba17f19ca858be234e4fa6e9b248e98a2a1727e7a3c6a5213890f9ce731,20220704230226842-dry-concrete-severe.jpg,240,360,123.33886574074074,50.18392250179505,False,train
c:/Users/Rivan/Projects/AI_Grand_Prix/data/_hf_snapshot/test_50k/20220704230226867-dry-concrete-slight.jpg,DRY,202207042302,dry,concrete,slight,20220704230226867,08ad2e8ad8ff7260347e84abe99b08756dc5718bbaac23925a66d1183bf33f6c,20220704230226867-dry-concrete-slight.jpg,240,360,114.78851851851852,70.9304921648609,False,train
c:/Users/Rivan/Projects/AI_Grand_Prix/data/_hf_snapshot/test_50k/20220704230226910-dry-concrete-slight.jpg,DRY,202207042302,dry,concrete,slight,20220704230226910,ca42d916586b61bcc0161ee01273fbf9fca0b6fe3a753ba46cf22f159498d9af,20220704230226910-dry-concrete-slight.jpg,240,360,111.32148148148148,49.78934024763696,False,train
c:/Users/Rivan/Projects/AI_Grand_Prix/data/_hf_snapshot/test_50k/202207042302291471-dry-concrete-slight.jpg,DRY,202207042302,dry,concrete,slight,202207042302291471,4d9b97e8d10ee05c9f0f12af89306715bce90b50202af1309d33c252b557b31f,202207042302291471-dry-concrete-slight.jpg,240,360,132.04590277777777,174.4635909624432,False,train
c:/Users/Rivan/Projects/AI_Grand_Prix/data/_hf_snapshot/test_50k/202207042302291497-dry-concrete-severe.jpg,DRY,202207042302,dry,concrete,severe,202207042302291497,b23c354104518c386c948b821568f2b2c463a5be9d079a2da605eb18d5cd907a,202207042302291497-dry-concrete-severe.jpg,240,360,126.83516203703704,147.4105496136617,False,train
c:/Users/Rivan/Projects/AI_Grand_Prix/data/_hf_snapshot/test_50k/202207042302301652-dry-concrete-slight.jpg,DRY,202207042302,dry,concrete,slight,202207042302301652,f1b371d76dfc492a6f4e7fbe354eacb712a078118e0ed923dd6a426d3674ffd5,202207042302301652-dry-concrete-slight.jpg,240,360,123.70394675925925,75.55398285108025,False,train
c:/Users/Rivan/Projects/AI_Grand_Prix/data/_hf_snapshot/test_50k/202207042302301667-dry-concrete-slight.jpg,DRY,202207042302,dry,concrete,slight,202207042302301667,1d3b11f7fa7defbca47d8a4d39ea1e39f79addfe6208c6731477eb8a9d8fb753,202207042302301667-dry-concrete-slight.jpg,240,360,116.7287962962963,79.69842337480709,False,train
c:/Users/Rivan/Projects/AI_Grand_Prix/data/_hf_snapshot/test_50k/202207042302311704-dry-concrete-slight.jpg,DRY,202207042302,dry,concrete,slight,202207042302311704,6e00e33ec7dee13cd7d5fcf8167cac0df827e39ac3cdb626b551d2bf0a6aba0f,202207042302311704-dry-concrete-slight.jpg,240,360,115.6475462962963,325.70680135981974,False,train
c:/Users/Rivan/Projects/AI_Grand_Prix/data/_hf_snapshot/test_50k/202207042302311791-dry-concrete-severe.jpg,DRY,202207042302,dry,concrete,severe,202207042302311791,781e2ac721d92a433c8a737f3cb03860b5e63e7336de9611175df7db88eaf468,202207042302311791-dry-concrete-severe.jpg,240,360,131.37666666666667,144.49496421668704,False,train
c:/Users/Rivan/Projects/AI_Grand_Prix/data/_hf_snapshot/test_50k/202207042302311811-dry-concrete-slight.jpg,DRY,202207042302,dry,concrete,slight,202207042302311811,6348371f92855bfec88af77b3296deac6d568fb14aca1bcf45edb8e0ffcbadec,202207042302311811-dry-concrete-slight.jpg,240,360,101.39622685185185,18.449443993805726,False,train
c:/Users/Rivan/Projects/AI_Grand_Prix/data/_hf_snapshot/test_50k/202207042302311873-dry-concrete-slight.jpg,DRY,202207042302,dry,concrete,slight,202207042302311873,54d6467bc130e9879909e732f59a4cf6d712330b52d21f2ae37d47ec6a56de8b,202207042302311873-dry-concrete-slight.jpg,240,360,105.79125,99.57388078221452,False,train
c:/Users/Rivan/Projects/AI_Grand_Prix/data/_hf_snapshot/test_50k/202207042302311877-dry-concrete-slight.jpg,DRY,202207042302,dry,concrete,slight,202207042302311877,e67a77e2938ed6dcc67806fb778c95dc5f717d96b991a7cf7a2961e7df41f439,202207042302311877-dry-concrete-slight.jpg,240,360,104.32787037037038,43.18211851851852,False,train
c:/Users/Rivan/Projects/AI_Grand_Prix/data/_hf_snapshot/test_50k/202207042302321942-dry-concrete-severe.jpg,DRY,202207042302,dry,concrete,severe,202207042302321942,a58af8111c5ef5c0896fd1e7cf75ca9d776a60c25b901843ae687c9fb2074565,202207042302321942-dry-concrete-severe.jpg,240,360,117.61344907407407,53.50399128394526,False,train
c:/Users/Rivan/Projects/AI_Grand_Prix/data/_hf_snapshot/test_50k/20220704230233179-dry-concrete-severe.jpg,DRY,202207042302,dry,concrete,severe,20220704230233179,70031183ce8e4db74ce0dbe1e971ee954233cefcb91b3033b90ebba4738c2a8a,20220704230233179-dry-concrete-severe.jpg,240,360,107.38292824074074,57.143587155858846,False,train
c:/Users/Rivan/Projects/AI_Grand_Prix/data/_hf_snapshot/test_50k/2022070423023399-dry-concrete-slight.jpg,DRY,202207042302,dry,concrete,slight,2022070423023399,d79a000c3ea629366572e8e0d59ae4dc2cd04a0308a138db6e17ef06dedd6dc7,2022070423023399-dry-concrete-slight.jpg,240,360,109.43945601851851,48.48976812789352,False,train
c:/Users/Rivan/Projects/AI_Grand_Prix/data/_hf_snapshot/test_50k/20220704230234411-dry-concrete-severe.jpg,DRY,202207042302,dry,concrete,severe,20220704230234411,93a53298811bfa8091439ddc3a65e21f608563d7f710eff28d80f9ef37a26c16,20220704230234411-dry-concrete-severe.jpg,240,360,126.3571875,14.353984670246055,False,train
c:/Users/Rivan/Projects/AI_Grand_Prix/data/_hf_snapshot/test_50k/20220704230234424-dry-concrete-slight.jpg,DRY,202207042302,dry,concrete,slight,20220704230234424,fa7de6ade6bc7dded5c9513f91253e8fa71385bd0a6fa27be2cd1d7058d66908,20220704230234424-dry-concrete-slight.jpg,240,360,124.2715625,118.30122998636294,False,train
c:/Users/Rivan/Projects/AI_Grand_Prix/data/_hf_snapshot/test_50k/20220704230236625-dry-concrete-severe.jpg,DRY,202207042302,dry,concrete,severe,20220704230236625,e0a7d86c357d0214f3b70de8c6588abf3dcef80ca394bd156747634e0ea30111,20220704230236625-dry-concrete-severe.jpg,240,360,116.01537037037038,594.768588340192,False,train
c:/Users/Rivan/Projects/AI_Grand_Prix/data/_hf_snapshot/test_50k/20220704230236784-dry-concrete-slight.jpg,DRY,202207042302,dry,concrete,slight,20220704230236784,a50a9deb9af3842a04bc7436f5568c0c11225b6e06b96f0fdc2353b37f87ecee,20220704230236784-dry-concrete-slight.jpg,240,360,127.35074074074075,189.19938552584338,False,train
c:/Users/Rivan/Projects/AI_Grand_Prix/data/_hf_snapshot/test_50k/20220704230236789-dry-concrete-smooth.jpg,DRY,202207042302,dry,concrete,smooth,20220704230236789,1bb99bb56e37a31ee558c7b675ef116607e746bbd45e331f67cc70ef990bdca8,20220704230236789-dry-concrete-smooth.jpg,240,360,126.15695601851851,162.31166398962623,False,train
c:/Users/Rivan/Projects/AI_Grand_Prix/data/_hf_snapshot/test_50k/20220704230236811-dry-concrete-slight.jpg,DRY,202207042302,dry,concrete,slight,20220704230236811,5c01acdb1bd467621ef0811e515310659c8826cd3a8f2726287852d7905aa648,20220704230236811-dry-concrete-slight.jpg,240,360,118.84064814814815,54.55154749657064,False,train
c:/Users/Rivan/Projects/AI_Grand_Prix/data/_hf_snapshot/test_50k/20220704230237909-dry-concrete-slight.jpg,DRY,202207042302,dry,concrete,slight,20220704230237909,3375ecdb6b8b83c2688c7d35e7834bfaf8e26fcf9f9199ea1e29aad0cfc5b519,20220704230237909-dry-concrete-slight.jpg,240,360,105.9105787037037,36.06910708577139,False,train
c:/Users/Rivan/Projects/AI_Grand_Prix/data/_hf_snapshot/test_50k/20220704230237975-dry-concrete-slight.jpg,DRY,202207042302,dry,concrete,slight,20220704230237975,a91c55bdc2b8bfe7b49ec75664e9cd33bf33e07898723f6c154f63f401f86ebc,20220704230237975-dry-concrete-slight.jpg,240,360,107.49122685185185,89.40927696277006,False,train
c:/Users/Rivan/Projects/AI_Grand_Prix/data/_hf_snapshot/test_50k/202207042302411649-dry-concrete-slight.jpg,DRY,202207042302,dry,concrete,slight,202207042302411649,eca051a4b2a7ded91fc8d41dc269e26c7dcf9bcc782c57ae4dea364f761a87cc,202207042302411649-dry-concrete-slight.jpg,240,360,112.99641203703703,26.567522528720847,False,train
c:/Users/Rivan/Projects/AI_Grand_Prix/data/_hf_snapshot/test_50k/202207042302411768-dry-concrete-severe.jpg,DRY,202207042302,dry,concrete,severe,202207042302411768,1395ba7888b91d087175e4980c8b3559bb51c75c864250ea5a8730c9da2374db,202207042302411768-dry-concrete-severe.jpg,240,360,105.20820601851852,53.25158551941337,False,train
c:/Users/Rivan/Projects/AI_Grand_Prix/data/_hf_snapshot/test_50k/202207042302421808-dry-concrete-slight.jpg,DRY,202207042302,dry,concrete,slight,202207042302421808,49b99a6979b5c2d6529a98fb2aa16efb506063add41dff0867cc3a8288b60463,202207042302421808-dry-concrete-slight.jpg,240,360,106.23953703703704,17.502001909588266,False,train
c:/Users/Rivan/Projects/AI_Grand_Prix/data/_hf_snapshot/test_50k/202207042302421907-dry-concrete-severe.jpg,DRY,202207042302,dry,concrete,severe,202207042302421907,9762815afcf6cd1cc8cdf9d2e797e01522e63269a4d69d37e279a9072064d9ec,202207042302421907-dry-concrete-severe.jpg,240,360,121.2745949074074,50.759687402343744,False,train
c:/Users/Rivan/Projects/AI_Grand_Prix/data/_hf_snapshot/test_50k/202207042302421946-dry-concrete-slight.jpg,DRY,202207042302,dry,concrete,slight,202207042302421946,8e02861eb263c9e2cd8db435f03113d057df5f4f2e80decff5a0b0ba66029b54,202207042302421946-dry-concrete-slight.jpg,240,360,111.14207175925925,37.033332998435355,False,train
c:/Users/Rivan/Projects/AI_Grand_Prix/data/_hf_snapshot/test_50k/2022070423024317-dry-concrete-severe.jpg,DRY,202207042302,dry,concrete,severe,2022070423024317,106ebbbde5cdc430e0d203f406cc1e06005a7ee4562fed61f4c66c66ef9507aa,2022070423024317-dry-concrete-severe.jpg,240,360,121.67723379629629,131.93573654500494,False,train
c:/Users/Rivan/Projects/AI_Grand_Prix/data/_hf_snapshot/test_50k/20220704230245426-dry-concrete-slight.jpg,DRY,202207042302,dry,concrete,slight,20220704230245426,944d3c0799cd456d438287481ca971f905036b019dae9ea46298e34da4691ddb,20220704230245426-dry-concrete-slight.jpg,240,360,111.85452546296297,65.17021970365548,False,train
c:/Users/Rivan/Projects/AI_Grand_Prix/data/_hf_snapshot/test_50k/20220704230246641-dry-concrete-slight.jpg,DRY,202207042302,dry,concrete,slight,20220704230246641,a4c4bbefcff6af6e0b8b95e9cdb833e5308c7ac40216585ce1dc54ee437deb2b,20220704230246641-dry-concrete-slight.jpg,240,360,98.6065625,35.416540721450616,False,train
c:/Users/Rivan/Projects/AI_Grand_Prix/data/_hf_snapshot/test_50k/20220704230247922-dry-concrete-slight.jpg,DRY,202207042302,dry,concrete,slight,20220704230247922,0d99f49e9c035903e983b037820268caab1730516f7bf13a992f557cda620622,20220704230247922-dry-concrete-slight.jpg,240,360,114.38878472222223,15.229617523871525,False,train
c:/Users/Rivan/Projects/AI_Grand_Prix/data/_hf_snapshot/test_50k/202207042302481007-dry-concrete-slight.jpg,DRY,202207042302,dry,concrete,slight,202207042302481007,6cc6931b9f310e6b2eb7fb447390274852edd930194807c2815ff37c8530a720,202207042302481007-dry-concrete-slight.jpg,240,360,108.86177083333334,15.85189726066851,False,train
c:/Users/Rivan/Projects/AI_Grand_Prix/data/_hf_snapshot/test_50k/202207042302481045-dry-concrete-slight.jpg,DRY,202207042302,dry,concrete,slight,202207042302481045,b36d110e066ff0c70718be8bb132ecbe159cb542b2bf7c5828a1b2029b315542,202207042302481045-dry-concrete-slight.jpg,240,360,83.75835648148148,22.522353776041665,False,train
c:/Users/Rivan/Projects/AI_Grand_Prix/data/_hf_snapshot/test_50k/202207071734591091-wet-asphalt-smooth.jpg,DAMP,202207071734,wet,asphalt,smooth,202207071734591091,c5657139d0e483d8bf6d041963ad39718d56d0b144f51ba5b6506f416ad3cf80,202207071734591091-wet-asphalt-smooth.jpg,240,360,150.1171412037037,122.76996651020234,False,train
c:/Users/Rivan/Projects/AI_Grand_Prix/data/_hf_snapshot/test_50k/20220707173510623-wet-asphalt-smooth.jpg,DAMP,202207071735,wet,asphalt,smooth,20220707173510623,322eedcf9919a5d6aa17e94af154c6a5722bb461bacd0a4feffb7ad0033bc67c,20220707173510623-wet-asphalt-smooth.jpg,240,360,131.4555787037037,133.2794390848712,False,train
c:/Users/Rivan/Projects/AI_Grand_Prix/data/_hf_snapshot/test_50k/202207071735141364-wet-asphalt-slight.jpg,DAMP,202207071735,wet,asphalt,slight,202207071735141364,3e534ddc88b81625fb0be99d5ce5f18b39fb1c6727ab22554e7cbd10d61bc27b,202207071735141364-wet-asphalt-slight.jpg,240,360,135.93987268518518,174.33977794924556,False,train
c:/Users/Rivan/Projects/AI_Grand_Prix/data/_hf_snapshot/test_50k/202207071735151523-wet-asphalt-slight.jpg,DAMP,202207071735,wet,asphalt,slight,202207071735151523,dbaae8a9e3adb2af905bb248d3e6844b00a83896683c4718020b4c9a40bf8b22,202207071735151523-wet-asphalt-slight.jpg,240,360,117.95083333333334,566.9413101689761,False,train
c:/Users/Rivan/Projects/AI_Grand_Prix/data/_hf_snapshot/test_50k/202207071735171808-wet-concrete-smooth.jpg,DAMP,202207071735,wet,concrete,smooth,202207071735171808,edeb77e9ba42c62880d66db9ee0fe795e610878a014c8f986967a7273e066858,202207071735171808-wet-concrete-smooth.jpg,240,360,130.6553240740741,77.31436171540102,False,train
c:/Users/Rivan/Projects/AI_Grand_Prix/data/_hf_snapshot/test_50k/202207071735171890-wet-concrete-smooth.jpg,DAMP,202207071735,wet,concrete,smooth,202207071735171890,cc96e0eeae58eef1480a1018f5085e8ce96752b866fe39a92de07b849df8f994,202207071735171890-wet-concrete-smooth.jpg,240,360,116.71783564814815,13.899936052035107,False,train
c:/Users/Rivan/Projects/AI_Grand_Prix/data/_hf_snapshot/test_50k/202207071805532-wet-asphalt-slight.jpg,DAMP,202207071805,wet,asphalt,slight,202207071805532,da50bb5c26fb41697492e556c0b250c255418112ec00059ec1bccaf6c122da82,202207071805532-wet-asphalt-slight.jpg,240,360,213.81098379629628,147.77492035108023,False,train
c:/Users/Rivan/Projects/AI_Grand_Prix/data/_hf_snapshot/test_50k/20220707180554104-wet-asphalt-slight.jpg,DAMP,202207071805,wet,asphalt,slight,20220707180554104,e647dcc5e6e541e6484fe6e7d16e5da5f9de19ee06b89e5874c9df5269d45fcb,20220707180554104-wet-asphalt-slight.jpg,240,360,162.91199074074075,530.6475088379576,False,train
c:/Users/Rivan/Projects/AI_Grand_Prix/data/_hf_snapshot/test_50k/2022070718055479-wet-asphalt-slight.jpg,DAMP,202207071805,wet,asphalt,slight,2022070718055479,641d60d6dc27a4f4fc88f5c8e7fe038a560dc6842fec01591f604a0d49545d5f,2022070718055479-wet-asphalt-slight.jpg,240,360,129.25857638888888,76.55455884559328,False,train
c:/Users/Rivan/Projects/AI_Grand_Prix/data/_hf_snapshot/test_50k/2022070718055486-wet-asphalt-slight.jpg,DAMP,202207071805,wet,asphalt,slight,2022070718055486,2803abd6bb4daffe26d89a53a6a81dd3f69c6d031ac36c692f6bc5bff8cf9eb8,2022070718055486-wet-asphalt-slight.jpg,240,360,126.79318287037037,264.5285971674329,False,train
c:/Users/Rivan/Projects/AI_Grand_Prix/data/_hf_snapshot/test_50k/2022070718055488-wet-asphalt-slight.jpg,DAMP,202207071805,wet,asphalt,slight,2022070718055488,96abc09b4da169847c1ba8593a9ef40fd13647541cf30e2f6fb8423ad4044199,2022070718055488-wet-asphalt-slight.jpg,240,360,128.6254050925926,140.48184177262837,False,train
c:/Users/Rivan/Projects/AI_Grand_Prix/data/_hf_snapshot/test_50k/2022070718055499-wet-asphalt-slight.jpg,DAMP,202207071805,wet,asphalt,slight,2022070718055499,f85c15a98a5503c313a6ce0c6e25de554ddb28f6f5dcc035686cd4a2d0c6d51e,2022070718055499-wet-asphalt-slight.jpg,240,360,130.10190972222222,74.3560040497203,False,train
c:/Users/Rivan/Projects/AI_Grand_Prix/data/_hf_snapshot/test_50k/20220707180557585-wet-asphalt-slight.jpg,DAMP,202207071805,wet,asphalt,slight,20220707180557585,94ab3bcee206cd581dee761595c81eb669ea5e0a2676c398d3ddde0cd9cd57d3,20220707180557585-wet-asphalt-slight.jpg,240,360,120.2025925925926,60.58314628290039,False,train
c:/Users/Rivan/Projects/AI_Grand_Prix/data/_hf_snapshot/test_50k/20220707180557598-wet-asphalt-slight.jpg,DAMP,202207071805,wet,asphalt,slight,20220707180557598,37c36e4402d1322f20dde3dd4005173cf417fad10e3f2a904382823ffc4f459b,20220707180557598-wet-asphalt-slight.jpg,240,360,108.88703703703703,58.64880505387839,False,train
c:/Users/Rivan/Projects/AI_Grand_Prix/data/_hf_snapshot/test_50k/20220707180557638-wet-asphalt-smooth.jpg,DAMP,202207071805,wet,asphalt,smooth,20220707180557638,394f655495910624c926c3806b9d44f0c4e4bfddb5d2af9ab946b9d2198e9a85,20220707180557638-wet-asphalt-smooth.jpg,240,360,110.19892361111111,77.17716630444102,False,train
c:/Users/Rivan/Projects/AI_Grand_Prix/data/_hf_snapshot/test_50k/20220707180558800-wet-asphalt-slight.jpg,DAMP,202207071805,wet,asphalt,slight,20220707180558800,ceb48bd6212ba52ff509304826f077e7f184b0d7c9b9c290ed72cca10d012686,20220707180558800-wet-asphalt-slight.jpg,240,360,112.11255787037037,30.05406143890925,False,train
c:/Users/Rivan/Projects/AI_Grand_Prix/data/_hf_snapshot/test_50k/20220707180558893-wet-asphalt-slight.jpg,DAMP,202207071805,wet,asphalt,slight,20220707180558893,95547173fc94a42dbd056840b4bb07c99b624e9cd2a3d5adabe4461764ac562b,20220707180558893-wet-asphalt-slight.jpg,240,360,140.0819212962963,95.55784025848764,False,train
c:/Users/Rivan/Projects/AI_Grand_Prix/data/_hf_snapshot/test_50k/20220707180558899-wet-asphalt-slight.jpg,DAMP,202207071805,wet,asphalt,slight,20220707180558899,12d54ffb4505228a40d07a9257d4018f72146764606200a2457dcd3a7e8f0299,20220707180558899-wet-asphalt-slight.jpg,240,360,114.6730324074074,41.527158387854726,False,train
c:/Users/Rivan/Projects/AI_Grand_Prix/data/_hf_snapshot/test_50k/202207071805591055-wet-asphalt-slight.jpg,DAMP,202207071805,wet,asphalt,slight,202207071805591055,6cf9d82494d516d176be65eb4c3414d64c9e2907e0de0d4cd27a4ca5351532db,202207071805591055-wet-asphalt-slight.jpg,240,360,118.49231481481482,43.37713062615205,False,train
c:/Users/Rivan/Projects/AI_Grand_Prix/data/_hf_snapshot/test_50k/202207071805591127-wet-asphalt-slight.jpg,DAMP,202207071805,wet,asphalt,slight,202207071805591127,9ac7d017c20479b117a8002c8a5c87aeaa7086e6f178963411eea287a102b549,202207071805591127-wet-asphalt-slight.jpg,240,360,103.44868055555555,109.97608984361605,False,train
c:/Users/Rivan/Projects/AI_Grand_Prix/data/_hf_snapshot/test_50k/20220707180559972-wet-asphalt-slight.jpg,DAMP,202207071805,wet,asphalt,slight,20220707180559972,33be15fbc7e11c1ab675daea1a7769593aea9a5db96d92279f8852025e212bd8,20220707180559972-wet-asphalt-slight.jpg,240,360,128.6642824074074,228.34101795575594,False,train
c:/Users/Rivan/Projects/AI_Grand_Prix/data/_hf_snapshot/test_50k/202207071806011384-wet-asphalt-slight.jpg,DAMP,202207071806,wet,asphalt,slight,202207071806011384,a914ea767e6bec2f190834d7dcc9bce94821b16da1127a05a3536a0b6983b751,202207071806011384-wet-asphalt-slight.jpg,240,360,122.84319444444445,69.39346861925584,False,train
c:/Users/Rivan/Projects/AI_Grand_Prix/data/_hf_snapshot/test_50k/202207071806011503-wet-asphalt-slight.jpg,DAMP,202207071806,wet,asphalt,slight,202207071806011503,e10889ce595c27a848708f2e6724c83a722b4f1c447e1cdf1cc6dd1025d0a599,202207071806011503-wet-asphalt-slight.jpg,240,360,126.31253472222222,396.5588668390722,False,train
c:/Users/Rivan/Projects/AI_Grand_Prix/data/_hf_snapshot/test_50k/202207071806031830-wet-asphalt-slight.jpg,DAMP,202207071806,wet,asphalt,slight,202207071806031830,c55810ded6ae970b41cde7794eb7f99d98ec69e0a52f7fd9c200f6b009931937,202207071806031830-wet-asphalt-slight.jpg,240,360,128.3945486111111,315.25438657394005,False,train
c:/Users/Rivan/Projects/AI_Grand_Prix/data/_hf_snapshot/test_50k/20220707180608889-wet-asphalt-smooth.jpg,DAMP,202207071806,wet,asphalt,smooth,20220707180608889,85992e8fbf6411bbef7785c6799d1a8ef80fc7966b468297316c3fdfa178720a,20220707180608889-wet-asphalt-smooth.jpg,240,360,119.10496527777778,38.89287784194423,False,train
c:/Users/Rivan/Projects/AI_Grand_Prix/data/_hf_snapshot/test_50k/202207071920001307-water-concrete-smooth.jpg,WET,202207071920,water,concrete,smooth,202207071920001307,8d893a0bd336e2c15a27fd31a5f481d137aa943bfef98b79df950ed3c037a997,202207071920001307-water-concrete-smooth.jpg,240,360,115.42729166666666,28.888587720630785,False,train
c:/Users/Rivan/Projects/AI_Grand_Prix/data/_hf_snapshot/test_50k/202207071920011423-water-concrete-smooth.jpg,WET,202207071920,water,concrete,smooth,202207071920011423,f9ecd393ee2e404b9fe5d147c4606dd870f825bc62b7a43c45cc3dc6f18d1371,202207071920011423-water-concrete-smooth.jpg,240,360,104.75899305555555,9.566921122685187,False,train
c:/Users/Rivan/Projects/AI_Grand_Prix/data/_hf_snapshot/test_50k/202207071920011488-water-concrete-smooth.jpg,WET,202207071920,water,concrete,smooth,202207071920011488,1806a8d23b6b22c6b13271f6bc434665c446525b6a5ff489963c9bbaeef0d2dd,202207071920011488-water-concrete-smooth.jpg,240,360,114.00979166666667,26.255185011574074,False,train
c:/Users/Rivan/Projects/AI_Grand_Prix/data/_hf_snapshot/test_50k/202207071920021753-water-concrete-smooth.jpg,WET,202207071920,water,concrete,smooth,202207071920021753,3dbaf6bf6fc74a48d39d0da8efcab16e458776afecf7f2d9fed05121ca58d01e,202207071920021753-water-concrete-smooth.jpg,240,360,163.62582175925925,32.63621117527756,False,train
c:/Users/Rivan/Projects/AI_Grand_Prix/data/_hf_snapshot/test_50k/202207071920031796-water-concrete-smooth.jpg,WET,202207071920,water,concrete,smooth,202207071920031796,66924ca6679d9c474e290f50ec47b6c021a4ca15fb89efce67a3ac958af1a821,202207071920031796-water-concrete-smooth.jpg,240,360,120.52260416666667,227.0330850789556,False,train
c:/Users/Rivan/Projects/AI_Grand_Prix/data/_hf_snapshot/test_50k/20220707192005234-water-concrete-smooth.jpg,WET,202207071920,water,concrete,smooth,20220707192005234,b8e6e80f6fe11db5ca43123c3ee3260cda732285308adc87c4784c6756191366,20220707192005234-water-concrete-smooth.jpg,240,360,130.1151851851852,104.98047472980431,False,train
c:/Users/Rivan/Projects/AI_Grand_Prix/data/_hf_snapshot/test_50k/20220707192005284-wet-concrete-smooth.jpg,DAMP,202207071920,wet,concrete,smooth,20220707192005284,4894bc77e71eefb36a32c63cbb85505c5ba06749948fbed56a7a0042a300e2a3,20220707192005284-wet-concrete-smooth.jpg,240,360,139.8522800925926,199.30289303626546,False,train
c:/Users/Rivan/Projects/AI_Grand_Prix/data/_hf_snapshot/test_50k/20220707192005342-water-concrete-smooth.jpg,WET,202207071920,water,concrete,smooth,20220707192005342,e1c5a67b53e51a0908c9394009eef3bfe8ea2533d072d5c525cf6f485ce9a6e3,20220707192005342-water-concrete-smooth.jpg,240,360,141.1719097222222,34.268714263840664,False,train
c:/Users/Rivan/Projects/AI_Grand_Prix/data/_hf_snapshot/test_50k/20220707192005343-wet-concrete-smooth.jpg,DAMP,202207071920,wet,concrete,smooth,20220707192005343,c20b9220bb38f0761c828620382efb2c2257977def0ef94dac67b378b2f8b837,20220707192005343-wet-concrete-smooth.jpg,240,360,139.37256944444445,163.861432707476,False,train
c:/Users/Rivan/Projects/AI_Grand_Prix/data/_hf_snapshot/test_50k/202207071920101214-wet-concrete-smooth.jpg,DAMP,202207071920,wet,concrete,smooth,202207071920101214,9d93b47857f2bff576d4080178838c9aa292b5bf7d68dcf9f25e66e34ec7d0cb,202207071920101214-wet-concrete-smooth.jpg,240,360,120.1842361111111,43.44051084948881,False,train
c:/Users/Rivan/Projects/AI_Grand_Prix/data/_hf_snapshot/test_50k/202207071920121542-wet-concrete-smooth.jpg,DAMP,202207071920,wet,concrete,smooth,202207071920121542,2fc7adb127f368017be627c99eb298331fb45773bc4417500ecaeb4efa6d9d53,202207071920121542-wet-concrete-smooth.jpg,240,360,133.03547453703703,59.45944810836227,False,train
c:/Users/Rivan/Projects/AI_Grand_Prix/data/_hf_snapshot/test_50k/202207071920131720-wet-concrete-smooth.jpg,DAMP,202207071920,wet,concrete,smooth,202207071920131720,596ba7ce55ab6b80583f878a09f4ee9d4930db05d4f0cf529db7f056bd4811f9,202207071920131720-wet-concrete-smooth.jpg,240,360,113.24092592592592,30.662997389269332,False,train
c:/Users/Rivan/Projects/AI_Grand_Prix/data/_hf_snapshot/test_50k/202207071920131770-wet-concrete-smooth.jpg,DAMP,202207071920,wet,concrete,smooth,202207071920131770,ac8665236390296bc43caa011de787a50ca15378122892f646f2cb7cad9297b6,202207071920131770-wet-concrete-smooth.jpg,240,360,134.14792824074075,26.371984945130315,False,train
c:/Users/Rivan/Projects/AI_Grand_Prix/data/_hf_snapshot/test_50k/202207071920131871-wet-concrete-severe.jpg,DAMP,202207071920,wet,concrete,severe,202207071920131871,bde2a05d1c9c55299403c7720b8b4aef4a51fc284a9b5da5b10695f6ba6bbb13,202207071920131871-wet-concrete-severe.jpg,240,360,117.04359953703704,9.624403870750813,False,train
c:/Users/Rivan/Projects/AI_Grand_Prix/data/_hf_snapshot/test_50k/202207071920131878-wet-concrete-smooth.jpg,DAMP,202207071920,wet,concrete,smooth,202207071920131878,dd86f8f5273a4b88ca7aeacbb2b6d81b25e3cad0a8d8828d17455ce46989e722,202207071920131878-wet-concrete-smooth.jpg,240,360,134.0069675925926,25.399686746479553,False,train
c:/Users/Rivan/Projects/AI_Grand_Prix/data/_hf_snapshot/test_50k/202207071920141956-wet-concrete-smooth.jpg,DAMP,202207071920,wet,concrete,smooth,202207071920141956,993f5a8df3ff66ebdb412c41cbaf94492df5279cb979dd70e3336d3861d21820,202207071920141956-wet-concrete-smooth.jpg,240,360,119.96170138888888,109.29352499879437,False,train
c:/Users/Rivan/Projects/AI_Grand_Prix/data/_hf_snapshot/test_50k/20220707192016348-wet-concrete-smooth.jpg,DAMP,202207071920,wet,concrete,smooth,20220707192016348,aa1695cf804fe261d6b8d153bc133a716f1fc96c63532bb5a7cfbbfdf18b4eee,20220707192016348-wet-concrete-smooth.jpg,240,360,129.6651388888889,47.77637384245863,False,train
c:/Users/Rivan/Projects/AI_Grand_Prix/data/_hf_snapshot/test_50k/20220707192016454-wet-concrete-smooth.jpg,DAMP,202207071920,wet,concrete,smooth,20220707192016454,74d9d45c041b65bee059d06f675dd3a3ff4f980f05864d29e2f58acc37403d50,20220707192016454-wet-concrete-smooth.jpg,240,360,132.15320601851852,18.86818084370178,False,train
c:/Users/Rivan/Projects/AI_Grand_Prix/data/_hf_snapshot/test_50k/20220707192018708-wet-concrete-smooth.jpg,DAMP,202207071920,wet,concrete,smooth,20220707192018708,d17ded6c96d15eed0446f4c81883acc715aad3e83530b34d32b232942183e6c3,20220707192018708-wet-concrete-smooth.jpg,240,360,127.04113425925927,134.3538507967893,False,train
c:/Users/Rivan/Projects/AI_Grand_Prix/data/_hf_snapshot/test_50k/202207071920221485-wet-concrete-smooth.jpg,DAMP,202207071920,wet,concrete,smooth,202207071920221485,a6da99a104eaecd7c61c11ed89d844d9bae5e7f3e404eaaf53a21967c3567092,202207071920221485-wet-concrete-smooth.jpg,240,360,135.28364583333334,139.91177286830742,False,train
c:/Users/Rivan/Projects/AI_Grand_Prix/data/_hf_snapshot/test_50k/202207071920241804-wet-concrete-smooth.jpg,DAMP,202207071920,wet,concrete,smooth,202207071920241804,851e4a24848fb57b991765741d095af4e51f3db9d1caad2a8b7a271e4bc34bfe,202207071920241804-wet-concrete-smooth.jpg,240,360,119.69894675925926,586.322721139832,False,train
c:/Users/Rivan/Projects/AI_Grand_Prix/data/_hf_snapshot/test_50k/20220707194405218-wet-concrete-smooth.jpg,DAMP,202207071944,wet,concrete,smooth,20220707194405218,230b03f28e813b10a7293388f320ac8589d90d957d31ec3d62cf01e85e26b5d4,20220707194405218-wet-concrete-smooth.jpg,240,360,158.05280092592594,43.398787379436726,False,train
c:/Users/Rivan/Projects/AI_Grand_Prix/data/_hf_snapshot/test_50k/20220707194405299-wet-concrete-smooth.jpg,DAMP,202207071944,wet,concrete,smooth,20220707194405299,6c25dd21c659a134c46c45826a298daabff7bf4aebb9d35cd4913a9356d68d5d,20220707194405299-wet-concrete-smooth.jpg,240,360,130.7029861111111,97.68934000651042,False,train
c:/Users/Rivan/Projects/AI_Grand_Prix/data/_hf_snapshot/test_50k/20220707194408810-water-asphalt-severe.jpg,WET,202207071944,water,asphalt,severe,20220707194408810,c1d029221e561cbfbf2b454c37be55d0b41e9b7dbe133f334d2b7d0c662ff931,20220707194408810-water-asphalt-severe.jpg,240,360,108.53233796296297,235.56917783551418,False,train
c:/Users/Rivan/Projects/AI_Grand_Prix/data/_hf_snapshot/test_50k/20220707194408848-water-asphalt-severe.jpg,WET,202207071944,water,asphalt,severe,20220707194408848,a3d2bfaa6b6f5bc5aebcfe01872200cc194f0d1abf352c66f72bebf97ff8af48,20220707194408848-water-asphalt-severe.jpg,240,360,97.41608796296296,381.49435717257694,False,train
c:/Users/Rivan/Projects/AI_Grand_Prix/data/_hf_snapshot/test_50k/20220707194408861-water-asphalt-severe.jpg,WET,202207071944,water,asphalt,severe,20220707194408861,2b2390ebcee6dd7ba0ce498ff12b2df0d833f467994a97c058932f5bfad2c8ad,20220707194408861-water-asphalt-severe.jpg,240,360,102.32296296296296,273.1506291761778,False,train
c:/Users/Rivan/Projects/AI_Grand_Prix/data/_hf_snapshot/test_50k/20220707194409961-wet-asphalt-slight.jpg,DAMP,202207071944,wet,asphalt,slight,20220707194409961,64b3aea712effc749d9aa0890aa01f63b5273fed2eabb79f999ec18cd717178c,20220707194409961-wet-asphalt-slight.jpg,240,360,118.50016203703704,148.74848319495348,False,train
c:/Users/Rivan/Projects/AI_Grand_Prix/data/_hf_snapshot/test_50k/202207071944141843-wet-asphalt-slight.jpg,DAMP,202207071944,wet,asphalt,slight,202207071944141843,3189275c462259f4729c26d8941d3c11e0c1b7fe883fa268ae1de1fb72780486,202207071944141843-wet-asphalt-slight.jpg,240,360,121.77876157407407,84.53304100745349,False,train
c:/Users/Rivan/Projects/AI_Grand_Prix/data/_hf_snapshot/test_50k/202207071944141844-wet-asphalt-smooth.jpg,DAMP,202207071944,wet,asphalt,smooth,202207071944141844,5f3187bb069fdddc926cebb69fe3e7f23de3892e847586a4c7679fd0d0e05f3c,202207071944141844-wet-asphalt-smooth.jpg,240,360,96.62924768518519,573.7456015941144,False,train
c:/Users/Rivan/Projects/AI_Grand_Prix/data/_hf_snapshot/test_50k/202207071944141860-wet-asphalt-slight.jpg,DAMP,202207071944,wet,asphalt,slight,202207071944141860,99052837eea1d5c090f5f516184db0554df91988a8e2fc35efb6abbbc4eb65be,202207071944141860-wet-asphalt-slight.jpg,240,360,110.61447916666667,187.23555040937927,False,train
c:/Users/Rivan/Projects/AI_Grand_Prix/data/_hf_snapshot/test_50k/20220707194417475-wet-asphalt-slight.jpg,DAMP,202207071944,wet,asphalt,slight,20220707194417475,0710e2c9f26cac3ab1b348c245bee05b5058386598eb0913d80eff24aa4d9fc3,20220707194417475-wet-asphalt-slight.jpg,240,360,103.43108796296296,457.51418695934063,False,train
c:/Users/Rivan/Projects/AI_Grand_Prix/data/_hf_snapshot/test_50k/20220707194418569-wet-asphalt-smooth.jpg,DAMP,202207071944,wet,asphalt,smooth,20220707194418569,53152d74acf035fb96d61c8e41207f349563c75d318fb8ff279376e4d5d4715b,20220707194418569-wet-asphalt-smooth.jpg,240,360,120.54504629629629,71.45085354723938,False,train
c:/Users/Rivan/Projects/AI_Grand_Prix/data/_hf_snapshot/test_50k/20220707194418606-wet-asphalt-severe.jpg,DAMP,202207071944,wet,asphalt,severe,20220707194418606,c6fc058824f04cfdc1f4f705f1c1a2757ee24db6f76978a863cef2ec2927ec07,20220707194418606-wet-asphalt-severe.jpg,240,360,127.85280092592592,169.37931805073302,False,train
c:/Users/Rivan/Projects/AI_Grand_Prix/data/_hf_snapshot/test_50k/20220707194418647-wet-concrete-severe.jpg,DAMP,202207071944,wet,concrete,severe,20220707194418647,9e688194f26928d43d8bd41099ab6f5f4bd5b35f16e80ca2921a5661ac6a9f6e,20220707194418647-wet-concrete-severe.jpg,240,360,129.29532407407407,93.99307355752744,False,train
c:/Users/Rivan/Projects/AI_Grand_Prix/data/_hf_snapshot/test_50k/202207071944211280-wet-asphalt-smooth.jpg,DAMP,202207071944,wet,asphalt,smooth,202207071944211280,b097d7e34d4e373209fe68f966679bd438152039564bc37e9a0a2c980b870505,202207071944211280-wet-asphalt-smooth.jpg,240,360,124.44516203703704,186.88983834863146,False,train
c:/Users/Rivan/Projects/AI_Grand_Prix/data/_hf_snapshot/test_50k/202207071944221438-wet-asphalt-smooth.jpg,DAMP,202207071944,wet,asphalt,smooth,202207071944221438,b3fbfa8507ab1cb525fe75f0ec4e831f63147776b4c551ebb18282b4d6ae6e43,202207071944221438-wet-asphalt-smooth.jpg,240,360,117.41326388888889,102.98597263160151,False,train
c:/Users/Rivan/Projects/AI_Grand_Prix/data/_hf_snapshot/test_50k/20220707194427266-wet-concrete-smooth.jpg,DAMP,202207071944,wet,concrete,smooth,20220707194427266,6897ee4fa6526844b6fc54510be982916f53ae63954d5947ea4cbfe84c7cdf2e,20220707194427266-wet-concrete-smooth.jpg,240,360,119.07644675925926,4.537800306498628,False,train
c:/Users/Rivan/Projects/AI_Grand_Prix/data/_hf_snapshot/test_50k/20220707194427295-wet-concrete-smooth.jpg,DAMP,202207071944,wet,concrete,smooth,20220707194427295,b1b901360799d518f7631a802de12501cb1d8b0994d962f5703d6125cabf0110,20220707194427295-wet-concrete-smooth.jpg,240,360,114.22606481481482,5.716006306664737,False,train
c:/Users/Rivan/Projects/AI_Grand_Prix/data/_hf_snapshot/test_50k/20220707194428532-wet-concrete-smooth.jpg,DAMP,202207071944,wet,concrete,smooth,20220707194428532,11fb0385d00ee31f309a284585a84ca86bf16f163cf3071a5aa94baefdb428f6,20220707194428532-wet-concrete-smooth.jpg,240,360,115.49579861111111,10.981585625509044,False,train
c:/Users/Rivan/Projects/AI_Grand_Prix/data/_hf_snapshot/test_50k/20220707194428597-wet-concrete-smooth.jpg,DAMP,202207071944,wet,concrete,smooth,20220707194428597,2cf3e2aea1d02079fe68eee49cf838d177b8c4a58b10a566b183155bd18ffee7,20220707194428597-wet-concrete-smooth.jpg,240,360,135.10891203703704,18.856735956254287,False,train
c:/Users/Rivan/Projects/AI_Grand_Prix/data/_hf_snapshot/test_50k/20220707194429733-wet-concrete-smooth.jpg,DAMP,202207071944,wet,concrete,smooth,20220707194429733,7700ce41ea95719fb3d47768a7fbbadd09a81df811e0979da99540b5f594aaf5,20220707194429733-wet-concrete-smooth.jpg,240,360,132.84015046296295,55.182465030087236,False,train
c:/Users/Rivan/Projects/AI_Grand_Prix/data/_hf_snapshot/test_50k/202207071944331508-wet-concrete-smooth.jpg,DAMP,202207071944,wet,concrete,smooth,202207071944331508,1198b96417a0f953e0c28030d2e5a013e8efa195ffe275b67ed16b079b61732f,202207071944331508-wet-concrete-smooth.jpg,240,360,121.43019675925926,5.351319109546468,False,train
c:/Users/Rivan/Projects/AI_Grand_Prix/data/_hf_snapshot/test_50k/20220707194436307-wet-concrete-smooth.jpg,DAMP,202207071944,wet,concrete,smooth,20220707194436307,f5f3814abe82f59ac15ca944fd0de19bff19097e776aa930ed17cde175589f93,20220707194436307-wet-concrete-smooth.jpg,240,360,129.84087962962963,4.220751435908565,False,train
c:/Users/Rivan/Projects/AI_Grand_Prix/data/_hf_snapshot/test_50k/20220707194437433-wet-concrete-smooth.jpg,DAMP,202207071944,wet,concrete,smooth,20220707194437433,3a7937a0a6427327ee1ec15cfde78a7a0297b2bcc18005562fa1012ff6e31491,20220707194437433-wet-concrete-smooth.jpg,240,360,137.1980324074074,49.193076962770064,False,train
c:/Users/Rivan/Projects/AI_Grand_Prix/data/_hf_snapshot/test_50k/20220707194438631-wet-concrete-smooth.jpg,DAMP,202207071944,wet,concrete,smooth,20220707194438631,bd521cb0b4b6f4b268c2c170df3520eed19ff80011c1ea46793a66ec52e5e1c8,20220707194438631-wet-concrete-smooth.jpg,240,360,124.33033564814815,2.7032406759044925,False,train
c:/Users/Rivan/Projects/AI_Grand_Prix/data/_hf_snapshot/test_50k/20220707194439674-wet-concrete-slight.jpg,DAMP,202207071944,wet,concrete,slight,20220707194439674,ba24a1b2c271765b1f2d85e99d19e3b75a115084594af61534719c658919ecf1,20220707194439674-wet-concrete-slight.jpg,240,360,131.98564814814816,17.211016323731137,False,train
c:/Users/Rivan/Projects/AI_Grand_Prix/data/_hf_snapshot/test_50k/20220707194448387-wet-concrete-smooth.jpg,DAMP,202207071944,wet,concrete,smooth,20220707194448387,4bc818b57961950c67a80ef72a0c6eda6b0919c6dfc235c387c6cb2c473b4ae5,20220707194448387-wet-concrete-smooth.jpg,240,360,114.20085648148148,11.786607735205546,False,train
c:/Users/Rivan/Projects/AI_Grand_Prix/data/_hf_snapshot/test_50k/20220709134300814-dry-asphalt-smooth.jpg,DRY,202207091343,dry,asphalt,smooth,20220709134300814,c293f9fbb54035e0c86903075c286e4c804d30b2aeb424e8eed0b0b8a1577a07,20220709134300814-dry-asphalt-smooth.jpg,240,360,116.999375,69.95559162326389,False,train
c:/Users/Rivan/Projects/AI_Grand_Prix/data/_hf_snapshot/test_50k/20220709134308504-water-concrete-slight.jpg,WET,202207091343,water,concrete,slight,20220709134308504,68036ef58929345a896fda6bf3ece896543df6593ddd3fb8f2ca1aaa85949259,20220709134308504-water-concrete-slight.jpg,240,360,125.06436342592593,7.260486020554699,False,train
c:/Users/Rivan/Projects/AI_Grand_Prix/data/_hf_snapshot/test_50k/202207091343101-wet-asphalt-smooth.jpg,DAMP,202207091343,wet,asphalt,smooth,202207091343101,f11c0662e43aeec15f349ec2354cc8aaf4662f9359fd7fa72f00ef0f50fa8d23,202207091343101-wet-asphalt-smooth.jpg,240,360,134.2163888888889,77.07099314115547,False,train
c:/Users/Rivan/Projects/AI_Grand_Prix/data/_hf_snapshot/test_50k/20220709134310148-wet-asphalt-smooth.jpg,DAMP,202207091343,wet,asphalt,smooth,20220709134310148,655996e976ea1118a035de624ce261d95c155ae8d0e925dacccda73c970e986e,20220709134310148-wet-asphalt-smooth.jpg,240,360,120.6135300925926,235.35238944133658,False,train
c:/Users/Rivan/Projects/AI_Grand_Prix/data/_hf_snapshot/test_50k/20220709134317458-dry-asphalt-smooth.jpg,DRY,202207091343,dry,asphalt,smooth,20220709134317458,7e7e225ca61e42c8b62e2d1d92148175560075fc175afe81c8db46e93fab8269,20220709134317458-dry-asphalt-smooth.jpg,240,360,135.88078703703704,64.1181259211034,False,train
c:/Users/Rivan/Projects/AI_Grand_Prix/data/_hf_snapshot/test_50k/20220709134322563-dry-asphalt-slight.jpg,DRY,202207091343,dry,asphalt,slight,20220709134322563,a78ead0b0d7701059778293c2c8b7a5c3883be71575b21860ead69087c3c5c1f,20220709134322563-dry-asphalt-slight.jpg,240,360,123.31364583333334,21.41997437414266,False,train
c:/Users/Rivan/Projects/AI_Grand_Prix/data/_hf_snapshot/test_50k/2022070913432466-wet-asphalt-slight.jpg,DAMP,202207091343,wet,asphalt,slight,2022070913432466,04135deb37f67107139a1fbc0142059624f21c6242e427a3d9d17cc4f5059944,2022070913432466-wet-asphalt-slight.jpg,240,360,107.25337962962963,52.50813860543124,False,train
c:/Users/Rivan/Projects/AI_Grand_Prix/data/_hf_snapshot/test_50k/20220709134326594-water-asphalt-severe.jpg,WET,202207091343,water,asphalt,severe,20220709134326594,2903ae98a03c863b3fea37b148cdf8543fee3d792d20aa801d269ec6ea7d93b8,20220709134326594-water-asphalt-severe.jpg,240,360,116.65997685185185,74.82868395691337,False,train
c:/Users/Rivan/Projects/AI_Grand_Prix/data/_hf_snapshot/test_50k/20220709134327635-wet-asphalt-slight.jpg,DAMP,202207091343,wet,asphalt,slight,20220709134327635,4168ed2eabfd4b24f68dd20c28b75ed83e0dd1dd0f0a5f15c6eea5d1c9f04dbb,20220709134327635-wet-asphalt-slight.jpg,240,360,111.16354166666666,84.30220410544732,False,train
c:/Users/Rivan/Projects/AI_Grand_Prix/data/_hf_snapshot/test_50k/20220709134332678-dry-asphalt-slight.jpg,DRY,202207091343,dry,asphalt,slight,20220709134332678,64c65a61f8bfda30fff40b312eba408b50471ab5b704a3f7b6b29b5f5e1e9d27,20220709134332678-dry-asphalt-slight.jpg,240,360,89.96817129629629,24.8809362910183,False,train
c:/Users/Rivan/Projects/AI_Grand_Prix/data/_hf_snapshot/test_50k/20220709134333120-water-asphalt-severe.jpg,WET,202207091343,water,asphalt,severe,20220709134333120,92a346faa57c94eb745b338e3ecf37a91f89d59416ae0549b57f29e8d1cc9117,20220709134333120-water-asphalt-severe.jpg,240,360,94.55652777777777,6.54424642476316,False,train
c:/Users/Rivan/Projects/AI_Grand_Prix/data/_hf_snapshot/test_50k/2022070913433331-water-asphalt-severe.jpg,WET,202207091343,water,asphalt,severe,2022070913433331,4754560b8fb2f1503d27bc2fb0f8d80028c3bdb3c7ebdf4538ce7a3c9502b543,2022070913433331-water-asphalt-severe.jpg,240,360,85.43685185185186,16.096018304183815,False,train
c:/Users/Rivan/Projects/AI_Grand_Prix/data/_hf_snapshot/test_50k/20220709134339248-water-asphalt-severe.jpg,WET,202207091343,water,asphalt,severe,20220709134339248,375f7a5962aac4fd27fbf7f23e5a0d2e4a0835001736193da8019e8f123c3e07,20220709134339248-water-asphalt-severe.jpg,240,360,102.02466435185185,28.546261197782705,False,train
c:/Users/Rivan/Projects/AI_Grand_Prix/data/_hf_snapshot/test_50k/20220709134341728-wet-asphalt-severe.jpg,DAMP,202207091343,wet,asphalt,severe,20220709134341728,de522fcab8f55d26e0ed82078691dd7402bc32f9ae486abbbdda197d727ca421,20220709134341728-wet-asphalt-severe.jpg,240,360,115.72193287037037,441.22241646720147,False,train
c:/Users/Rivan/Projects/AI_Grand_Prix/data/_hf_snapshot/test_50k/20220709134343104-water-concrete-severe.jpg,WET,202207091343,water,concrete,severe,20220709134343104,9ef78c016aa5f9e032e7a4a82942a586648604bec7615d4df543353039bc2b87,20220709134343104-water-concrete-severe.jpg,240,360,122.8366550925926,31.90061282458312,False,train
c:/Users/Rivan/Projects/AI_Grand_Prix/data/_hf_snapshot/test_50k/20220709134344318-water-concrete-severe.jpg,WET,202207091343,water,concrete,severe,20220709134344318,b838bae9659ff37f67cd3650c23b1527258c188b76309e34a1ca7136c6a5feee,20220709134344318-water-concrete-severe.jpg,240,360,79.46907407407407,40.6019898532611,False,train
c:/Users/Rivan/Projects/AI_Grand_Prix/data/_hf_snapshot/test_50k/20220709134345404-water-concrete-severe.jpg,WET,202207091343,water,concrete,severe,20220709134345404,d90b159718da8aacafcb39df76640d0955c3465e83a0d8cf645730371de30158,20220709134345404-water-concrete-severe.jpg,240,360,90.09697916666667,180.20812839506175,False,train
c:/Users/Rivan/Projects/AI_Grand_Prix/data/_hf_snapshot/test_50k/20220709134349388-water-concrete-severe.jpg,WET,202207091343,water,concrete,severe,20220709134349388,41ac70e5b2acd4cbb070124e059fac31c173ff1a9cf28157e7ac15e845946383,20220709134349388-water-concrete-severe.jpg,240,360,113.45230324074075,1080.2084454559704,False,train
c:/Users/Rivan/Projects/AI_Grand_Prix/data/_hf_snapshot/test_50k/20220709134351607-water-concrete-severe.jpg,WET,202207091343,water,concrete,severe,20220709134351607,49f89ddc0dea394cc4c1ec0b7f7e023bb543e38da128ea016acbc5d7e36dbb05,20220709134351607-water-concrete-severe.jpg,240,360,122.02259259259259,173.5515271583505,False,train
c:/Users/Rivan/Projects/AI_Grand_Prix/data/_hf_snapshot/test_50k/20220709134351734-wet-concrete-severe.jpg,DAMP,202207091343,wet,concrete,severe,20220709134351734,bdc7ef3dc4aee78067eef4372982c40b7ad9be86a6020bfd5612c602844c141b,20220709134351734-wet-concrete-severe.jpg,240,360,144.26234953703704,313.4908431390121,False,train
c:/Users/Rivan/Projects/AI_Grand_Prix/data/_hf_snapshot/test_50k/2022070913435246-wet-concrete-severe.jpg,DAMP,202207091343,wet,concrete,severe,2022070913435246,aa3b20b111b340a9441f98974fb89ad8861fdfae7d76c20a1e7bfdece51b02b2,2022070913435246-wet-concrete-severe.jpg,240,360,122.44575231481481,104.83468576375492,False,train
c:/Users/Rivan/Projects/AI_Grand_Prix/data/_hf_snapshot/test_50k/20220709134400368-wet-asphalt-smooth.jpg,DAMP,202207091344,wet,asphalt,smooth,20220709134400368,98d94ec61dd0ef9165825ac84efdbe95f6e8091f93cf7a79e41e423607bb2e82,20220709134400368-wet-asphalt-smooth.jpg,240,360,114.60398148148148,530.6781420898437,False,train
c:/Users/Rivan/Projects/AI_Grand_Prix/data/_hf_snapshot/test_50k/20220709134411385-water-asphalt-severe.jpg,WET,202207091344,water,asphalt,severe,20220709134411385,1451a607a95f97636f5851e16854d9d93cb6576586a6bb5b6bb09da4d028553b,20220709134411385-water-asphalt-severe.jpg,240,360,116.12686342592593,632.3413307270233,False,train
c:/Users/Rivan/Projects/AI_Grand_Prix/data/_hf_snapshot/test_50k/20220709134412507-water-asphalt-severe.jpg,WET,202207091344,water,asphalt,severe,20220709134412507,992ae31895f7e01d4be1bec1b451974969086a78363c105c66d9b68099918327,20220709134412507-water-asphalt-severe.jpg,240,360,135.52552083333333,618.7383214376233,False,train
c:/Users/Rivan/Projects/AI_Grand_Prix/data/_hf_snapshot/test_50k/20220709134412578-water-asphalt-slight.jpg,WET,202207091344,water,asphalt,slight,20220709134412578,49263e2e28ea3c7ecb0916a48d3b9713786533ac123b759aef8a457088ba13ac,20220709134412578-water-asphalt-slight.jpg,240,360,153.03483796296297,183.8207522439504,False,train
c:/Users/Rivan/Projects/AI_Grand_Prix/data/_hf_snapshot/test_50k/20220709134412581-water-asphalt-severe.jpg,WET,202207091344,water,asphalt,severe,20220709134412581,e587793cd356bbce2b453234b051307ea700eabfef614281d4eff02e3d5f79ec,20220709134412581-water-asphalt-severe.jpg,240,360,148.89799768518517,292.8952852575232,False,train
c:/Users/Rivan/Projects/AI_Grand_Prix/data/_hf_snapshot/test_50k/20220709134424887-wet-asphalt-smooth.jpg,DAMP,202207091344,wet,asphalt,smooth,20220709134424887,796987cb99faccffdedeb32fb5dcb63ad1eafd43af5d045a1764f07f7e91cb50,20220709134424887-wet-asphalt-smooth.jpg,240,360,103.86193287037037,78.8939708285108,False,train
c:/Users/Rivan/Projects/AI_Grand_Prix/data/_hf_snapshot/test_50k/20220709134426312-wet-asphalt-smooth.jpg,DAMP,202207091344,wet,asphalt,smooth,20220709134426312,797c577617a486676489f5d51aff8419209b3c46daf657b2151a91e0359dedca,20220709134426312-wet-asphalt-smooth.jpg,240,360,124.26238425925926,61.33100375300069,False,train
c:/Users/Rivan/Projects/AI_Grand_Prix/data/_hf_snapshot/test_50k/20220709134431460-dry-asphalt-slight.jpg,DRY,202207091344,dry,asphalt,slight,20220709134431460,beca994d82a2b4116029e1bd31cd9663972a872cddf97c420cf2a603a2fbe1ea,20220709134431460-dry-asphalt-slight.jpg,240,360,108.89890046296296,500.2019189621913,False,train
c:/Users/Rivan/Projects/AI_Grand_Prix/data/_hf_snapshot/test_50k/20220709134432509-dry-asphalt-slight.jpg,DRY,202207091344,dry,asphalt,slight,20220709134432509,2f535f42d14b0e28de37cf06b010bc70b2258c27f70a1a1c2aa15d3b19d7af3e,20220709134432509-dry-asphalt-slight.jpg,240,360,140.3148263888889,418.87283884977273,False,train
c:/Users/Rivan/Projects/AI_Grand_Prix/data/_hf_snapshot/test_50k/20220709134432543-dry-asphalt-slight.jpg,DRY,202207091344,dry,asphalt,slight,20220709134432543,62ce9308884d5ebe469947ec6404604b2b7922dfa8f95f844b9b2b9bdcb8e2b4,20220709134432543-dry-asphalt-slight.jpg,240,360,121.92284722222222,621.2204039346493,False,train
c:/Users/Rivan/Projects/AI_Grand_Prix/data/_hf_snapshot/test_50k/20220709134433803-dry-asphalt-smooth.jpg,DRY,202207091344,dry,asphalt,smooth,20220709134433803,4fd90c6fce7a54e3c2b9963e031cdc39365ad042b3d668cde75e66e411463bc8,20220709134433803-dry-asphalt-smooth.jpg,240,360,126.32828703703704,113.50483674647955,False,train
c:/Users/Rivan/Projects/AI_Grand_Prix/data/_hf_snapshot/test_50k/20220709134435225-dry-asphalt-smooth.jpg,DRY,202207091344,dry,asphalt,smooth,20220709134435225,eb1450f76c1aac18f08b8174b90da6d03ec5154773a6a866c2e810194602982d,20220709134435225-dry-asphalt-smooth.jpg,240,360,147.63207175925925,176.15309850769464,False,train
c:/Users/Rivan/Projects/AI_Grand_Prix/data/_hf_snapshot/test_50k/20220709134437554-wet-asphalt-slight.jpg,DAMP,202207091344,wet,asphalt,slight,20220709134437554,f6c4abe173ef8e67e8ac7029da52289eae1b99eeaf9191c54495f970db17f24e,20220709134437554-wet-asphalt-slight.jpg,240,360,137.29789351851852,190.3220694121603,False,train
c:/Users/Rivan/Projects/AI_Grand_Prix/data/_hf_snapshot/test_50k/20220709134446439-wet-asphalt-slight.jpg,DAMP,202207091344,wet,asphalt,slight,20220709134446439,bf5908757f43162d48e5dfa5270eb9d49ed1f998e084cd14379fb3ba43b79168,20220709134446439-wet-asphalt-slight.jpg,240,360,109.18028935185185,88.69392570676868,False,train
c:/Users/Rivan/Projects/AI_Grand_Prix/data/_hf_snapshot/test_50k/20220709134449785-water-asphalt-severe.jpg,WET,202207091344,water,asphalt,severe,20220709134449785,6102e3f0c1a2ffb2b04421262f72b6f6710ab01df9bb12e797e19ab2eb0b66b2,20220709134449785-water-asphalt-severe.jpg,240,360,124.53010416666666,238.35645809702933,False,train
c:/Users/Rivan/Projects/AI_Grand_Prix/data/_hf_snapshot/test_50k/20220709134451297-wet-asphalt-slight.jpg,DAMP,202207091344,wet,asphalt,slight,20220709134451297,8961d081904841d2fcc9c4768084ef232c6b876f9d4aae46c13685ee88cf421a,20220709134451297-wet-asphalt-slight.jpg,240,360,117.09393518518519,171.3942375577364,False,train
c:/Users/Rivan/Projects/AI_Grand_Prix/data/_hf_snapshot/test_50k/20220709134451302-wet-concrete-slight.jpg,DAMP,202207091344,wet,concrete,slight,20220709134451302,c28f6d83100bf1171788232dbf7e6687cd49fd9567c5a048d3b217538e197abe,20220709134451302-wet-concrete-slight.jpg,240,360,141.85131944444444,573.0878120068962,False,train
c:/Users/Rivan/Projects/AI_Grand_Prix/data/_hf_snapshot/test_50k/20220709134452509-water-concrete-slight.jpg,WET,202207091344,water,concrete,slight,20220709134452509,f0a053c71d8a5cc75e627597b8db1600f5a607a690817a7d7c2d9e74aae8824b,20220709134452509-water-concrete-slight.jpg,240,360,127.55284722222223,282.73348580246915,False,train
c:/Users/Rivan/Projects/AI_Grand_Prix/data/_hf_snapshot/test_50k/20220711144901111-dry-asphalt-severe.jpg,DRY,202207111449,dry,asphalt,severe,20220711144901111,c201748279b60a347f1a203205d5ac58b19effd1f4f9d6e0bbb81bc8f4143bfa,20220711144901111-dry-asphalt-severe.jpg,240,360,126.91361111111111,957.3949266841349,False,train
c:/Users/Rivan/Projects/AI_Grand_Prix/data/_hf_snapshot/test_50k/20220711144901114-dry-asphalt-severe.jpg,DRY,202207111449,dry,asphalt,severe,20220711144901114,3dc523d98eef6b98ca4f5b80dff90d96cc0f7ee0142b1f5d9d9c200f02c3e1ec,20220711144901114-dry-asphalt-severe.jpg,240,360,114.85251157407407,334.0298914125461,False,train
c:/Users/Rivan/Projects/AI_Grand_Prix/data/_hf_snapshot/test_50k/20220711144903404-dry-asphalt-smooth.jpg,DRY,202207111449,dry,asphalt,smooth,20220711144903404,1b8c9e0b33ebfa52381c2ab9e289588caf6decb85ea96c5e1867b70855148e31,20220711144903404-dry-asphalt-smooth.jpg,240,360,223.96510416666666,2402.656217591387,False,train
c:/Users/Rivan/Projects/AI_Grand_Prix/data/_hf_snapshot/test_50k/20220711144904513-dry-asphalt-smooth.jpg,DRY,202207111449,dry,asphalt,smooth,20220711144904513,46a764a4a55a31331baf145064e9d321748e301d8dab5675f3adbf5e6fa2c9c6,20220711144904513-dry-asphalt-smooth.jpg,240,360,208.10805555555555,4331.9588322509435,False,train
c:/Users/Rivan/Projects/AI_Grand_Prix/data/_hf_snapshot/test_50k/20220711144911622-dry-asphalt-smooth.jpg,DRY,202207111449,dry,asphalt,smooth,20220711144911622,25e93a571d48c19a2cce4fcf815f9ff6c35acd90daf290b6465c7a5f702c9dc1,20220711144911622-dry-asphalt-smooth.jpg,240,360,173.14303240740742,537.8134937623242,False,train
c:/Users/Rivan/Projects/AI_Grand_Prix/data/_hf_snapshot/test_50k/20220711201702800-dry-concrete-smooth.jpg,DRY,202207112017,dry,concrete,smooth,20220711201702800,a18d7acea4b3af791084c8f6f32fcc624569ed531c5278ccd1ffe25ea2e11f6e,20220711201702800-dry-concrete-smooth.jpg,240,360,140.97486111111112,13.700242417775849,False,train
c:/Users/Rivan/Projects/AI_Grand_Prix/data/_hf_snapshot/test_50k/2022071120170333-dry-concrete-smooth.jpg,DRY,202207112017,dry,concrete,smooth,2022071120170333,3d7ecc3010fd9e19a5cb3d8f237a6bbe8581479f643e4a2d9de6f7b08d00ce6d,2022071120170333-dry-concrete-smooth.jpg,240,360,162.3286226851852,38.47612932942708,False,train
c:/Users/Rivan/Projects/AI_Grand_Prix/data/_hf_snapshot/test_50k/20220711201709292-dry-concrete-smooth.jpg,DRY,202207112017,dry,concrete,smooth,20220711201709292,25a491a0831c2ee557976d4a6d81d46722a9e82cdb16dc8ad1700ab03c8e3688,20220711201709292-dry-concrete-smooth.jpg,240,360,223.64913194444443,11.507079989176098,False,train
c:/Users/Rivan/Projects/AI_Grand_Prix/data/_hf_snapshot/test_50k/20220711201714155-dry-concrete-smooth.jpg,DRY,202207112017,dry,concrete,smooth,20220711201714155,370a7305eb4825467774b3f1dc16debff242440eb8227e0ce196274c99e44f78,20220711201714155-dry-concrete-smooth.jpg,240,360,201.6759837962963,2.138124986604081,False,train
c:/Users/Rivan/Projects/AI_Grand_Prix/data/_hf_snapshot/test_50k/2022071120171840-dry-concrete-smooth.jpg,DRY,202207112017,dry,concrete,smooth,2022071120171840,9b1fa53ac0712d64763f66cbfe2ebe7ef4f8e6695b5986cc32a006e5820093d7,2022071120171840-dry-concrete-smooth.jpg,240,360,202.46601851851852,4.88302081069423,False,train
c:/Users/Rivan/Projects/AI_Grand_Prix/data/_hf_snapshot/test_50k/20220711201720453-dry-concrete-smooth.jpg,DRY,202207112017,dry,concrete,smooth,20220711201720453,ecd30c9869f4118f0d4434430a316423754bbb464e383bd613be73faec090f3e,20220711201720453-dry-concrete-smooth.jpg,240,360,219.6728587962963,15.659270829984353,False,train
c:/Users/Rivan/Projects/AI_Grand_Prix/data/_hf_snapshot/test_50k/2022071120172326-dry-concrete-smooth.jpg,DRY,202207112017,dry,concrete,smooth,2022071120172326,954360d64e61056a48dc915c3dd6cd795169bc322d2e4331835d93ef6bf3b4c2,2022071120172326-dry-concrete-smooth.jpg,240,360,227.34847222222223,1.9861554783950615,False,train
c:/Users/Rivan/Projects/AI_Grand_Prix/data/_hf_snapshot/test_50k/20220711201726575-dry-concrete-smooth.jpg,DRY,202207112017,dry,concrete,smooth,20220711201726575,51ad5e32cb628bd33b7146b05f397dafc36e54b04a0d9589a26df09a4592a840,20220711201726575-dry-concrete-smooth.jpg,240,360,204.1305787037037,17.329293852746698,False,train
c:/Users/Rivan/Projects/AI_Grand_Prix/data/_hf_snapshot/test_50k/20220711201729124-dry-concrete-smooth.jpg,DRY,202207112017,dry,concrete,smooth,20220711201729124,f137a5f56ad8901cdb8fb25377a5ee528be38178a860aceefdf2515ad9c889ac,20220711201729124-dry-concrete-smooth.jpg,240,360,222.70527777777778,16.774420601851855,False,train
c:/Users/Rivan/Projects/AI_Grand_Prix/data/_hf_snapshot/test_50k/20220711201729187-dry-concrete-smooth.jpg,DRY,202207112017,dry,concrete,smooth,20220711201729187,555edd0a914b0db4bfb84be03f68e467397732fb55112ac3afcf262058c9390b,20220711201729187-dry-concrete-smooth.jpg,240,360,216.26373842592594,2.4893634225769463,False,train
c:/Users/Rivan/Projects/AI_Grand_Prix/data/_hf_snapshot/test_50k/20220711201731498-dry-concrete-smooth.jpg,DRY,202207112017,dry,concrete,smooth,20220711201731498,32499f6d474b45e0c6c51a6a0cc22f2179be46510216def09f76289651273433,20220711201731498-dry-concrete-smooth.jpg,240,360,204.20414351851852,1.7411226464709788,False,train
c:/Users/Rivan/Projects/AI_Grand_Prix/data/_hf_snapshot/test_50k/20220711201734269-dry-concrete-smooth.jpg,DRY,202207112017,dry,concrete,smooth,20220711201734269,8d077ee5cc689bbc0791335b337244556be98bb04f245cdfe54aa21e1a114916,20220711201734269-dry-concrete-smooth.jpg,240,360,218.5799537037037,2.535543942767275,False,train
c:/Users/Rivan/Projects/AI_Grand_Prix/data/_hf_snapshot/test_50k/20220711201737830-dry-concrete-smooth.jpg,DRY,202207112017,dry,concrete,smooth,20220711201737830,70ae60369dc34adaf7980508e5fa65c5f5dd5a2d107b8f6876aa2464c6e1669a,20220711201737830-dry-concrete-smooth.jpg,240,360,226.2822337962963,1.8023958171242713,False,train
c:/Users/Rivan/Projects/AI_Grand_Prix/data/_hf_snapshot/test_50k/20220711201740334-dry-concrete-smooth.jpg,DRY,202207112017,dry,concrete,smooth,20220711201740334,3f1ddf835c5da8cd3c3947cd3d244b69d66811895fd00e64c4f2fe2df2b00572,20220711201740334-dry-concrete-smooth.jpg,240,360,220.42809027777778,7.84337868441358,False,train
c:/Users/Rivan/Projects/AI_Grand_Prix/data/_hf_snapshot/test_50k/20220711201741617-dry-concrete-smooth.jpg,DRY,202207112017,dry,concrete,smooth,20220711201741617,ea03a44e0e9ad025e5e1f39c398cec8e52363af14d165b440f915f5cff65f374,20220711201741617-dry-concrete-smooth.jpg,240,360,208.15780092592593,3.4337842237600746,False,train
c:/Users/Rivan/Projects/AI_Grand_Prix/data/_hf_snapshot/test_50k/20220711201748834-dry-concrete-smooth.jpg,DRY,202207112017,dry,concrete,smooth,20220711201748834,bfb9559bc3d652f69c61e85500b1d9c04b033d07b3874ed2721de3731d9e260a,20220711201748834-dry-concrete-smooth.jpg,240,360,232.0012152777778,2.787117620322145,False,train
c:/Users/Rivan/Projects/AI_Grand_Prix/data/_hf_snapshot/test_50k/20220711201750343-dry-concrete-smooth.jpg,DRY,202207112017,dry,concrete,smooth,20220711201750343,348f327d47f861bfa209bb5c6cec8425c8a029ba1857e2ef90cf9f1c52b1d716,20220711201750343-dry-concrete-smooth.jpg,240,360,224.58097222222221,4.0475462057398826,False,train
c:/Users/Rivan/Projects/AI_Grand_Prix/data/_hf_snapshot/test_50k/20220711201757625-dry-concrete-slight.jpg,DRY,202207112017,dry,concrete,slight,20220711201757625,3e24638498eb51629d91feb36fe1f241c95ec1ea3246a67b26bb9a4b7e74ba17,20220711201757625-dry-concrete-slight.jpg,240,360,227.87947916666667,65.24482117573302,False,train
c:/Users/Rivan/Projects/AI_Grand_Prix/data/_hf_snapshot/test_50k/20220711201757696-dry-concrete-slight.jpg,DRY,202207112017,dry,concrete,slight,20220711201757696,8def1ca87157ac9f6d5c4ae85b5d66187cbecdc3acb689af3a64eb8b9f713009,20220711201757696-dry-concrete-slight.jpg,240,360,211.0582523148148,10.416836630738814,False,train
c:/Users/Rivan/Projects/AI_Grand_Prix/data/_hf_snapshot/test_50k/20220711201758872-dry-concrete-smooth.jpg,DRY,202207112017,dry,concrete,smooth,20220711201758872,4d253680c537ac1e40e28c988f1f44f8422e4ca3ab8dc95579fedc0b76955390,20220711201758872-dry-concrete-smooth.jpg,240,360,222.10811342592592,14.491259863549166,False,train
c:/Users/Rivan/Projects/AI_Grand_Prix/data/_hf_snapshot/test_50k/2022071120175937-dry-concrete-smooth.jpg,DRY,202207112017,dry,concrete,smooth,2022071120175937,d67bd94a772b4d39ce539e322945f5fac66d8d3a47918846ca95e35f22be247c,2022071120175937-dry-concrete-smooth.jpg,240,360,219.95877314814814,3.385948683449074,False,train
c:/Users/Rivan/Projects/AI_Grand_Prix/data/_hf_snapshot/test_50k/20220711201804886-dry-concrete-smooth.jpg,DRY,202207112018,dry,concrete,smooth,20220711201804886,d97a2ad5314ef9ecd7a826edde28ca789534f2cf4da364929408b40d2c0991e0,20220711201804886-dry-concrete-smooth.jpg,240,360,195.79840277777777,10.67876880787037,False,train
c:/Users/Rivan/Projects/AI_Grand_Prix/data/_hf_snapshot/test_50k/20220711201807489-dry-concrete-smooth.jpg,DRY,202207112018,dry,concrete,smooth,20220711201807489,01832e5d611b4385213f8b58d86309578b3ac73845e128a53397a398228733d8,20220711201807489-dry-concrete-smooth.jpg,240,360,179.32608796296296,19.976052742278593,False,train
c:/Users/Rivan/Projects/AI_Grand_Prix/data/_hf_snapshot/test_50k/20220711201807628-dry-concrete-smooth.jpg,DRY,202207112018,dry,concrete,smooth,20220711201807628,549458b2623e6cb46c0d5711fdc238702c7a6126cd4cdcb0a63e2730c1d842b2,20220711201807628-dry-concrete-smooth.jpg,240,360,186.4153472222222,33.51288454847715,False,train
c:/Users/Rivan/Projects/AI_Grand_Prix/data/_hf_snapshot/test_50k/20220711201812490-dry-concrete-smooth.jpg,DRY,202207112018,dry,concrete,smooth,20220711201812490,7c9a3fefd297909b6dff5f10fcd4d4d6b4d5a1c1c2ac4f3b634f52a6419753e5,20220711201812490-dry-concrete-smooth.jpg,240,360,183.16372685185186,27.24713710120349,False,train
c:/Users/Rivan/Projects/AI_Grand_Prix/data/_hf_snapshot/test_50k/20220711201827436-dry-concrete-smooth.jpg,DRY,202207112018,dry,concrete,smooth,20220711201827436,4ae26fbfd58f6ff578904e186cf90f36f6bec4d99f7142aaf098db2939ed46ef,20220711201827436-dry-concrete-smooth.jpg,240,360,213.19181712962964,351.52270570773317,False,train
c:/Users/Rivan/Projects/AI_Grand_Prix/data/_hf_snapshot/test_50k/20220711201828624-dry-concrete-smooth.jpg,DRY,202207112018,dry,concrete,smooth,20220711201828624,abc2625908d0d4e84ad754a86be86c675e1523b482170756b4d995762629fe6b,20220711201828624-dry-concrete-smooth.jpg,240,360,196.21162037037038,91.1410386440115,False,train
c:/Users/Rivan/Projects/AI_Grand_Prix/data/_hf_snapshot/test_50k/20220711201830860-dry-concrete-smooth.jpg,DRY,202207112018,dry,concrete,smooth,20220711201830860,41eab1cdce0b2deaa472eb8f76d25ca16e381bd95866597357ca6d93bf61c85d,20220711201830860-dry-concrete-smooth.jpg,240,360,208.44246527777779,750.5208179332508,False,train
c:/Users/Rivan/Projects/AI_Grand_Prix/data/_hf_snapshot/test_50k/20220711201831121-dry-concrete-smooth.jpg,DRY,202207112018,dry,concrete,smooth,20220711201831121,992e547eb61b6dad643367377a91f30394be2c51dd92e1043fc52db0acfd3fc8,20220711201831121-dry-concrete-smooth.jpg,240,360,206.42604166666666,151.4822493778935,False,train
c:/Users/Rivan/Projects/AI_Grand_Prix/data/_hf_snapshot/test_50k/20220711201841848-dry-concrete-smooth.jpg,DRY,202207112018,dry,concrete,smooth,20220711201841848,e29b700d20bd3d874389fb9ebe7b40a1acca0d9affdbfffc699f9165795fe6c6,20220711201841848-dry-concrete-smooth.jpg,240,360,224.53305555555556,3.6733902808588392,False,train
c:/Users/Rivan/Projects/AI_Grand_Prix/data/_hf_snapshot/test_50k/20220711201842173-dry-concrete-smooth.jpg,DRY,202207112018,dry,concrete,smooth,20220711201842173,952bfc29fe87d30d6e9fdb7680d58d04f326fc0a9d5bb0e4bb5aa4a15dbd3a1f,20220711201842173-dry-concrete-smooth.jpg,240,360,224.59226851851852,2.994386252438057,False,train
c:/Users/Rivan/Projects/AI_Grand_Prix/data/_hf_snapshot/test_50k/20220711201850694-dry-concrete-smooth.jpg,DRY,202207112018,dry,concrete,smooth,20220711201850694,8cc6e1320e56072362cdd95c9d18c8f4e993543d20bb72f341ccd9281688960a,20220711201850694-dry-concrete-smooth.jpg,240,360,204.87092592592592,2.6068286988811726,False,train
c:/Users/Rivan/Projects/AI_Grand_Prix/data/_hf_snapshot/test_50k/20220711201852210-dry-concrete-slight.jpg,DRY,202207112018,dry,concrete,slight,20220711201852210,ddf5d6dac92df0d6b4e48bfb24505bac447935272d61dcb829d6c8aca205697b,20220711201852210-dry-concrete-slight.jpg,240,360,198.21150462962962,4.619120086912723,False,train
c:/Users/Rivan/Projects/AI_Grand_Prix/data/_hf_snapshot/test_50k/20220711201855633-dry-concrete-smooth.jpg,DRY,202207112018,dry,concrete,smooth,20220711201855633,9cc6f361a62b5699f1c6c696662c9a573347ebf255665b60507133c079e62fa8,20220711201855633-dry-concrete-smooth.jpg,240,360,144.35391203703705,161.12275455246913,False,train
c:/Users/Rivan/Projects/AI_Grand_Prix/data/_hf_snapshot/test_50k/20220711201857190-dry-concrete-smooth.jpg,DRY,202207112018,dry,concrete,smooth,20220711201857190,2edb0fdd98bae3d11545e581de53cee2f52dd68e48c07466142828dc8f1fedf5,20220711201857190-dry-concrete-smooth.jpg,240,360,146.06434027777777,31.638683281759043,False,train
c:/Users/Rivan/Projects/AI_Grand_Prix/data/_hf_snapshot/test_50k/20220711201901891-dry-concrete-smooth.jpg,DRY,202207112019,dry,concrete,smooth,20220711201901891,0f4e146f55befa691eab943d2a87f6e4816756ab7ee48eae8e4596ebb6928111,20220711201901891-dry-concrete-smooth.jpg,240,360,162.51804398148147,34.73968666355882,False,train
c:/Users/Rivan/Projects/AI_Grand_Prix/data/_hf_snapshot/test_50k/20220711201903270-dry-concrete-smooth.jpg,DRY,202207112019,dry,concrete,smooth,20220711201903270,1ee852e6bff4e5f21ccfc5c1ff0c1d7b3674b4cbd7b2db493d4651460cdbb219,20220711201903270-dry-concrete-smooth.jpg,240,360,180.8907638888889,3.2769905473036696,False,train
c:/Users/Rivan/Projects/AI_Grand_Prix/data/_hf_snapshot/test_50k/20220711201905631-dry-concrete-smooth.jpg,DRY,202207112019,dry,concrete,smooth,20220711201905631,c65a2e421e44d4e2eb6f0348d6b417acf585ff17e35ed957a2308c1ad35229bb,20220711201905631-dry-concrete-smooth.jpg,240,360,180.33306712962963,9.535426763840665,False,train
c:/Users/Rivan/Projects/AI_Grand_Prix/data/_hf_snapshot/test_50k/20220711201913239-dry-concrete-smooth.jpg,DRY,202207112019,dry,concrete,smooth,20220711201913239,38eef9f97d376a4362f42b3321feffd166a5cd24353a219e7ca7a7a0a3957b50,20220711201913239-dry-concrete-smooth.jpg,240,360,134.0269212962963,46.2501037903753,False,train
c:/Users/Rivan/Projects/AI_Grand_Prix/data/_hf_snapshot/test_50k/20220711201914417-dry-concrete-smooth.jpg,DRY,202207112019,dry,concrete,smooth,20220711201914417,75e8bcb290f7efbc4c8f978ffdacffd57d3ecaa1fc38142f9568c789f0dafd16,20220711201914417-dry-concrete-smooth.jpg,240,360,218.9382060185185,43.33480280550732,False,train
c:/Users/Rivan/Projects/AI_Grand_Prix/data/_hf_snapshot/test_50k/20220711201917755-dry-concrete-slight.jpg,DRY,202207112019,dry,concrete,slight,20220711201917755,f7f76c83c84e8025dbc4eb2da32cb8d178a796e0f8b0abf7ce7263b401ad5b73,20220711201917755-dry-concrete-slight.jpg,240,360,193.36537037037036,355.12579533125427,False,train
c:/Users/Rivan/Projects/AI_Grand_Prix/data/_hf_snapshot/test_50k/20220711201917824-dry-concrete-slight.jpg,DRY,202207112019,dry,concrete,slight,20220711201917824,6e4af870f4b832ad361fda2428957ba7a164f9cf45fed477831710ddf76c9b3a,20220711201917824-dry-concrete-slight.jpg,240,360,155.39195601851853,1450.1247451130348,False,train
c:/Users/Rivan/Projects/AI_Grand_Prix/data/_hf_snapshot/test_50k/20220711201919348-dry-concrete-smooth.jpg,DRY,202207112019,dry,concrete,smooth,20220711201919348,f77f292aa8cb56863799b48097a37faeee50444e7773d170eb96ae2eed7bcdd3,20220711201919348-dry-concrete-smooth.jpg,240,360,220.87199074074073,2.6936457356770833,False,train
c:/Users/Rivan/Projects/AI_Grand_Prix/data/_hf_snapshot/test_50k/20220711201925424-dry-concrete-smooth.jpg,DRY,202207112019,dry,concrete,smooth,20220711201925424,612107e5307ba2e5a7152d80608547d76b15bf4460d43f9a53a3eed5b1c0205a,20220711201925424-dry-concrete-smooth.jpg,240,360,223.7014814814815,3.1610986581307863,False,train
c:/Users/Rivan/Projects/AI_Grand_Prix/data/_hf_snapshot/test_50k/20220711201926535-dry-concrete-smooth.jpg,DRY,202207112019,dry,concrete,smooth,20220711201926535,c0d0cc2d35f33d25c2ded21dc7c0f0a58a63c0ef496055cc7c39c37b40d5236a,20220711201926535-dry-concrete-smooth.jpg,240,360,228.9744560185185,4.489709489535108,False,train
c:/Users/Rivan/Projects/AI_Grand_Prix/data/_hf_snapshot/test_50k/20220711201927880-dry-concrete-smooth.jpg,DRY,202207112019,dry,concrete,smooth,20220711201927880,b160ffd35e140c37d4d9068c14212c1a8a74805f25d5c0d684b439ffded67849,20220711201927880-dry-concrete-smooth.jpg,240,360,218.66292824074074,2.882141192853009,False,train
c:/Users/Rivan/Projects/AI_Grand_Prix/data/_hf_snapshot/test_50k/20220711201932803-dry-concrete-smooth.jpg,DRY,202207112019,dry,concrete,smooth,20220711201932803,110acd72869ca46837733b4f50afbf58d8ceaa7b5c4029133c62f2926e4e50c1,20220711201932803-dry-concrete-smooth.jpg,240,360,223.43453703703705,2.642487788146219,False,train
c:/Users/Rivan/Projects/AI_Grand_Prix/data/_hf_snapshot/test_50k/2022071120193379-dry-concrete-smooth.jpg,DRY,202207112019,dry,concrete,smooth,2022071120193379,b89e0ca01fedda5fdb036242dd78bc363c2da7214dd26e2764785fd6b9bda6e8,2022071120193379-dry-concrete-smooth.jpg,240,360,217.85269675925926,2.4684374998660408,False,train
c:/Users/Rivan/Projects/AI_Grand_Prix/data/_hf_snapshot/test_50k/20220711201937836-dry-concrete-smooth.jpg,DRY,202207112019,dry,concrete,smooth,20220711201937836,83beb5d6817ea76ed7daab0d41526c97222ee3fb72970b80ceca59442c4bf0df,20220711201937836-dry-concrete-smooth.jpg,240,360,149.98913194444444,84.90913137846687,False,train
c:/Users/Rivan/Projects/AI_Grand_Prix/data/_hf_snapshot/test_50k/20220711201938860-dry-concrete-smooth.jpg,DRY,202207112019,dry,concrete,smooth,20220711201938860,cd298642128ab34302d0faac762a828b4d12a285a6b865b08b6e4634eb0d8b6c,20220711201938860-dry-concrete-smooth.jpg,240,360,160.55792824074075,194.33223031925155,False,train
c:/Users/Rivan/Projects/AI_Grand_Prix/data/_hf_snapshot/test_50k/20220714234226108-wet-asphalt-smooth.jpg,DAMP,202207142342,wet,asphalt,smooth,20220714234226108,de859315c797c045295f999e510b11ba62505740259134a6104b13976eda6ce5,20220714234226108-wet-asphalt-smooth.jpg,240,360,81.00978009259259,2188.533846879287,False,train
c:/Users/Rivan/Projects/AI_Grand_Prix/data/_hf_snapshot/test_50k/20220714234243625-wet-asphalt-smooth.jpg,DAMP,202207142342,wet,asphalt,smooth,20220714234243625,a8319bad53b6369b82303156a78fce1f7b1ca3ffc4d69527630ca5aea8817463,20220714234243625-wet-asphalt-smooth.jpg,240,360,153.8876273148148,907.397289223117,False,train
c:/Users/Rivan/Projects/AI_Grand_Prix/data/_hf_snapshot/test_50k/20220714234245898-wet-asphalt-smooth.jpg,DAMP,202207142342,wet,asphalt,smooth,20220714234245898,21352d2c50098b7fa46b3e192e6f6f46533dcc60708699f111eb9c4a6c38a6de,20220714234245898-wet-asphalt-smooth.jpg,240,360,143.35555555555555,1472.3908169361926,False,train
c:/Users/Rivan/Projects/AI_Grand_Prix/data/_hf_snapshot/test_50k/20220714234254344-wet-asphalt-smooth.jpg,DAMP,202207142342,wet,asphalt,smooth,20220714234254344,3c31b5041706849245ee6b1acac813d06f1b98b6cb9f2b27ebe3d08012221f49,20220714234254344-wet-asphalt-smooth.jpg,240,360,141.34177083333333,1749.07193528753,False,train
c:/Users/Rivan/Projects/AI_Grand_Prix/data/_hf_snapshot/test_50k/20220714234258100-wet-asphalt-smooth.jpg,DAMP,202207142342,wet,asphalt,smooth,20220714234258100,108ca571408731deaee4145902587f4ddad7ad21ccb899079e9ba9081f14947f,20220714234258100-wet-asphalt-smooth.jpg,240,360,149.435,1008.6674163182387,False,train
c:/Users/Rivan/Projects/AI_Grand_Prix/data/_hf_snapshot/test_50k/20220714234300371-wet-asphalt-smooth.jpg,DAMP,202207142343,wet,asphalt,smooth,20220714234300371,93613bd34d8c3795b6d7c44c5599b2900eb100182632f7c6a45637ef9b353b31,20220714234300371-wet-asphalt-smooth.jpg,240,360,125.70133101851852,989.3298683437018,False,train
c:/Users/Rivan/Projects/AI_Grand_Prix/data/_hf_snapshot/test_50k/20220714234301527-wet-asphalt-smooth.jpg,DAMP,202207142343,wet,asphalt,smooth,20220714234301527,d9223b59a928b09c7f7e4e5488965c7d3f9046747e95e363b5b2abd0840a1d08,20220714234301527-wet-asphalt-smooth.jpg,240,360,97.26877314814814,1446.8969620079679,False,train
c:/Users/Rivan/Projects/AI_Grand_Prix/data/_hf_snapshot/test_50k/20220714234302562-wet-asphalt-smooth.jpg,DAMP,202207142343,wet,asphalt,smooth,20220714234302562,7d0ab7c3fd23bd5b50d252790416c02572897bc728f0d6c9b41519916637e2d7,20220714234302562-wet-asphalt-smooth.jpg,240,360,124.9858912037037,1316.1659086225513,False,train
c:/Users/Rivan/Projects/AI_Grand_Prix/data/_hf_snapshot/test_50k/20220714234302608-wet-asphalt-smooth.jpg,DAMP,202207142343,wet,asphalt,smooth,20220714234302608,2a49ab9f2a771e9185e69659933f04e9453ba76b8d59a130f3a1a8ab81944bc7,20220714234302608-wet-asphalt-smooth.jpg,240,360,141.28465277777778,710.1942295760459,False,train
c:/Users/Rivan/Projects/AI_Grand_Prix/data/_hf_snapshot/test_50k/20220714234309625-wet-asphalt-smooth.jpg,DAMP,202207142343,wet,asphalt,smooth,20220714234309625,754b5627da21eb8c4b1a76c6234affe1dedc0dfbe669132b614dec0376859d49,20220714234309625-wet-asphalt-smooth.jpg,240,360,203.30381944444446,51.07600480109739,False,train
c:/Users/Rivan/Projects/AI_Grand_Prix/data/_hf_snapshot/test_50k/20220714234311118-wet-asphalt-smooth.jpg,DAMP,202207142343,wet,asphalt,smooth,20220714234311118,9da6ed6149e365efaeddc2a28fa7ddbfa402ebae83dedcfbd4a5c3de2682a9a5,20220714234311118-wet-asphalt-smooth.jpg,240,360,146.0412962962963,830.7125318153078,False,train
c:/Users/Rivan/Projects/AI_Grand_Prix/data/_hf_snapshot/test_50k/20220714234325184-wet-asphalt-smooth.jpg,DAMP,202207142343,wet,asphalt,smooth,20220714234325184,dc982ec2042e14f0272bf396aaf846fcb694ae03b8072418184be17f2de34852,20220714234325184-wet-asphalt-smooth.jpg,240,360,160.1910300925926,848.7963629756892,False,train
c:/Users/Rivan/Projects/AI_Grand_Prix/data/_hf_snapshot/test_50k/20220714234327534-wet-asphalt-smooth.jpg,DAMP,202207142343,wet,asphalt,smooth,20220714234327534,506e6fecfc21805213f93b117af24f5acd6c32f45904bfde9bbf0e43257c6aca,20220714234327534-wet-asphalt-smooth.jpg,240,360,141.48888888888888,1607.0766713379578,False,train
c:/Users/Rivan/Projects/AI_Grand_Prix/data/_hf_snapshot/test_50k/20220714234328610-wet-asphalt-smooth.jpg,DAMP,202207142343,wet,asphalt,smooth,20220714234328610,52a26bc7dcad02e04ecb8249c38bb9f743062629ec9accb163a7a75307e6f800,20220714234328610-wet-asphalt-smooth.jpg,240,360,139.2474537037037,1545.3323938656067,False,train
c:/Users/Rivan/Projects/AI_Grand_Prix/data/_hf_snapshot/test_50k/20220714234329829-wet-asphalt-smooth.jpg,DAMP,202207142343,wet,asphalt,smooth,20220714234329829,ff909948f3ef6cf070537188b472cb3216d68de51eade1c40b492fe9a0caf344,20220714234329829-wet-asphalt-smooth.jpg,240,360,155.4106712962963,542.870153798011,False,train
c:/Users/Rivan/Projects/AI_Grand_Prix/data/_hf_snapshot/test_50k/20220714234345369-wet-asphalt-smooth.jpg,DAMP,202207142343,wet,asphalt,smooth,20220714234345369,df95a1126e13794695b48e47debbc0799596d7b39af8803723411952284a8885,20220714234345369-wet-asphalt-smooth.jpg,240,360,107.19576388888889,1069.2131856974452,False,train
c:/Users/Rivan/Projects/AI_Grand_Prix/data/_hf_snapshot/test_50k/2022071423440192-wet-asphalt-smooth.jpg,DAMP,202207142344,wet,asphalt,smooth,2022071423440192,b07e0b8b2b5994911a26c540aefd9919c83036bd17dbba4ba12a0ab805c44e82,2022071423440192-wet-asphalt-smooth.jpg,240,360,117.66788194444445,1573.4987796520006,False,train
c:/Users/Rivan/Projects/AI_Grand_Prix/data/_hf_snapshot/test_50k/20220714234414174-wet-asphalt-smooth.jpg,DAMP,202207142344,wet,asphalt,smooth,20220714234414174,15157ee1877bf88ff23a6a5a128d69c52c22805aabea8d4d0191e19a54b33926,20220714234414174-wet-asphalt-smooth.jpg,240,360,132.0619212962963,430.97620157696764,False,train
c:/Users/Rivan/Projects/AI_Grand_Prix/data/_hf_snapshot/test_50k/20220714234419853-wet-asphalt-smooth.jpg,DAMP,202207142344,wet,asphalt,smooth,20220714234419853,2957886e6c0a8e91f9b3075433e1f8815695ef2e502bbcc5948594eb54274b97,20220714234419853-wet-asphalt-smooth.jpg,240,360,157.40170138888888,178.22598890161498,False,train
c:/Users/Rivan/Projects/AI_Grand_Prix/data/_hf_snapshot/test_50k/20220714234425693-wet-asphalt-smooth.jpg,DAMP,202207142344,wet,asphalt,smooth,20220714234425693,140e52e4f7e9cf24d019212537ed23267f0aaa97e2f18c9083be70e01a3a0a54,20220714234425693-wet-asphalt-smooth.jpg,240,360,110.73028935185185,641.3501734652297,False,train
c:/Users/Rivan/Projects/AI_Grand_Prix/data/_hf_snapshot/test_50k/20220714234428312-wet-asphalt-smooth.jpg,DAMP,202207142344,wet,asphalt,smooth,20220714234428312,826f007b853cc04ed969612b2727450b38ecae9a5d244dd89d746f1d77f5f60f,20220714234428312-wet-asphalt-smooth.jpg,240,360,97.51881944444445,457.50859863629546,False,train
c:/Users/Rivan/Projects/AI_Grand_Prix/data/_hf_snapshot/test_50k/20220714234431688-wet-asphalt-smooth.jpg,DAMP,202207142344,wet,asphalt,smooth,20220714234431688,75739fa4024c935a556a9ea28be4635094e917e7d309e9de5e6bc5729dc21377,20220714234431688-wet-asphalt-smooth.jpg,240,360,140.0695601851852,220.8097434279621,False,train
c:/Users/Rivan/Projects/AI_Grand_Prix/data/_hf_snapshot/test_50k/20220714234449660-wet-asphalt-smooth.jpg,DAMP,202207142344,wet,asphalt,smooth,20220714234449660,ad57d6e4bdb56d514411681257411f3f74e88409d9ff4d79dc5b8e30c290197b,20220714234449660-wet-asphalt-smooth.jpg,240,360,99.28715277777778,1023.0791203863115,False,train
c:/Users/Rivan/Projects/AI_Grand_Prix/data/_hf_snapshot/test_50k/20220714234456835-wet-asphalt-smooth.jpg,DAMP,202207142344,wet,asphalt,smooth,20220714234456835,cd5c8f218a6f24b9c1635b403b231e112eee7e4b5e048d86a0bb141b42e747f8,20220714234456835-wet-asphalt-smooth.jpg,240,360,139.58200231481482,734.103272278887,False,train
c:/Users/Rivan/Projects/AI_Grand_Prix/data/_hf_snapshot/test_50k/20220714234512486-wet-asphalt-smooth.jpg,DAMP,202207142345,wet,asphalt,smooth,20220714234512486,0b22ecf592b87838cc699e7bec0d0492cd7b37a0be18b2ab0a199f7e13f0f74e,20220714234512486-wet-asphalt-smooth.jpg,240,360,105.64785879629629,856.9085400457604,False,train
c:/Users/Rivan/Projects/AI_Grand_Prix/data/_hf_snapshot/test_50k/20220715001910436-wet-asphalt-smooth.jpg,DAMP,202207150019,wet,asphalt,smooth,20220715001910436,e8a503a901efcdadee4dcda712605294ad9a4ee559d9145522b034e4fb1c7d2c,20220715001910436-wet-asphalt-smooth.jpg,240,360,142.3220601851852,1206.994766589506,False,train
c:/Users/Rivan/Projects/AI_Grand_Prix/data/_hf_snapshot/test_50k/20220715001911613-wet-asphalt-smooth.jpg,DAMP,202207150019,wet,asphalt,smooth,20220715001911613,5f5c9cbd4e45dcc0d585f8bcbda3fb229c2f74e67b340726c37e5d573350808e,20220715001911613-wet-asphalt-smooth.jpg,240,360,167.6074189814815,347.4886573731138,False,train
c:/Users/Rivan/Projects/AI_Grand_Prix/data/_hf_snapshot/test_50k/20220715001914166-wet-asphalt-smooth.jpg,DAMP,202207150019,wet,asphalt,smooth,20220715001914166,03a0e3019cc6785322601edb5b5b1de6ee4378588948ace47be3ed258f2afab6,20220715001914166-wet-asphalt-smooth.jpg,240,360,127.51648148148148,733.6464234020008,False,train
c:/Users/Rivan/Projects/AI_Grand_Prix/data/_hf_snapshot/test_50k/20220715001922342-wet-asphalt-smooth.jpg,DAMP,202207150019,wet,asphalt,smooth,20220715001922342,6f205c1bca6c1012da73c6f5d5bec0cd51450d43612a398ed11a8289a44d4e5e,20220715001922342-wet-asphalt-smooth.jpg,240,360,145.28560185185185,641.557442581742,False,train
c:/Users/Rivan/Projects/AI_Grand_Prix/data/_hf_snapshot/test_50k/20220715001934205-wet-asphalt-smooth.jpg,DAMP,202207150019,wet,asphalt,smooth,20220715001934205,66a322637cf4fa02522bad090988c83c9b1a183f0eff46628686dfbd560be1d8,20220715001934205-wet-asphalt-smooth.jpg,240,360,159.96505787037037,581.6537503772291,False,train
c:/Users/Rivan/Projects/AI_Grand_Prix/data/_hf_snapshot/test_50k/20220715001944703-wet-asphalt-smooth.jpg,DAMP,202207150019,wet,asphalt,smooth,20220715001944703,72057f1594fa33580b4e9673330cdb5f42e548539fbb861fdcf05c2149346244,20220715001944703-wet-asphalt-smooth.jpg,240,360,121.97956018518518,164.5480627881462,False,train
c:/Users/Rivan/Projects/AI_Grand_Prix/data/_hf_snapshot/test_50k/20220715001944704-wet-asphalt-smooth.jpg,DAMP,202207150019,wet,asphalt,smooth,20220715001944704,c82c89c8714a67a40d423ed043a5244d88f5cd9d742b3e1d9744d7249c926ba4,20220715001944704-wet-asphalt-smooth.jpg,240,360,109.00667824074074,1471.9253652905038,False,train
c:/Users/Rivan/Projects/AI_Grand_Prix/data/_hf_snapshot/test_50k/20220715001944715-wet-asphalt-smooth.jpg,DAMP,202207150019,wet,asphalt,smooth,20220715001944715,a0b59bbe2b78b097c8c8dfa80fed01d01ff2560c1a99775e2aadb4add0b5ef29,20220715001944715-wet-asphalt-smooth.jpg,240,360,125.64810185185185,233.38760336076814,False,train
c:/Users/Rivan/Projects/AI_Grand_Prix/data/_hf_snapshot/test_50k/20220715001946112-wet-asphalt-smooth.jpg,DAMP,202207150019,wet,asphalt,smooth,20220715001946112,60736cb8dbb943c5b9af7f9eb895a507c084b07146a1259ebca8dcc3fd6ab7f0,20220715001946112-wet-asphalt-smooth.jpg,240,360,146.23289351851852,914.4305774155521,False,train
c:/Users/Rivan/Projects/AI_Grand_Prix/data/_hf_snapshot/test_50k/20220715002003389-wet-asphalt-smooth.jpg,DAMP,202207150020,wet,asphalt,smooth,20220715002003389,1852c1c2d2ab984015ce15519fde6e56f511ffd6bddfa0dfbb135082f1b79e79,20220715002003389-wet-asphalt-smooth.jpg,240,360,139.02341435185184,297.6894778537326,False,train
c:/Users/Rivan/Projects/AI_Grand_Prix/data/_hf_snapshot/test_50k/20220715002012774-wet-asphalt-smooth.jpg,DAMP,202207150020,wet,asphalt,smooth,20220715002012774,29fb4ff84152b2b8cc653f3d4bec62572add10c2643a9e6c69784f1bc4365b96,20220715002012774-wet-asphalt-smooth.jpg,240,360,140.53918981481482,378.4505087275752,False,train
c:/Users/Rivan/Projects/AI_Grand_Prix/data/_hf_snapshot/test_50k/20220715002026845-wet-asphalt-smooth.jpg,DAMP,202207150020,wet,asphalt,smooth,20220715002026845,cca93347315a0231a9e8255b64afe787a6e3fa2fa2780998071ff382ca219f85,20220715002026845-wet-asphalt-smooth.jpg,240,360,126.79274305555556,1863.5963756042897,False,train
c:/Users/Rivan/Projects/AI_Grand_Prix/data/_hf_snapshot/test_50k/20220715002042380-wet-asphalt-smooth.jpg,DAMP,202207150020,wet,asphalt,smooth,20220715002042380,7b71e9c75a59b7d674fdb2859bf371db0d9b3fd0a5e7c0c842cb150a7de3a5b1,20220715002042380-wet-asphalt-smooth.jpg,240,360,104.72694444444444,529.3961460562414,False,train
c:/Users/Rivan/Projects/AI_Grand_Prix/data/_hf_snapshot/test_50k/20220715002048269-wet-asphalt-smooth.jpg,DAMP,202207150020,wet,asphalt,smooth,20220715002048269,711c9e7bb076dd2868cb67e6462fbe75ea61970a39d1274fe88afb6a8c8d0c13,20220715002048269-wet-asphalt-smooth.jpg,240,360,125.63828703703703,619.2912846995831,False,train
c:/Users/Rivan/Projects/AI_Grand_Prix/data/_hf_snapshot/test_50k/2022071500205993-wet-asphalt-smooth.jpg,DAMP,202207150020,wet,asphalt,smooth,2022071500205993,e68a9d1487828acd4f1d7ace15f2c0a0970032664ed9d1e9e1d81193b82d0ab4,2022071500205993-wet-asphalt-smooth.jpg,240,360,122.5221875,1201.2191942510074,False,train
c:/Users/Rivan/Projects/AI_Grand_Prix/data/_hf_snapshot/test_50k/20220715002102385-wet-asphalt-smooth.jpg,DAMP,202207150021,wet,asphalt,smooth,20220715002102385,34466aa7ba472d951793b696788b720e46159d245933441eba51a649878fee2c,20220715002102385-wet-asphalt-smooth.jpg,240,360,162.93188657407407,86.06437414266118,False,train
c:/Users/Rivan/Projects/AI_Grand_Prix/data/_hf_snapshot/test_50k/20220715002136255-water-concrete-smooth.jpg,WET,202207150021,water,concrete,smooth,20220715002136255,6c19005ec73edbdef7286d32abc01fa437b7b3a5d86e4f55e717bc180e3a4968,20220715002136255-water-concrete-smooth.jpg,240,360,173.6818287037037,107.0803468021262,False,train
c:/Users/Rivan/Projects/AI_Grand_Prix/data/_hf_snapshot/test_50k/20220715002137356-water-concrete-smooth.jpg,WET,202207150021,water,concrete,smooth,20220715002137356,f535ac1a317a74801b69c6f5fb1547ea81544d076fcd6568e7b6392db1934c66,20220715002137356-water-concrete-smooth.jpg,240,360,163.48188657407408,113.18244185836227,False,train
c:/Users/Rivan/Projects/AI_Grand_Prix/data/_hf_snapshot/test_50k/20220715002138448-water-concrete-smooth.jpg,WET,202207150021,water,concrete,smooth,20220715002138448,c3dec5079b2cadef720e1ad6c28f8f95ba344bbe5c0ce845c33e3f8ff0bf5a3e,20220715002138448-water-concrete-smooth.jpg,240,360,178.97680555555556,85.45605108011296,False,train
c:/Users/Rivan/Projects/AI_Grand_Prix/data/_hf_snapshot/test_50k/20220715002139645-water-concrete-smooth.jpg,WET,202207150021,water,concrete,smooth,20220715002139645,9946c1e55f5dbab53bc06cd12234de7ba1da370ba95aaf96d52acd4af1757ce3,20220715002139645-water-concrete-smooth.jpg,240,360,163.55278935185186,9.898749579903978,False,train
c:/Users/Rivan/Projects/AI_Grand_Prix/data/_hf_snapshot/test_50k/20220715002139671-water-concrete-smooth.jpg,WET,202207150021,water,concrete,smooth,20220715002139671,b498e1b45693e7c2dc8a306aa0b66a4c8659eb9fb5a8d2688aa8f5f7ee4d97f7,20220715002139671-water-concrete-smooth.jpg,240,360,172.36039351851852,67.52960596654235,False,train
c:/Users/Rivan/Projects/AI_Grand_Prix/data/_hf_snapshot/test_50k/20220715002140108-water-concrete-smooth.jpg,WET,202207150021,water,concrete,smooth,20220715002140108,9dcf110b6672b0b0c073d255e5da0a3441fec47db9ee2b7349549452f01f7287,20220715002140108-water-concrete-smooth.jpg,240,360,160.03248842592592,27.883773134752232,False,train
c:/Users/Rivan/Projects/AI_Grand_Prix/data/_hf_snapshot/test_50k/2022071500214015-water-concrete-smooth.jpg,WET,202207150021,water,concrete,smooth,2022071500214015,a69f513c8772722f8cb7596266b0ffe6c3a787bdaf3fb6f2265cd18e46ab34df,2022071500214015-water-concrete-smooth.jpg,240,360,172.7863773148148,273.94470081005124,False,train
c:/Users/Rivan/Projects/AI_Grand_Prix/data/_hf_snapshot/test_50k/2022071500214040-water-concrete-smooth.jpg,WET,202207150021,water,concrete,smooth,2022071500214040,fb34a9edd7cf8a510a09353909921ac4542e0b65ba2e5474b977eade5d199057,2022071500214040-water-concrete-smooth.jpg,240,360,182.97362268518518,151.06140798128857,False,train
c:/Users/Rivan/Projects/AI_Grand_Prix/data/_hf_snapshot/test_50k/20220715002140833-water-concrete-smooth.jpg,WET,202207150021,water,concrete,smooth,20220715002140833,b8df97a934897a05b9ddcaf07aee38b74354abae3d83b29cad3b027fada6312d,20220715002140833-water-concrete-smooth.jpg,240,360,188.03857638888888,32.5484235205547,False,train
c:/Users/Rivan/Projects/AI_Grand_Prix/data/_hf_snapshot/test_50k/2022071500215570-wet-concrete-smooth.jpg,DAMP,202207150021,wet,concrete,smooth,2022071500215570,368dee91b9e37c54fb6c3c719e2046e1da439bd96e5908345a94984cbf3d03ad,2022071500215570-wet-concrete-smooth.jpg,240,360,142.86311342592592,609.5671191324535,False,train
c:/Users/Rivan/Projects/AI_Grand_Prix/data/_hf_snapshot/test_50k/20220715002158599-wet-concrete-smooth.jpg,DAMP,202207150021,wet,concrete,smooth,20220715002158599,7e4fb3782fb4456c43f59f122c6af75667de9aae12d25b93e7678e6fd28f7dc7,20220715002158599-wet-concrete-smooth.jpg,240,360,115.83637731481481,34.765566833713784,False,train
c:/Users/Rivan/Projects/AI_Grand_Prix/data/_hf_snapshot/test_50k/20220715002159665-wet-concrete-smooth.jpg,DAMP,202207150021,wet,concrete,smooth,20220715002159665,7edaf0deef703e1f726212d685af365a8161d426b6dc94e51d1a30e348d95a03,20220715002159665-wet-concrete-smooth.jpg,240,360,117.91961805555556,87.27001678187156,False,train
c:/Users/Rivan/Projects/AI_Grand_Prix/data/_hf_snapshot/test_50k/20220715002320307-wet-asphalt-smooth.jpg,DAMP,202207150023,wet,asphalt,smooth,20220715002320307,d604bd6fc252652a4ce8d8e5c33c15d8c094fd0fedba21a13a3ebb953a62d687,20220715002320307-wet-asphalt-smooth.jpg,240,360,115.78222222222222,1610.3683821995028,False,train
c:/Users/Rivan/Projects/AI_Grand_Prix/data/_hf_snapshot/test_50k/20220715002320337-wet-asphalt-smooth.jpg,DAMP,202207150023,wet,asphalt,smooth,20220715002320337,65d9c5160440fc9ff2afbc3417e12cb9b2be693221b05d66d2351981b3f9a41b,20220715002320337-wet-asphalt-smooth.jpg,240,360,135.59408564814814,1303.0931532974055,False,train
c:/Users/Rivan/Projects/AI_Grand_Prix/data/_hf_snapshot/test_50k/20220715002324856-wet-asphalt-smooth.jpg,DAMP,202207150023,wet,asphalt,smooth,20220715002324856,a815988aaea3a3e7fdf4a56050f2f2bfbb285527274bcf88c88dd21ea2b63510,20220715002324856-wet-asphalt-smooth.jpg,240,360,137.1962037037037,2836.3279476432563,False,train
c:/Users/Rivan/Projects/AI_Grand_Prix/data/_hf_snapshot/test_50k/20220715002326297-wet-asphalt-smooth.jpg,DAMP,202207150023,wet,asphalt,smooth,20220715002326297,0bd516accbdb397ee6c63a874700cf3bfe88cf58a59630dd8817c5d003d85cae,20220715002326297-wet-asphalt-smooth.jpg,240,360,127.12895833333333,1373.2884800828135,False,train
c:/Users/Rivan/Projects/AI_Grand_Prix/data/_hf_snapshot/test_50k/20220715002329830-wet-asphalt-smooth.jpg,DAMP,202207150023,wet,asphalt,smooth,20220715002329830,70c8e1420e452509b14a0a998a86daa1542d71d7edd5300a6773fa0715e8d9ff,20220715002329830-wet-asphalt-smooth.jpg,240,360,130.25494212962963,870.6092504581405,False,train
c:/Users/Rivan/Projects/AI_Grand_Prix/data/_hf_snapshot/test_50k/20220715002332324-wet-asphalt-smooth.jpg,DAMP,202207150023,wet,asphalt,smooth,20220715002332324,03304351b247c54cf08c03b08c82dd568cdd26ee52f0d3f2f9525c86543c04d6,20220715002332324-wet-asphalt-smooth.jpg,240,360,118.50979166666667,962.7979368890121,False,train
c:/Users/Rivan/Projects/AI_Grand_Prix/data/_hf_snapshot/test_50k/20220715002333509-wet-asphalt-smooth.jpg,DAMP,202207150023,wet,asphalt,smooth,20220715002333509,bf2a39d2d616d34d7bb1533b9fe751857f683a038981fa7693b1e98890930c72,20220715002333509-wet-asphalt-smooth.jpg,240,360,105.28489583333334,725.7425082560388,False,train
c:/Users/Rivan/Projects/AI_Grand_Prix/data/_hf_snapshot/test_50k/20220715002333575-wet-asphalt-smooth.jpg,DAMP,202207150023,wet,asphalt,smooth,20220715002333575,d3170bd40298149d56abac42dc0753a551aae97807a456d44fd6b28736e815c2,20220715002333575-wet-asphalt-smooth.jpg,240,360,120.09583333333333,466.3751487588681,False,train
c:/Users/Rivan/Projects/AI_Grand_Prix/data/_hf_snapshot/test_50k/20220715002337183-wet-asphalt-smooth.jpg,DAMP,202207150023,wet,asphalt,smooth,20220715002337183,fe68a9ef1f66787709b82b2fb9a267241c0b0466a0dc60d7d3be202f7b848b23,20220715002337183-wet-asphalt-smooth.jpg,240,360,118.30172453703703,2386.4678890410664,False,train
c:/Users/Rivan/Projects/AI_Grand_Prix/data/_hf_snapshot/test_50k/20220715002338359-wet-asphalt-smooth.jpg,DAMP,202207150023,wet,asphalt,smooth,20220715002338359,95282b048b4dcb06c8e2cc21f4ee0ba5cb7e343a772e900fa631f88e5d7bf087,20220715002338359-wet-asphalt-smooth.jpg,240,360,117.90971064814815,1162.5680993007331,False,train
c:/Users/Rivan/Projects/AI_Grand_Prix/data/_hf_snapshot/test_50k/20220715002340725-wet-asphalt-smooth.jpg,DAMP,202207150023,wet,asphalt,smooth,20220715002340725,a0862bba65c108659cd356fbec2da640a5dace5d591b16b62b669c686200e74c,20220715002340725-wet-asphalt-smooth.jpg,240,360,137.23873842592593,2102.9626257232458,False,train
c:/Users/Rivan/Projects/AI_Grand_Prix/data/_hf_snapshot/test_50k/20220715002342133-wet-asphalt-smooth.jpg,DAMP,202207150023,wet,asphalt,smooth,20220715002342133,a4ed7caf4ea064d78648eec054d374a9c30794055f0a447ff292e9609239b008,20220715002342133-wet-asphalt-smooth.jpg,240,360,145.8699074074074,1917.716686650029,False,train
c:/Users/Rivan/Projects/AI_Grand_Prix/data/_hf_snapshot/test_50k/20220715002342171-wet-asphalt-smooth.jpg,DAMP,202207150023,wet,asphalt,smooth,20220715002342171,1d8eff9efd3a54e0bbfafca7e76f7aa1f2f310563d0aed59d82e6cd8ae3aa08b,20220715002342171-wet-asphalt-smooth.jpg,240,360,125.09059027777778,2208.7579266481,False,train
c:/Users/Rivan/Projects/AI_Grand_Prix/data/_hf_snapshot/test_50k/20220715002344500-wet-asphalt-smooth.jpg,DAMP,202207150023,wet,asphalt,smooth,20220715002344500,01b0c7f914fa92fc01bc013723332bfe76e8eac41cf9edb6f850ab138fb272f6,20220715002344500-wet-asphalt-smooth.jpg,240,360,112.57840277777778,1155.0482348765433,False,train
c:/Users/Rivan/Projects/AI_Grand_Prix/data/_hf_snapshot/test_50k/20220715002344539-wet-asphalt-smooth.jpg,DAMP,202207150023,wet,asphalt,smooth,20220715002344539,de808779f75c6abe7588316ab3db39ab16760112afd60c18e31bf26fa635c358,20220715002344539-wet-asphalt-smooth.jpg,240,360,130.72378472222223,432.2387408045053,False,train
c:/Users/Rivan/Projects/AI_Grand_Prix/data/_hf_snapshot/test_50k/20220715002345566-wet-asphalt-smooth.jpg,DAMP,202207150023,wet,asphalt,smooth,20220715002345566,de222b8dc1154a21a0fa697d352cf3cadd59cbbddf470588e13261edf532bd52,20220715002345566-wet-asphalt-smooth.jpg,240,360,141.67111111111112,742.0481905369888,False,train
c:/Users/Rivan/Projects/AI_Grand_Prix/data/_hf_snapshot/test_50k/202207150023478-wet-asphalt-smooth.jpg,DAMP,202207150023,wet,asphalt,smooth,202207150023478,e546e70d7b416b8ecf15245d29a171bbd07486392b53f5717c74b8de58c33325,202207150023478-wet-asphalt-smooth.jpg,240,360,120.41393518518518,1924.3387381257235,False,train
c:/Users/Rivan/Projects/AI_Grand_Prix/data/_hf_snapshot/test_50k/20220715002350586-wet-asphalt-smooth.jpg,DAMP,202207150023,wet,asphalt,smooth,20220715002350586,d6e4af5a9b8e8c89f4b4ff2e56bb746d3db9f7e9083f4efd76e64ab0f2d8800e,20220715002350586-wet-asphalt-smooth.jpg,240,360,139.7067361111111,214.1479725757405,False,train
c:/Users/Rivan/Projects/AI_Grand_Prix/data/_hf_snapshot/test_50k/20220715002351681-wet-asphalt-smooth.jpg,DAMP,202207150023,wet,asphalt,smooth,20220715002351681,dd18407adab2c5e2902307058b8376142fb2fcb8ebd3aa5557e6a1e45fe732e9,20220715002351681-wet-asphalt-smooth.jpg,240,360,122.75278935185185,1204.0113425491897,False,train
c:/Users/Rivan/Projects/AI_Grand_Prix/data/_hf_snapshot/test_50k/20220715002352838-wet-asphalt-smooth.jpg,DAMP,202207150023,wet,asphalt,smooth,20220715002352838,14c54146b6d93b03d3caf33c2df6cd1331461871afbac96f88299dcefdb5683e,20220715002352838-wet-asphalt-smooth.jpg,240,360,113.08984953703704,1154.0952102575231,False,train
c:/Users/Rivan/Projects/AI_Grand_Prix/data/_hf_snapshot/test_50k/20220715002354283-wet-asphalt-smooth.jpg,DAMP,202207150023,wet,asphalt,smooth,20220715002354283,7156a7125ebd332af33c0f1bbeb823eb00878ebddff0c5ec25dde167de7552e8,20220715002354283-wet-asphalt-smooth.jpg,240,360,132.96130787037038,781.4442123435357,False,train
c:/Users/Rivan/Projects/AI_Grand_Prix/data/_hf_snapshot/test_50k/20220715002358144-wet-asphalt-smooth.jpg,DAMP,202207150023,wet,asphalt,smooth,20220715002358144,eb6529654119083ef65fa9d04cde10f859794042fd04e58ddaea47724f1243a6,20220715002358144-wet-asphalt-smooth.jpg,240,360,110.2104050925926,396.07580992584013,False,train
c:/Users/Rivan/Projects/AI_Grand_Prix/data/_hf_snapshot/test_50k/2022071500235847-wet-asphalt-smooth.jpg,DAMP,202207150023,wet,asphalt,smooth,2022071500235847,2a5969a02ccbf0d1011028b86f2eaebe148a4272784503f368ce3cf0317aba1b,2022071500235847-wet-asphalt-smooth.jpg,240,360,118.72979166666667,754.5867182290326,False,train
c:/Users/Rivan/Projects/AI_Grand_Prix/data/_hf_snapshot/test_50k/20220715002402730-wet-asphalt-smooth.jpg,DAMP,202207150024,wet,asphalt,smooth,20220715002402730,2cbe7e767f0af9465ef7230fbd87b20e4e52d00bcfd28546578af00eb9090848,20220715002402730-wet-asphalt-smooth.jpg,240,360,116.5213888888889,1162.1089737520363,False,train
c:/Users/Rivan/Projects/AI_Grand_Prix/data/_hf_snapshot/test_50k/20220715002404151-wet-asphalt-smooth.jpg,DAMP,202207150024,wet,asphalt,smooth,20220715002404151,532af31f8755b8f64a5a6c5446be493737b7b7ee5e4f8e9f04c1066a01980b5f,20220715002404151-wet-asphalt-smooth.jpg,240,360,109.76693287037037,773.4777736282579,False,train
c:/Users/Rivan/Projects/AI_Grand_Prix/data/_hf_snapshot/test_50k/20220715002404197-wet-asphalt-smooth.jpg,DAMP,202207150024,wet,asphalt,smooth,20220715002404197,afadb8a94e374d40beceb1a6e4c7f06b7aa476f491b6e88ed13c76eb0027ce8a,20220715002404197-wet-asphalt-smooth.jpg,240,360,139.13200231481483,1446.1078308636618,False,train
c:/Users/Rivan/Projects/AI_Grand_Prix/data/_hf_snapshot/test_50k/20220715002407682-wet-asphalt-smooth.jpg,DAMP,202207150024,wet,asphalt,smooth,20220715002407682,3afa788fd5e32089622adb7fe13c41ee2376531ab904d9a7cf27746ee9b10968,20220715002407682-wet-asphalt-smooth.jpg,240,360,141.5392361111111,701.9897178518037,False,train
c:/Users/Rivan/Projects/AI_Grand_Prix/data/_hf_snapshot/test_50k/20220715002408838-wet-asphalt-smooth.jpg,DAMP,202207150024,wet,asphalt,smooth,20220715002408838,8d418650142e43cbb66fbc155f7b8661c8e4b4e274ff5d91be2fae0bd9e69241,20220715002408838-wet-asphalt-smooth.jpg,240,360,124.8569675925926,4868.720432550878,False,train
c:/Users/Rivan/Projects/AI_Grand_Prix/data/_hf_snapshot/test_50k/20220715002410165-wet-asphalt-smooth.jpg,DAMP,202207150024,wet,asphalt,smooth,20220715002410165,4008a92fb234c0c91d2e9d2f2a140a523fb9a13535ab30c1e1fafb2e0c463eed,20220715002410165-wet-asphalt-smooth.jpg,240,360,113.13148148148149,5487.129855169218,False,train
c:/Users/Rivan/Projects/AI_Grand_Prix/data/_hf_snapshot/test_50k/2022071500262027-dry-concrete-smooth.jpg,DRY,202207150026,dry,concrete,smooth,2022071500262027,2bd532bf8ac206128d71a8ad29087e620820dd9f2b62a21099537fa284f34872,2022071500262027-dry-concrete-smooth.jpg,240,360,125.52171296296297,136.53282399034958,False,train
c:/Users/Rivan/Projects/AI_Grand_Prix/data/_hf_snapshot/test_50k/20220715002624743-dry-concrete-smooth.jpg,DRY,202207150026,dry,concrete,smooth,20220715002624743,a3b7ba96d4847f024a249c2097e3796f2e8a99ad37dd711c91395bd5e093ca42,20220715002624743-dry-concrete-smooth.jpg,240,360,132.25965277777777,6.055358795090664,False,train
c:/Users/Rivan/Projects/AI_Grand_Prix/data/_hf_snapshot/test_50k/20220715002650560-dry-concrete-smooth.jpg,DRY,202207150026,dry,concrete,smooth,20220715002650560,6ae41f74c4c2f9c714e4ae524273c47f38db6176fb0bb377250ecbf21132a735,20220715002650560-dry-concrete-smooth.jpg,240,360,148.83164351851852,51.04703700274349,False,train
c:/Users/Rivan/Projects/AI_Grand_Prix/data/_hf_snapshot/test_50k/20220715002651734-water-concrete-smooth.jpg,WET,202207150026,water,concrete,smooth,20220715002651734,6662238c6c07cccd1144d1556dc844a764efd12349ac3f29f3781ef56630b4ba,20220715002651734-water-concrete-smooth.jpg,240,360,127.50976851851851,682.829011111111,False,train
c:/Users/Rivan/Projects/AI_Grand_Prix/data/_hf_snapshot/test_50k/20220715002655474-water-concrete-smooth.jpg,WET,202207150026,water,concrete,smooth,20220715002655474,11083b40fbd26d95fe71dd67e88fbaa26bf34198480d33940d9aab65292bcd1f,20220715002655474-water-concrete-smooth.jpg,240,360,158.21747685185184,476.89989917481137,False,train
c:/Users/Rivan/Projects/AI_Grand_Prix/data/_hf_snapshot/test_50k/20220715002656637-wet-concrete-smooth.jpg,DAMP,202207150026,wet,concrete,smooth,20220715002656637,8955e09c13bf8a99c6f0aa495c3adc3b9179e56192cc29f6bea4945b4adde3b4,20220715002656637-wet-concrete-smooth.jpg,240,360,169.32696759259258,849.3695785300927,False,train
c:/Users/Rivan/Projects/AI_Grand_Prix/data/_hf_snapshot/test_50k/20220715002657763-water-concrete-slight.jpg,WET,202207150026,water,concrete,slight,20220715002657763,6da3a098232996232a276c985f381c10c30a982abdf266fc11964f2f858914a0,20220715002657763-water-concrete-slight.jpg,240,360,113.03988425925925,336.5798970545053,False,train
c:/Users/Rivan/Projects/AI_Grand_Prix/data/_hf_snapshot/test_50k/20220715002657874-wet-concrete-smooth.jpg,DAMP,202207150026,wet,concrete,smooth,20220715002657874,4a81ff26a4dd9deaa0479472db0ba091e66d538ad98259d7744af7f4d3cc8c26,20220715002657874-wet-concrete-smooth.jpg,240,360,130.19854166666667,135.80245647665893,False,train
c:/Users/Rivan/Projects/AI_Grand_Prix/data/_hf_snapshot/test_50k/20220715002702294-wet-asphalt-slight.jpg,DAMP,202207150027,wet,asphalt,slight,20220715002702294,2063ebee7555327ad8ebe49fa549cd0025be8b9dcffa6cc3f0b1d1ee9ca6ab5e,20220715002702294-wet-asphalt-slight.jpg,240,360,145.41247685185186,1257.8746709960938,False,train
c:/Users/Rivan/Projects/AI_Grand_Prix/data/_hf_snapshot/test_50k/20220715002705805-wet-asphalt-slight.jpg,DAMP,202207150027,wet,asphalt,slight,20220715002705805,4834056ef833e8deee8702a35b4c825313325e3f1db192a2d28be2c1f70127b8,20220715002705805-wet-asphalt-slight.jpg,240,360,148.8945138888889,959.2246415025667,False,train
c:/Users/Rivan/Projects/AI_Grand_Prix/data/_hf_snapshot/test_50k/20220715002707292-wet-asphalt-severe.jpg,DAMP,202207150027,wet,asphalt,severe,20220715002707292,b9c177eece9855266b8d49c33852a00dc2e6fbbdef3493f703a8e50d847e0c49,20220715002707292-wet-asphalt-severe.jpg,240,360,137.41832175925927,2337.481051740398,False,train
c:/Users/Rivan/Projects/AI_Grand_Prix/data/_hf_snapshot/test_50k/20220715002710812-wet-asphalt-smooth.jpg,DAMP,202207150027,wet,asphalt,smooth,20220715002710812,2dd5c4d12e44bd0685b75c05a2b60d9f8e172005d7f0d1190400edec6defb86a,20220715002710812-wet-asphalt-smooth.jpg,240,360,107.44873842592592,1922.650207045182,False,train
c:/Users/Rivan/Projects/AI_Grand_Prix/data/_hf_snapshot/test_50k/2022071500271749-wet-asphalt-slight.jpg,DAMP,202207150027,wet,asphalt,slight,2022071500271749,2bcd8ea0807492245d4d49faf924eee0d7035d6dc106d6017acb3c4b78c63517,2022071500271749-wet-asphalt-slight.jpg,240,360,148.08221064814813,1084.4826737395779,False,train
c:/Users/Rivan/Projects/AI_Grand_Prix/data/_hf_snapshot/test_50k/20220715002718205-wet-asphalt-severe.jpg,DAMP,202207150027,wet,asphalt,severe,20220715002718205,c397f995716a2bc0b999c81e826375cf517dd82a464498a369d59408ec9e98ad,20220715002718205-wet-asphalt-severe.jpg,240,360,141.07525462962963,1047.6083836482715,False,train
c:/Users/Rivan/Projects/AI_Grand_Prix/data/_hf_snapshot/test_50k/20220715002718273-wet-asphalt-slight.jpg,DAMP,202207150027,wet,asphalt,slight,20220715002718273,84ffee99cb4e75ccfb422ae84fc8a28a26c66b5bf8aa0203a5913043ddc31153,20220715002718273-wet-asphalt-slight.jpg,240,360,115.92967592592592,946.9819170523352,False,train
c:/Users/Rivan/Projects/AI_Grand_Prix/data/_hf_snapshot/test_50k/20220715002719434-wet-asphalt-slight.jpg,DAMP,202207150027,wet,asphalt,slight,20220715002719434,bf9f96b3c6454e81ed16a7285834272bd420cd62b1e741414f5a6f8d9e810cbf,20220715002719434-wet-asphalt-slight.jpg,240,360,143.40608796296297,722.3844882630316,False,train
c:/Users/Rivan/Projects/AI_Grand_Prix/data/_hf_snapshot/test_50k/20220715002732661-wet-asphalt-severe.jpg,DAMP,202207150027,wet,asphalt,severe,20220715002732661,3db386298e5a80b64ae8e00f7b1f35afc7059baeba93aa58fcf902f3cc0280b0,20220715002732661-wet-asphalt-severe.jpg,240,360,136.48927083333334,936.7274635061674,False,train
c:/Users/Rivan/Projects/AI_Grand_Prix/data/_hf_snapshot/test_50k/20220715002732709-wet-asphalt-severe.jpg,DAMP,202207150027,wet,asphalt,severe,20220715002732709,98889c6a88debe4689cb99c6e05c6b9acaf34a59432c2fdc447ff46be6ef2cc7,20220715002732709-wet-asphalt-severe.jpg,240,360,130.85069444444446,1293.9251352493516,False,train
c:/Users/Rivan/Projects/AI_Grand_Prix/data/_hf_snapshot/test_50k/20220715002732808-wet-asphalt-severe.jpg,DAMP,202207150027,wet,asphalt,severe,20220715002732808,ef5c37c3c90d3cb2325d6284c89da9da31c431774b8983ee65ceea8c71de5db0,20220715002732808-wet-asphalt-severe.jpg,240,360,130.06293981481483,2075.9397274293497,False,train
c:/Users/Rivan/Projects/AI_Grand_Prix/data/_hf_snapshot/test_50k/20220715002733823-wet-asphalt-smooth.jpg,DAMP,202207150027,wet,asphalt,smooth,20220715002733823,2a87933e8f1f151676cd901b795086a70474ec9f152c8e3b4d492620fb0a2381,20220715002733823-wet-asphalt-smooth.jpg,240,360,104.55199074074073,1743.0759330792125,False,train
c:/Users/Rivan/Projects/AI_Grand_Prix/data/_hf_snapshot/test_50k/20220715002733842-wet-asphalt-slight.jpg,DAMP,202207150027,wet,asphalt,slight,20220715002733842,9d89604dcf8b8baf397d5ae34697651c5e7e27bcf9ff19170e18c75cf206f885,20220715002733842-wet-asphalt-slight.jpg,240,360,133.7492824074074,1046.8203286810647,False,train
c:/Users/Rivan/Projects/AI_Grand_Prix/data/_hf_snapshot/test_50k/20220715002737666-wet-asphalt-slight.jpg,DAMP,202207150027,wet,asphalt,slight,20220715002737666,90d515255ee2132fe1b19a6a85715d107e54cc70e274bb71170ba0fb785b2503,20220715002737666-wet-asphalt-slight.jpg,240,360,128.5719212962963,1475.2993555362655,False,train
c:/Users/Rivan/Projects/AI_Grand_Prix/data/_hf_snapshot/test_50k/20220715002737670-wet-asphalt-slight.jpg,DAMP,202207150027,wet,asphalt,slight,20220715002737670,d8385c056fe90261fd7a7fc9d68cdf8531ab84578fd4dbd9aa4c6bf26092a36d,20220715002737670-wet-asphalt-slight.jpg,240,360,126.47798611111111,855.7152198023833,False,train
c:/Users/Rivan/Projects/AI_Grand_Prix/data/_hf_snapshot/test_50k/20220715002738777-wet-asphalt-severe.jpg,DAMP,202207150027,wet,asphalt,severe,20220715002738777,4d8439d04b4793d9fdcf7407d07c6dca6b147aedfe308cf2ff0bc61c837b8574,20220715002738777-wet-asphalt-severe.jpg,240,360,114.82888888888888,1746.9593844114368,False,train
c:/Users/Rivan/Projects/AI_Grand_Prix/data/_hf_snapshot/test_50k/20220715002738783-wet-asphalt-severe.jpg,DAMP,202207150027,wet,asphalt,severe,20220715002738783,a9464660a5f0d67bd3bea72526e267341ad36dc64ce0026dc2d7c79ca4dcab0b,20220715002738783-wet-asphalt-severe.jpg,240,360,120.99263888888889,2396.8570311728395,False,train
c:/Users/Rivan/Projects/AI_Grand_Prix/data/_hf_snapshot/test_50k/20220715002738895-wet-asphalt-slight.jpg,DAMP,202207150027,wet,asphalt,slight,20220715002738895,d6584d8a57e4abcd5610b96dc89b8aa758b9ffe93694abd24978fef2297e7351,20220715002738895-wet-asphalt-slight.jpg,240,360,123.52967592592593,1259.7774099772805,False,train
c:/Users/Rivan/Projects/AI_Grand_Prix/data/_hf_snapshot/test_50k/2022071500273935-water-asphalt-severe.jpg,WET,202207150027,water,asphalt,severe,2022071500273935,aadf45f7c38d112c8ec10b55e43967def2755f37d485513f5cc1298a8b035ff6,2022071500273935-water-asphalt-severe.jpg,240,360,120.88657407407408,887.7722525558074,False,train
c:/Users/Rivan/Projects/AI_Grand_Prix/data/_hf_snapshot/test_50k/2022071500273980-water-asphalt-severe.jpg,WET,202207150027,water,asphalt,severe,2022071500273980,4a2e4d5a1ee1e3373b21f970ceef92afa3660fe1dee11578489683693ccfe815,2022071500273980-water-asphalt-severe.jpg,240,360,108.63641203703703,1731.1020428192514,False,train
c:/Users/Rivan/Projects/AI_Grand_Prix/data/_hf_snapshot/test_50k/20220715002740172-wet-asphalt-smooth.jpg,DAMP,202207150027,wet,asphalt,smooth,20220715002740172,64945c3425ca3410fb3e065a703f32904ececea5a73f3869a7730811b592bfa2,20220715002740172-wet-asphalt-smooth.jpg,240,360,120.10520833333334,2441.4203837427126,False,train
c:/Users/Rivan/Projects/AI_Grand_Prix/data/_hf_snapshot/test_50k/20220715002740189-wet-asphalt-smooth.jpg,DAMP,202207150027,wet,asphalt,smooth,20220715002740189,3bdc295293670533ef07f11800c73ba2682d5b6bedfe7b26a2bde3f048d3ccdd,20220715002740189-wet-asphalt-smooth.jpg,240,360,109.85356481481482,2054.1743556964802,False,train
c:/Users/Rivan/Projects/AI_Grand_Prix/data/_hf_snapshot/test_50k/20220715002741358-water-asphalt-slight.jpg,WET,202207150027,water,asphalt,slight,20220715002741358,763523c580fc1c8ad5a7d19d4433be7784fb986432079939dc0f8951bebb14fb,20220715002741358-water-asphalt-slight.jpg,240,360,130.28305555555556,648.1224420459052,False,train
c:/Users/Rivan/Projects/AI_Grand_Prix/data/_hf_snapshot/test_50k/20220715002741364-water-asphalt-severe.jpg,WET,202207150027,water,asphalt,severe,20220715002741364,378cf228ea45b0f18bc2839f9d9de74f960e5af4344c141768da8fe888a223e6,20220715002741364-water-asphalt-severe.jpg,240,360,119.5019212962963,2907.159094744513,False,train
c:/Users/Rivan/Projects/AI_Grand_Prix/data/_hf_snapshot/test_50k/20220715002741414-water-asphalt-severe.jpg,WET,202207150027,water,asphalt,severe,20220715002741414,55ba6d9ee43dd0362fd7bcbda357abce8e7314ee4ed5ee91e53a469899193a42,20220715002741414-water-asphalt-severe.jpg,240,360,122.1878587962963,1992.131585068239,False,train
c:/Users/Rivan/Projects/AI_Grand_Prix/data/_hf_snapshot/test_50k/20220715002742501-wet-asphalt-severe.jpg,DAMP,202207150027,wet,asphalt,severe,20220715002742501,659e1e68a26ebd8b0b2aaf2b5a39bd8d7501dbe4844c3a3c8f85c6e34afc1f76,20220715002742501-wet-asphalt-severe.jpg,240,360,112.9631712962963,1516.5086717764061,False,train
c:/Users/Rivan/Projects/AI_Grand_Prix/data/_hf_snapshot/test_50k/20220715002742515-water-asphalt-severe.jpg,WET,202207150027,water,asphalt,severe,20220715002742515,7c94331b766a41aff7fb9b5b30f912b6880535923f33299944d1c0e773a70e0a,20220715002742515-water-asphalt-severe.jpg,240,360,119.04480324074073,1144.010005780473,False,train
c:/Users/Rivan/Projects/AI_Grand_Prix/data/_hf_snapshot/test_50k/20220715002742567-water-asphalt-severe.jpg,WET,202207150027,water,asphalt,severe,20220715002742567,54596a390314d21fa82c46c2e00eeb1569adb36cff89d523d27ede2dcdfbda54,20220715002742567-water-asphalt-severe.jpg,240,360,118.3474074074074,2712.9325138111926,False,train
c:/Users/Rivan/Projects/AI_Grand_Prix/data/_hf_snapshot/test_50k/20220715002743663-wet-asphalt-severe.jpg,DAMP,202207150027,wet,asphalt,severe,20220715002743663,3e3d958c984a4c80e848e01cc5d46e19727af436641a04233ba08d78e4e16a88,20220715002743663-wet-asphalt-severe.jpg,240,360,116.58847222222222,2844.087354246908,False,train
c:/Users/Rivan/Projects/AI_Grand_Prix/data/_hf_snapshot/test_50k/20220715002746280-water-asphalt-slight.jpg,WET,202207150027,water,asphalt,slight,20220715002746280,7fda64f991093a54777435e7388d3712d2558e147fd1209f02425c53bbea28a0,20220715002746280-water-asphalt-slight.jpg,240,360,132.67216435185185,1458.2917700798127,False,train
c:/Users/Rivan/Projects/AI_Grand_Prix/data/_hf_snapshot/test_50k/20220715002747419-wet-asphalt-slight.jpg,DAMP,202207150027,wet,asphalt,slight,20220715002747419,7b4f30fe0e9ff4b6ea37ef6cf239494965f7c78c3b5bdc94556ef619a4787b04,20220715002747419-wet-asphalt-slight.jpg,240,360,113.98165509259259,1158.879844216044,False,train
c:/Users/Rivan/Projects/AI_Grand_Prix/data/_hf_snapshot/test_50k/20220715002756228-wet-asphalt-smooth.jpg,DAMP,202207150027,wet,asphalt,smooth,20220715002756228,473a93b7fc77ac29ec7e7d9d6c8ccf5fa072558145ffdd385a28ed091f9faf8e,20220715002756228-wet-asphalt-smooth.jpg,240,360,110.57152777777777,800.234254483748,False,train
c:/Users/Rivan/Projects/AI_Grand_Prix/data/_hf_snapshot/test_50k/20220715002758444-wet-asphalt-smooth.jpg,DAMP,202207150027,wet,asphalt,smooth,20220715002758444,1cf08edbaffe0492adb1364518aee942532050a6d717382bfbc12bc1fa0b969b,20220715002758444-wet-asphalt-smooth.jpg,240,360,108.22840277777777,845.2764613291968,False,train
c:/Users/Rivan/Projects/AI_Grand_Prix/data/_hf_snapshot/test_50k/20220715003005104-wet-asphalt-slight.jpg,DAMP,202207150030,wet,asphalt,slight,20220715003005104,481d1f4c5fd25802ddce93b24568027a7909ac83f9d7c1905408b9cfa19485f6,20220715003005104-wet-asphalt-slight.jpg,240,360,98.16520833333334,338.49434488811727,False,train
c:/Users/Rivan/Projects/AI_Grand_Prix/data/_hf_snapshot/test_50k/2022071500300557-wet-asphalt-slight.jpg,DAMP,202207150030,wet,asphalt,slight,2022071500300557,0bb529b1ddf3cb493d032770f8c72082bf95c934b04d6670153193ca8cebdc1b,2022071500300557-wet-asphalt-slight.jpg,240,360,102.67783564814815,157.30151440114884,False,train
c:/Users/Rivan/Projects/AI_Grand_Prix/data/_hf_snapshot/test_50k/20220715003006259-wet-asphalt-smooth.jpg,DAMP,202207150030,wet,asphalt,smooth,20220715003006259,d857b6c4fa290245b36414a5172272d2af31f8ffd653f7dd2a8420e7313095d1,20220715003006259-wet-asphalt-smooth.jpg,240,360,134.02234953703703,488.37807776920437,False,train
c:/Users/Rivan/Projects/AI_Grand_Prix/data/_hf_snapshot/test_50k/20220715003006292-wet-asphalt-slight.jpg,DAMP,202207150030,wet,asphalt,slight,20220715003006292,8501f5bb1f89d5174e1c3138de050a880b568fb71167babfc00975a451ba4842,20220715003006292-wet-asphalt-slight.jpg,240,360,125.16997685185186,1219.57347029321,False,train
c:/Users/Rivan/Projects/AI_Grand_Prix/data/_hf_snapshot/test_50k/20220715003007392-wet-asphalt-slight.jpg,DAMP,202207150030,wet,asphalt,slight,20220715003007392,70dbb9528d716d62458521e1d4bd70d5d351b8d6687a4da0fafb6ba447f9c41e,20220715003007392-wet-asphalt-slight.jpg,240,360,103.83694444444444,539.7703076340664,False,train
c:/Users/Rivan/Projects/AI_Grand_Prix/data/_hf_snapshot/test_50k/20220715003007470-wet-asphalt-slight.jpg,DAMP,202207150030,wet,asphalt,slight,20220715003007470,ce3bd988c5bd9ac393406703ea057e5599371a813edffeccc83bc981242ffeaf,20220715003007470-wet-asphalt-slight.jpg,240,360,138.5292824074074,609.6491970078876,False,train
c:/Users/Rivan/Projects/AI_Grand_Prix/data/_hf_snapshot/test_50k/20220715003007474-wet-asphalt-slight.jpg,DAMP,202207150030,wet,asphalt,slight,20220715003007474,2f6be859c57eda78bff429b9750c0cf4a388c1e8dc5c4c9f4bb68b98790be494,20220715003007474-wet-asphalt-slight.jpg,240,360,121.38706018518519,764.8786720486111,False,train
c:/Users/Rivan/Projects/AI_Grand_Prix/data/_hf_snapshot/test_50k/20220715003008487-wet-asphalt-slight.jpg,DAMP,202207150030,wet,asphalt,slight,20220715003008487,8fd87e5ae86055a0a7b23bc00071a8bc8f3ca31192a98fb10989a85152516a88,20220715003008487-wet-asphalt-slight.jpg,240,360,116.17773148148149,701.9597673502604,False,train
c:/Users/Rivan/Projects/AI_Grand_Prix/data/_hf_snapshot/test_50k/2022071500301031-wet-asphalt-slight.jpg,DAMP,202207150030,wet,asphalt,slight,2022071500301031,a75779b05d5e8db4cdf8f7607b67f5e8748ae38f188ac2417c71afba26c2c22b,2022071500301031-wet-asphalt-slight.jpg,240,360,110.98766203703704,685.1690970078876,False,train
c:/Users/Rivan/Projects/AI_Grand_Prix/data/_hf_snapshot/test_50k/202207150030105-wet-asphalt-slight.jpg,DAMP,202207150030,wet,asphalt,slight,202207150030105,1ffa07123a16dcb02d0ab6641453f76eb12461dae0c723e0e5840319d26474f8,202207150030105-wet-asphalt-slight.jpg,240,360,119.3103587962963,1190.2327828112946,False,train
c:/Users/Rivan/Projects/AI_Grand_Prix/data/_hf_snapshot/test_50k/20220715003010879-wet-asphalt-slight.jpg,DAMP,202207150030,wet,asphalt,slight,20220715003010879,9cfbb4e300b8eb147ffa174041225f9036bb408b8e449277db92898e8745e75c,20220715003010879-wet-asphalt-slight.jpg,240,360,114.92297453703704,932.1564633957851,False,train
c:/Users/Rivan/Projects/AI_Grand_Prix/data/_hf_snapshot/test_50k/20220715003011104-wet-asphalt-slight.jpg,DAMP,202207150030,wet,asphalt,slight,20220715003011104,cc971ded48c1a2f3610604073cee0fc4bc42597965904128a7a7f51b21d352d6,20220715003011104-wet-asphalt-slight.jpg,240,360,107.3301736111111,902.6200385802471,False,train
c:/Users/Rivan/Projects/AI_Grand_Prix/data/_hf_snapshot/test_50k/2022071500301182-wet-asphalt-slight.jpg,DAMP,202207150030,wet,asphalt,slight,2022071500301182,a882060a20ef8fb2915da2b2e3d033b8e64f71e15d1d40962245611f320e85d1,2022071500301182-wet-asphalt-slight.jpg,240,360,102.12254629629629,705.4233953167867,False,train
c:/Users/Rivan/Projects/AI_Grand_Prix/data/_hf_snapshot/test_50k/20220715003012246-wet-asphalt-slight.jpg,DAMP,202207150030,wet,asphalt,slight,20220715003012246,49c2ad2ebe17416aad0e417fa3cbcc0a04791804b9f7d3ab3e31fb34d2785bd1,20220715003012246-wet-asphalt-slight.jpg,240,360,127.69930555555555,1076.8729024669924,False,train
c:/Users/Rivan/Projects/AI_Grand_Prix/data/_hf_snapshot/test_50k/20220715003012370-wet-asphalt-slight.jpg,DAMP,202207150030,wet,asphalt,slight,20220715003012370,ad46916c3c144cf4d9893864cb0186a249628ad0d148bc1f9a3fb142507d124b,20220715003012370-wet-asphalt-slight.jpg,240,360,111.10538194444445,631.0569713861828,False,train
c:/Users/Rivan/Projects/AI_Grand_Prix/data/_hf_snapshot/test_50k/20220715003012397-wet-asphalt-slight.jpg,DAMP,202207150030,wet,asphalt,slight,20220715003012397,2a21f379deaa2edbe9644fb5ca3d1146e6350d83c4d21fdfbde8f7d773fb7acd,20220715003012397-wet-asphalt-slight.jpg,240,360,129.35436342592592,849.4404704646777,False,train
c:/Users/Rivan/Projects/AI_Grand_Prix/data/_hf_snapshot/test_50k/20220715003012402-wet-asphalt-slight.jpg,DAMP,202207150030,wet,asphalt,slight,20220715003012402,f7d9cb024d74412221e583e66f504441614d4c5036898412a11d03c15f1e90ab,20220715003012402-wet-asphalt-slight.jpg,240,360,106.87116898148147,964.3821576419699,False,train
c:/Users/Rivan/Projects/AI_Grand_Prix/data/_hf_snapshot/test_50k/20220715003014683-wet-asphalt-slight.jpg,DAMP,202207150030,wet,asphalt,slight,20220715003014683,ef80f5a82f34836221f47718f397b9c04157c5c213895f4dc85f27665b681723,20220715003014683-wet-asphalt-slight.jpg,240,360,115.83729166666667,700.7858862825789,False,train
c:/Users/Rivan/Projects/AI_Grand_Prix/data/_hf_snapshot/test_50k/20220715003014685-wet-asphalt-slight.jpg,DAMP,202207150030,wet,asphalt,slight,20220715003014685,be2592f43ecc385d0b07aa723a0ff7bc328606f9b670304f6c99e2f3ffa84397,20220715003014685-wet-asphalt-slight.jpg,240,360,153.1803125,1436.0558690134978,False,train
c:/Users/Rivan/Projects/AI_Grand_Prix/data/_hf_snapshot/test_50k/20220715003015781-wet-asphalt-slight.jpg,DAMP,202207150030,wet,asphalt,slight,20220715003015781,beb15a13529886bcef4a08231fdad952eb24dcb696262188bf705ff1b9b1dbbb,20220715003015781-wet-asphalt-slight.jpg,240,360,153.48354166666667,1371.3187688394848,False,train
c:/Users/Rivan/Projects/AI_Grand_Prix/data/_hf_snapshot/test_50k/20220715003015785-wet-asphalt-slight.jpg,DAMP,202207150030,wet,asphalt,slight,20220715003015785,4209a35e5d89e3eef65f16dc64ac80a30fae67183ae5df44549e58534268050c,20220715003015785-wet-asphalt-slight.jpg,240,360,129.16400462962963,1384.5202225757405,False,train
c:/Users/Rivan/Projects/AI_Grand_Prix/data/_hf_snapshot/test_50k/20220715003015811-wet-asphalt-slight.jpg,DAMP,202207150030,wet,asphalt,slight,20220715003015811,4c686098e5ea6c2e20c0764e813fe66de6d67d9b2a4f3ba6319b49e9700c722e,20220715003015811-wet-asphalt-slight.jpg,240,360,128.50700231481483,610.8595917159636,False,train
c:/Users/Rivan/Projects/AI_Grand_Prix/data/_hf_snapshot/test_50k/2022071500301691-wet-asphalt-slight.jpg,DAMP,202207150030,wet,asphalt,slight,2022071500301691,0179a252d6fbed842fd92f2badee3ba3dbd4f78b7e3a4e7ee5b24a1f14c1141f,2022071500301691-wet-asphalt-slight.jpg,240,360,123.9664699074074,515.4491034913784,False,train
c:/Users/Rivan/Projects/AI_Grand_Prix/data/_hf_snapshot/test_50k/20220715003018375-wet-asphalt-slight.jpg,DAMP,202207150030,wet,asphalt,slight,20220715003018375,855cf1441db65ff7ece012c4cd07b7f6ceb7e89fbf98162afd64bf94f8f5627d,20220715003018375-wet-asphalt-slight.jpg,240,360,111.64092592592593,809.8587404320989,False,train
c:/Users/Rivan/Projects/AI_Grand_Prix/data/_hf_snapshot/test_50k/20220715003018393-wet-asphalt-slight.jpg,DAMP,202207150030,wet,asphalt,slight,20220715003018393,a390aac1f0afaaf34cc6c26f0a9477cbf4e8bb4a8f4b3147fb9aa478c70541d1,20220715003018393-wet-asphalt-slight.jpg,240,360,107.79174768518519,850.0276438957477,False,train
c:/Users/Rivan/Projects/AI_Grand_Prix/data/_hf_snapshot/test_50k/20220715003018395-wet-asphalt-slight.jpg,DAMP,202207150030,wet,asphalt,slight,20220715003018395,cf95a6a3cfad6f5c210585f5853aad232ffad365f955c5dc5bffd468228725d8,20220715003018395-wet-asphalt-slight.jpg,240,360,106.70190972222223,905.798863999807,False,train
c:/Users/Rivan/Projects/AI_Grand_Prix/data/_hf_snapshot/test_50k/2022071500302176-wet-asphalt-slight.jpg,DAMP,202207150030,wet,asphalt,slight,2022071500302176,9b0d732d2c33d8d82b9db6125111550feda77683e8c8fa0b91a5a9f681bdd73d,2022071500302176-wet-asphalt-slight.jpg,240,360,130.4108564814815,823.0823684883778,False,train
c:/Users/Rivan/Projects/AI_Grand_Prix/data/_hf_snapshot/test_50k/20220715003022151-wet-asphalt-slight.jpg,DAMP,202207150030,wet,asphalt,slight,20220715003022151,aa80c9785035a49dd49511b1977ec1ce8e27f94775ac13ec36f3fde55715f354,20220715003022151-wet-asphalt-slight.jpg,240,360,118.54300925925926,489.9794633968568,False,train
c:/Users/Rivan/Projects/AI_Grand_Prix/data/_hf_snapshot/test_50k/20220715003023317-dry-asphalt-slight.jpg,DRY,202207150030,dry,asphalt,slight,20220715003023317,a15d98adbe98e5b4c59b0a6597eb2ed636d6b874af650e7d8e5083fb690397d2,20220715003023317-dry-asphalt-slight.jpg,240,360,153.0047337962963,1198.8738922345196,False,train
c:/Users/Rivan/Projects/AI_Grand_Prix/data/_hf_snapshot/test_50k/20220715003023351-wet-asphalt-slight.jpg,DAMP,202207150030,wet,asphalt,slight,20220715003023351,2c04a0a521490df90ebcc3193a1986afd0b3dd36d271fd3e34fb034095feb7ae,20220715003023351-wet-asphalt-slight.jpg,240,360,114.54966435185185,1147.898686534958,False,train
c:/Users/Rivan/Projects/AI_Grand_Prix/data/_hf_snapshot/test_50k/20220715003024421-dry-asphalt-slight.jpg,DRY,202207150030,dry,asphalt,slight,20220715003024421,bb305310980669dd3f816f30428962735f6e7ce326231bc9dfe70a5baf76c692,20220715003024421-dry-asphalt-slight.jpg,240,360,128.1298263888889,1434.5029443672838,False,train
c:/Users/Rivan/Projects/AI_Grand_Prix/data/_hf_snapshot/test_50k/20220715003024425-dry-asphalt-slight.jpg,DRY,202207150030,dry,asphalt,slight,20220715003024425,b1c6d6b39d7ca7f8522acc9fc4162c438a9c1175adea0e8e08e2b2919a68bf03,20220715003024425-dry-asphalt-slight.jpg,240,360,126.52502314814815,1922.3592978393722,False,train
c:/Users/Rivan/Projects/AI_Grand_Prix/data/_hf_snapshot/test_50k/20220715003025581-dry-asphalt-slight.jpg,DRY,202207150030,dry,asphalt,slight,20220715003025581,98976d4499d512ab085c77ef315bb1e7ad085879d4c43ecbe3b9fd69aa3d4185,20220715003025581-dry-asphalt-slight.jpg,240,360,146.38945601851853,816.9133921274862,False,train
c:/Users/Rivan/Projects/AI_Grand_Prix/data/_hf_snapshot/test_50k/20220715003026803-dry-asphalt-slight.jpg,DRY,202207150030,dry,asphalt,slight,20220715003026803,5a88b0b1e43c235f0bed21b0ba8efc4b2df39e34cccc33a3ede2528346009d4f,20220715003026803-dry-asphalt-slight.jpg,240,360,102.70050925925926,921.782747144526,False,train
c:/Users/Rivan/Projects/AI_Grand_Prix/data/_hf_snapshot/test_50k/20220715003026825-dry-asphalt-smooth.jpg,DRY,202207150030,dry,asphalt,smooth,20220715003026825,1485113a2c8869375f3f67b1feceaf2d766d07cab7e77edad44baea572c6fe3b,20220715003026825-dry-asphalt-smooth.jpg,240,360,125.40172453703704,2019.0518620047528,False,train
c:/Users/Rivan/Projects/AI_Grand_Prix/data/_hf_snapshot/test_50k/20220715003028263-wet-asphalt-slight.jpg,DAMP,202207150030,wet,asphalt,slight,20220715003028263,639062f5ef7f3cd0ba16cf3bdca6c5d212e55395314bebcce59cca68054d83a6,20220715003028263-wet-asphalt-slight.jpg,240,360,97.96137731481481,905.4449085539642,False,train
c:/Users/Rivan/Projects/AI_Grand_Prix/data/_hf_snapshot/test_50k/20220715003028273-wet-asphalt-slight.jpg,DAMP,202207150030,wet,asphalt,slight,20220715003028273,98e55e1cd075dff83a2faaf570f0bf9035ede4bf6980c1d2b5138554701a4859,20220715003028273-wet-asphalt-slight.jpg,240,360,101.75981481481482,1693.4307400329003,False,train
c:/Users/Rivan/Projects/AI_Grand_Prix/data/_hf_snapshot/test_50k/20220715003029324-wet-asphalt-slight.jpg,DAMP,202207150030,wet,asphalt,slight,20220715003029324,d195bdca7c1b214dfed736faf686fd4b15c09dbd549d60f0bb3b0b14306d697e,20220715003029324-wet-asphalt-slight.jpg,240,360,97.77002314814816,642.4903862545814,False,train
c:/Users/Rivan/Projects/AI_Grand_Prix/data/_hf_snapshot/test_50k/20220715003029364-dry-asphalt-slight.jpg,DRY,202207150030,dry,asphalt,slight,20220715003029364,06faab857d78890f8818bcdd77685971a50b9c8219adfd81c8d82c89f8228f16,20220715003029364-dry-asphalt-slight.jpg,240,360,138.9799074074074,1754.3623709746603,False,train
c:/Users/Rivan/Projects/AI_Grand_Prix/data/_hf_snapshot/test_50k/20220715003029368-dry-asphalt-slight.jpg,DRY,202207150030,dry,asphalt,slight,20220715003029368,70f76978256034ddbdcaf913ef014ff123a212f8ac06abf6261a4cc21e11d6b7,20220715003029368-dry-asphalt-slight.jpg,240,360,121.39310185185185,1453.4773735659667,False,train
c:/Users/Rivan/Projects/AI_Grand_Prix/data/_hf_snapshot/test_50k/20220715003029472-wet-asphalt-slight.jpg,DAMP,202207150030,wet,asphalt,slight,20220715003029472,021b3acdbcb9b31f0cdeae0e59f66a53947a2aec3d85d003f8bf56c58821b2d7,20220715003029472-wet-asphalt-slight.jpg,240,360,118.73799768518519,1599.136573575612,False,train
c:/Users/Rivan/Projects/AI_Grand_Prix/data/_hf_snapshot/test_50k/20220715003031721-dry-asphalt-slight.jpg,DRY,202207150030,dry,asphalt,slight,20220715003031721,76138edeb8995ac1e27f338470d1f855ba2b7303a11ab9fe18750a4cc42e5477,20220715003031721-dry-asphalt-slight.jpg,240,360,144.0776273148148,1078.6290342291184,False,train
c:/Users/Rivan/Projects/AI_Grand_Prix/data/_hf_snapshot/test_50k/2022071500303258-dry-asphalt-slight.jpg,DRY,202207150030,dry,asphalt,slight,2022071500303258,1a553007f661d13d0e11658e717971b772ca2c6f9881114d1b6d42f0a76af4f5,2022071500303258-dry-asphalt-slight.jpg,240,360,108.16273148148149,1259.6730939214676,False,train
c:/Users/Rivan/Projects/AI_Grand_Prix/data/_hf_snapshot/test_50k/20220715003035412-dry-asphalt-slight.jpg,DRY,202207150030,dry,asphalt,slight,20220715003035412,15d797c46912448670f876319e9151f862fcbb2abdee7ba91c205da90c6d02fd,20220715003035412-dry-asphalt-slight.jpg,240,360,125.72890046296297,1553.5114382373115,False,train
c:/Users/Rivan/Projects/AI_Grand_Prix/data/_hf_snapshot/test_50k/20220715003037807-dry-asphalt-slight.jpg,DRY,202207150030,dry,asphalt,slight,20220715003037807,c597e11fc38ff24d29076e18df8091b237af431b3e091b63de8578ab82daae01,20220715003037807-dry-asphalt-slight.jpg,240,360,130.59967592592594,2506.514311432479,False,train
c:/Users/Rivan/Projects/AI_Grand_Prix/data/_hf_snapshot/test_50k/20220715003042769-dry-asphalt-slight.jpg,DRY,202207150030,dry,asphalt,slight,20220715003042769,ed1de6eec86788c964af741f1cda7849317b19b50fbcd4e657d27cb13f55599e,20220715003042769-dry-asphalt-slight.jpg,240,360,118.81855324074074,1411.3102952244888,False,train
c:/Users/Rivan/Projects/AI_Grand_Prix/data/_hf_snapshot/test_50k/20220715003043806-wet-asphalt-smooth.jpg,DAMP,202207150030,wet,asphalt,smooth,20220715003043806,ba65beea458be6487f8101568c7158fd07490f5182dfb9e8f2268c95e5e13ffa,20220715003043806-wet-asphalt-smooth.jpg,240,360,120.74880787037037,275.3656686706961,False,train
c:/Users/Rivan/Projects/AI_Grand_Prix/data/_hf_snapshot/test_50k/2022071500305149-wet-concrete-severe.jpg,DAMP,202207150030,wet,concrete,severe,2022071500305149,73eb95cf7e2f7174d08d6c50157440b440704b95099ed0cc9a10f22c52a50961,2022071500305149-wet-concrete-severe.jpg,240,360,138.0312847222222,720.6802891041613,False,train
c:/Users/Rivan/Projects/AI_Grand_Prix/data/_hf_snapshot/test_50k/20220715003054681-water-concrete-smooth.jpg,WET,202207150030,water,concrete,smooth,20220715003054681,81151484d2d11ec1712e024b964d4020921562ce7acff30aded4b00f9bd8c995,20220715003054681-water-concrete-smooth.jpg,240,360,132.28109953703705,362.8536699454517,False,train
c:/Users/Rivan/Projects/AI_Grand_Prix/data/_hf_snapshot/test_50k/20220715003054729-water-concrete-smooth.jpg,WET,202207150030,water,concrete,smooth,20220715003054729,ef5a6be2849a14ef40281c2f9123d99001ee454e166dcadd10f83cb38753000e,20220715003054729-water-concrete-smooth.jpg,240,360,130.20436342592592,170.9067219488115,False,train
c:/Users/Rivan/Projects/AI_Grand_Prix/data/_hf_snapshot/test_50k/20220715003055820-wet-concrete-smooth.jpg,DAMP,202207150030,wet,concrete,smooth,20220715003055820,bfe97d1d65e3301188f52dbe0c63de741d89aea5405251d00bf21351e167c179,20220715003055820-wet-concrete-smooth.jpg,240,360,161.9642939814815,610.0659656201775,False,train
c:/Users/Rivan/Projects/AI_Grand_Prix/data/_hf_snapshot/test_50k/20220715003056177-wet-concrete-smooth.jpg,DAMP,202207150030,wet,concrete,smooth,20220715003056177,decd27fbfca84aef1d6b3283696b333444f4965dc4e96eb23429ebf0602e6dc0,20220715003056177-wet-concrete-smooth.jpg,240,360,125.3647800925926,42.96457171089999,False,train
c:/Users/Rivan/Projects/AI_Grand_Prix/data/_hf_snapshot/test_50k/20220719210708752-dry-concrete-smooth.jpg,DRY,202207192107,dry,concrete,smooth,20220719210708752,05bd0ad00a64d359c221fee0836e5cbd8113302cfa5d63f23cb7cd64764425d8,20220719210708752-dry-concrete-smooth.jpg,240,360,196.10208333333333,6.338066068538881,False,train
c:/Users/Rivan/Projects/AI_Grand_Prix/data/_hf_snapshot/test_50k/20220719210709859-dry-concrete-slight.jpg,DRY,202207192107,dry,concrete,slight,20220719210709859,fb73633578691a96a1469d0dc3f5b57e871a840018c3c44952d67f1441f5ee51,20220719210709859-dry-concrete-slight.jpg,240,360,192.3120949074074,27.601064600480107,False,train
c:/Users/Rivan/Projects/AI_Grand_Prix/data/_hf_snapshot/test_50k/20220719210715761-dry-concrete-slight.jpg,DRY,202207192107,dry,concrete,slight,20220719210715761,952e6a9409bd69988e2c4bcae1f2556b7841a8c4c569c67c74c1e7fbed61dd53,20220719210715761-dry-concrete-slight.jpg,240,360,204.55864583333334,722.643853571754,False,train
c:/Users/Rivan/Projects/AI_Grand_Prix/data/_hf_snapshot/test_50k/2022071922261527-wet-asphalt-slight.jpg,DAMP,202207192226,wet,asphalt,slight,2022071922261527,0cba303b6f1c67949d767c5a19d7036c67a16fae15354c32fb7a6534793d5c43,2022071922261527-wet-asphalt-slight.jpg,240,360,115.60699074074074,715.824915602361,False,train
c:/Users/Rivan/Projects/AI_Grand_Prix/data/_hf_snapshot/test_50k/20220719222622201-dry-asphalt-slight.jpg,DRY,202207192226,dry,asphalt,slight,20220719222622201,1b2a3d16fc979c3a9d6db5f012fe05e57f9b1fdc5a6ef1de0a7a3a1f5019a1a0,20220719222622201-dry-asphalt-slight.jpg,240,360,117.67618055555556,201.80162673128856,False,train
c:/Users/Rivan/Projects/AI_Grand_Prix/data/_hf_snapshot/test_50k/20220719222633241-water-asphalt-smooth.jpg,WET,202207192226,water,asphalt,smooth,20220719222633241,85dc17ed5d4bb1f06711dc43ab83822816d0c8fe344aa91eb73819539994d507,20220719222633241-water-asphalt-smooth.jpg,240,360,142.2783564814815,173.98814462113666,False,train
c:/Users/Rivan/Projects/AI_Grand_Prix/data/_hf_snapshot/test_50k/20220719222639372-wet-asphalt-smooth.jpg,DAMP,202207192226,wet,asphalt,smooth,20220719222639372,dc5eab78c7aadf600cf407bb4c6f3ee394aa1cb52878f21e06c376d7cb9c21d2,20220719222639372-wet-asphalt-smooth.jpg,240,360,108.53887731481481,303.1735459092882,False,train
c:/Users/Rivan/Projects/AI_Grand_Prix/data/_hf_snapshot/test_50k/2022071922264243-water-asphalt-severe.jpg,WET,202207192226,water,asphalt,severe,2022071922264243,f674d92e84c76853d1836f772cd7fc41e71f70a9a77625ea41ae311bc8518642,2022071922264243-water-asphalt-severe.jpg,240,360,118.51550925925926,101.76784957508143,False,train
c:/Users/Rivan/Projects/AI_Grand_Prix/data/_hf_snapshot/test_50k/2022071922264271-wet-asphalt-severe.jpg,DAMP,202207192226,wet,asphalt,severe,2022071922264271,e5d491f18e65ab7c41e0d392378b8a0070b2b799a4af6c07318553317129eae7,2022071922264271-wet-asphalt-severe.jpg,240,360,103.02106481481482,76.37334171596365,False,train
c:/Users/Rivan/Projects/AI_Grand_Prix/data/_hf_snapshot/test_50k/20220719222655504-dry-asphalt-slight.jpg,DRY,202207192226,dry,asphalt,slight,20220719222655504,b3c92b962c3adeb04901f0ba345bc7d42fe447db63d5e4c96d39e1a1855af09e,20220719222655504-dry-asphalt-slight.jpg,240,360,136.70474537037038,349.0316068993002,False,train
c:/Users/Rivan/Projects/AI_Grand_Prix/data/_hf_snapshot/test_50k/20220719222656693-dry-asphalt-slight.jpg,DRY,202207192226,dry,asphalt,slight,20220719222656693,fad04057805f27bd5ba3e0fc139f595fe01c423e577b76847e32596a15413aa5,20220719222656693-dry-asphalt-slight.jpg,240,360,140.4786689814815,188.80875188065306,False,train
c:/Users/Rivan/Projects/AI_Grand_Prix/data/_hf_snapshot/test_50k/20220719222658210-dry-asphalt-smooth.jpg,DRY,202207192226,dry,asphalt,smooth,20220719222658210,2813875cd2def43461fba4de8264c2b7575dcda470390295e5029676c90905f5,20220719222658210-dry-asphalt-smooth.jpg,240,360,139.9472800925926,23.37796230656293,False,train
c:/Users/Rivan/Projects/AI_Grand_Prix/data/_hf_snapshot/test_50k/20220719222715305-dry-concrete-smooth.jpg,DRY,202207192227,dry,concrete,smooth,20220719222715305,d352c3f796dbf049f2444e9206d48fcf630e85f750935a17695f5288dea1d5f1,20220719222715305-dry-concrete-smooth.jpg,240,360,222.3830324074074,2.435483916323731,False,train
c:/Users/Rivan/Projects/AI_Grand_Prix/data/_hf_snapshot/test_50k/20220719222716475-dry-concrete-smooth.jpg,DRY,202207192227,dry,concrete,smooth,20220719222716475,6f9b62db37b99e3e734ebe5480a537f3156bf2b0d451a3d5936bcbb1bee8ffec,20220719222716475-dry-concrete-smooth.jpg,240,360,210.63358796296296,8.495312204084147,False,train
c:/Users/Rivan/Projects/AI_Grand_Prix/data/_hf_snapshot/test_50k/20220719222720404-dry-concrete-smooth.jpg,DRY,202207192227,dry,concrete,smooth,20220719222720404,d047a5d0323d1964b3846ca1eeb345ab04a9c86c04409eb33fb12149559cc659,20220719222720404-dry-concrete-smooth.jpg,240,360,215.88378472222223,14.843504574840322,False,train
c:/Users/Rivan/Projects/AI_Grand_Prix/data/_hf_snapshot/test_50k/2022071922272248-dry-concrete-smooth.jpg,DRY,202207192227,dry,concrete,smooth,2022071922272248,12a0050c35a671596378c72507334e23a7188f7da0cd2a689796e5d4a1c0d3f9,2022071922272248-dry-concrete-smooth.jpg,240,360,149.88105324074073,279.7188629543896,False,train
c:/Users/Rivan/Projects/AI_Grand_Prix/data/_hf_snapshot/test_50k/20220719222724403-dry-concrete-smooth.jpg,DRY,202207192227,dry,concrete,smooth,20220719222724403,fca4aa56bde6767547629a884c633aba138a20fbdc997f00e35bb15e82fdef77,20220719222724403-dry-concrete-smooth.jpg,240,360,115.81229166666667,18.183271903801227,False,train
c:/Users/Rivan/Projects/AI_Grand_Prix/data/_hf_snapshot/test_50k/20220719222726766-dry-concrete-smooth.jpg,DRY,202207192227,dry,concrete,smooth,20220719222726766,0ff6c36da0a3df23039af9046b39b302140f417c7db96625fe0a476dc4019c74,20220719222726766-dry-concrete-smooth.jpg,240,360,154.02519675925927,56.4785152379919,False,train
c:/Users/Rivan/Projects/AI_Grand_Prix/data/_hf_snapshot/test_50k/20220719222729265-dry-concrete-smooth.jpg,DRY,202207192227,dry,concrete,smooth,20220719222729265,8a7c66b6c5d92c1193961060999e1a8a2195fffc3c9c45bedf1bcbeb4dc26418,20220719222729265-dry-concrete-smooth.jpg,240,360,196.05033564814815,141.99347664809994,False,train
c:/Users/Rivan/Projects/AI_Grand_Prix/data/_hf_snapshot/test_50k/20220719222731686-dry-concrete-slight.jpg,DRY,202207192227,dry,concrete,slight,20220719222731686,ffc7216d316a4c2944f7835d77aa3904faf46a22d308ec179e373f66ac0b3fa6,20220719222731686-dry-concrete-slight.jpg,240,360,156.69650462962963,167.67384639703357,False,train
c:/Users/Rivan/Projects/AI_Grand_Prix/data/_hf_snapshot/test_50k/20220719223152359-dry-asphalt-smooth.jpg,DRY,202207192231,dry,asphalt,smooth,20220719223152359,52c8b6e82e8d2684392789c843219ded952a7b95589bb4cf99e190b76965770d,20220719223152359-dry-asphalt-smooth.jpg,240,360,132.1995486111111,67.64487147620349,False,train
c:/Users/Rivan/Projects/AI_Grand_Prix/data/_hf_snapshot/test_50k/20220719223221284-dry-asphalt-smooth.jpg,DRY,202207192232,dry,asphalt,smooth,20220719223221284,b5f18c3a90f3808933cae91e5cd58addca9473990c4abc6eb8fa4f8d5318f2a8,20220719223221284-dry-asphalt-smooth.jpg,240,360,189.24356481481482,84.50423888406635,False,train
c:/Users/Rivan/Projects/AI_Grand_Prix/data/_hf_snapshot/test_50k/20220720114843175-wet-concrete-severe.jpg,DAMP,202207201148,wet,concrete,severe,20220720114843175,27b51e5272264687d0ce1454ca39abbca299d8822932c1250b1c432ef083ffeb,20220720114843175-wet-concrete-severe.jpg,240,360,168.73892361111112,1230.7622094895353,False,train
c:/Users/Rivan/Projects/AI_Grand_Prix/data/_hf_snapshot/test_50k/20220720114843179-wet-concrete-slight.jpg,DAMP,202207201148,wet,concrete,slight,20220720114843179,e80edc5cd6cb93aa61680935b1c2865ea4be52799fdfd3d3ba84eeac9ae16213,20220720114843179-wet-concrete-slight.jpg,240,360,146.2526851851852,1425.9706897955248,False,train
c:/Users/Rivan/Projects/AI_Grand_Prix/data/_hf_snapshot/test_50k/20220720114844270-wet-concrete-slight.jpg,DAMP,202207201148,wet,concrete,slight,20220720114844270,1882890d94c4f080965cd313bb9353ccb3cdaf3e0b8411bfd6b76337b697b5cf,20220720114844270-wet-concrete-slight.jpg,240,360,136.09347222222223,607.5595915207851,False,train
c:/Users/Rivan/Projects/AI_Grand_Prix/data/_hf_snapshot/test_50k/20220720114844309-wet-concrete-slight.jpg,DAMP,202207201148,wet,concrete,slight,20220720114844309,a04b70bafafb0793c81259738b8d68e88e8d124e7e63c86cf00a60d0c825157a,20220720114844309-wet-concrete-slight.jpg,240,360,133.13197916666667,861.5470486062886,False,train
c:/Users/Rivan/Projects/AI_Grand_Prix/data/_hf_snapshot/test_50k/20220720114845423-water-concrete-slight.jpg,WET,202207201148,water,concrete,slight,20220720114845423,a4fac06f7827227814a45778b1c6943c59d1ad3a8d5e8edb092a59f81cbc35a7,20220720114845423-water-concrete-slight.jpg,240,360,114.37590277777778,1370.5903319346655,False,train
c:/Users/Rivan/Projects/AI_Grand_Prix/data/_hf_snapshot/test_50k/20220720114845482-water-concrete-severe.jpg,WET,202207201148,water,concrete,severe,20220720114845482,0c08419a309200b1e02495447c41d2568676c15a3671992d4f3b3520fb2b3b00,20220720114845482-water-concrete-severe.jpg,240,360,137.83046296296297,652.1713500673815,False,train
c:/Users/Rivan/Projects/AI_Grand_Prix/data/_hf_snapshot/test_50k/20220720114845529-wet-concrete-severe.jpg,DAMP,202207201148,wet,concrete,severe,20220720114845529,400e6fa47d548b429c5b597cdcceb7114e8b41a1c1be218f9c356cbffdd03353,20220720114845529-wet-concrete-severe.jpg,240,360,136.35697916666666,726.7468784288194,False,train
c:/Users/Rivan/Projects/AI_Grand_Prix/data/_hf_snapshot/test_50k/20220720114845558-wet-concrete-severe.jpg,DAMP,202207201148,wet,concrete,severe,20220720114845558,cab1c4d95d8f939349f80e7ddad4854de3c4e5444c7da5a6c4b67a50e5ba568f,20220720114845558-wet-concrete-severe.jpg,240,360,119.66152777777778,2836.768150226659,False,train
c:/Users/Rivan/Projects/AI_Grand_Prix/data/_hf_snapshot/test_50k/20220720114846633-wet-concrete-severe.jpg,DAMP,202207201148,wet,concrete,severe,20220720114846633,d286b7cfdfcc1c6545c390e6738e0f818dfd2368dbb3344e91c0acec8daca952,20220720114846633-wet-concrete-severe.jpg,240,360,125.03336805555556,1492.2282454646775,False,train
c:/Users/Rivan/Projects/AI_Grand_Prix/data/_hf_snapshot/test_50k/20220720114846737-water-concrete-slight.jpg,WET,202207201148,water,concrete,slight,20220720114846737,aa2e849f8b1ea35827c00a98cabfe2fcd0a861a395168819d1242ba1f8436032,20220720114846737-water-concrete-slight.jpg,240,360,140.22149305555556,829.9165294108743,False,train
c:/Users/Rivan/Projects/AI_Grand_Prix/data/_hf_snapshot/test_50k/20220720114847747-water-concrete-severe.jpg,WET,202207201148,water,concrete,severe,20220720114847747,76313d9ae95854013f580aa85867839db7ecf3df87f5e1ee05aa5dc0477318ce,20220720114847747-water-concrete-severe.jpg,240,360,105.25606481481482,1124.0634067638673,False,train
c:/Users/Rivan/Projects/AI_Grand_Prix/data/_hf_snapshot/test_50k/20220720114847766-wet-concrete-smooth.jpg,DAMP,202207201148,wet,concrete,smooth,20220720114847766,0ba20aa0b6d8664906698a1c1696748183fce85c753b7a6daa8c4bc611bd07e1,20220720114847766-wet-concrete-smooth.jpg,240,360,131.36331018518518,576.4223744513032,False,train
c:/Users/Rivan/Projects/AI_Grand_Prix/data/_hf_snapshot/test_50k/20220720114847852-wet-concrete-slight.jpg,DAMP,202207201148,wet,concrete,slight,20220720114847852,6fb12d06c9a59aa98b34f4c7f0dee005fa4af15dc599ec8be4eafc37a575ba9f,20220720114847852-wet-concrete-slight.jpg,240,360,115.87712962962964,1244.6049294719596,False,train
c:/Users/Rivan/Projects/AI_Grand_Prix/data/_hf_snapshot/test_50k/20220720114848125-water-concrete-slight.jpg,WET,202207201148,water,concrete,slight,20220720114848125,c4405ee49033e5486c477972301d1b467cda2da51a321025ec51c39abb90e022,20220720114848125-water-concrete-slight.jpg,240,360,137.55109953703703,1372.3935647612313,False,train
c:/Users/Rivan/Projects/AI_Grand_Prix/data/_hf_snapshot/test_50k/20220720114848172-wet-concrete-slight.jpg,DAMP,202207201148,wet,concrete,slight,20220720114848172,33d8dd411f61efa90f9b5b329eb4b774e9403803a520ea1c70e2de89a30206d7,20220720114848172-wet-concrete-slight.jpg,240,360,143.1269560185185,704.2879062065973,False,train
c:/Users/Rivan/Projects/AI_Grand_Prix/data/_hf_snapshot/test_50k/2022072011484848-water-concrete-slight.jpg,WET,202207201148,water,concrete,slight,2022072011484848,014be609dd46f37798cccb0fa8f50a1552e48bc3b798437c2dc826aa8d0fa82a,2022072011484848-water-concrete-slight.jpg,240,360,138.56363425925926,734.9671562487944,False,train
c:/Users/Rivan/Projects/AI_Grand_Prix/data/_hf_snapshot/test_50k/20220720114850411-wet-concrete-slight.jpg,DAMP,202207201148,wet,concrete,slight,20220720114850411,dd21035163104718bbb71714a166d026b886f66c09a0ffee6bfccded59b3ebe4,20220720114850411-wet-concrete-slight.jpg,240,360,128.25793981481482,539.2890953703704,False,train
c:/Users/Rivan/Projects/AI_Grand_Prix/data/_hf_snapshot/test_50k/20220720114850498-wet-concrete-slight.jpg,DAMP,202207201148,wet,concrete,slight,20220720114850498,b4073ccaa3f6900c95da571b8b140de1cfd55cf1fafbef8ba56057b04b4b0ff8,20220720114850498-wet-concrete-slight.jpg,240,360,140.00686342592593,667.2925501434703,False,train
c:/Users/Rivan/Projects/AI_Grand_Prix/data/_hf_snapshot/test_50k/20220720114850504-wet-concrete-slight.jpg,DAMP,202207201148,wet,concrete,slight,20220720114850504,9bce0c7df676fd5f8498925a128dfc75117d0bf59f8bb3803b143cd20eb26ced,20220720114850504-wet-concrete-slight.jpg,240,360,132.85828703703703,914.0578175335168,False,train
c:/Users/Rivan/Projects/AI_Grand_Prix/data/_hf_snapshot/test_50k/20220720114850529-wet-concrete-severe.jpg,DAMP,202207201148,wet,concrete,severe,20220720114850529,55866abb0e585fbd92a6096b9d7db7a62b95f58bcd09acf02e9a96c43441eb47,20220720114850529-wet-concrete-severe.jpg,240,360,122.46975694444444,735.3484952331961,False,train
c:/Users/Rivan/Projects/AI_Grand_Prix/data/_hf_snapshot/test_50k/20220720114850557-water-concrete-slight.jpg,WET,202207201148,water,concrete,slight,20220720114850557,49528f2fcfe837b8e9fd10f778abda6430c34db5e0048dfbd26d30229e548b98,20220720114850557-water-concrete-slight.jpg,240,360,131.8546412037037,1373.9163983698504,False,train
c:/Users/Rivan/Projects/AI_Grand_Prix/data/_hf_snapshot/test_50k/20220720114851745-wet-concrete-severe.jpg,DAMP,202207201148,wet,concrete,severe,20220720114851745,4d59ce1fadcb0f7a5713567a7d67b4a1357e9d6e6b4a2c4bef6f55505f0b3741,20220720114851745-wet-concrete-severe.jpg,240,360,117.54957175925927,1290.5563043980142,False,train
c:/Users/Rivan/Projects/AI_Grand_Prix/data/_hf_snapshot/test_50k/2022072011485234-water-concrete-slight.jpg,WET,202207201148,water,concrete,slight,2022072011485234,85403f9a01f5a5290a4d893284b0a712477e22ec65475938c697d543f7f3f4eb,2022072011485234-water-concrete-slight.jpg,240,360,118.8958912037037,833.7338484652296,False,train
c:/Users/Rivan/Projects/AI_Grand_Prix/data/_hf_snapshot/test_50k/20220720114852870-water-concrete-severe.jpg,WET,202207201148,water,concrete,severe,20220720114852870,c1ce6496197e0228c4d6541b62a80ed11089f527ccca7fa053bb4fec9fcccb64,20220720114852870-water-concrete-severe.jpg,240,360,127.4006712962963,1524.6273493279266,False,train
c:/Users/Rivan/Projects/AI_Grand_Prix/data/_hf_snapshot/test_50k/20220720114853107-wet-concrete-slight.jpg,DAMP,202207201148,wet,concrete,slight,20220720114853107,d34795da2b80c5d3bb55d0a2c09b9cbcca37649c08273aacfc644a20d386464d,20220720114853107-wet-concrete-slight.jpg,240,360,128.52186342592591,302.15138986290617,False,train
c:/Users/Rivan/Projects/AI_Grand_Prix/data/_hf_snapshot/test_50k/2022072011485368-wet-concrete-slight.jpg,DAMP,202207201148,wet,concrete,slight,2022072011485368,e84fa3b7f8d640b8529b3a620e6b7446e388ceee4b9bbf4ea858057976fe3202,2022072011485368-wet-concrete-slight.jpg,240,360,101.8390625,129.73534627700616,False,train
c:/Users/Rivan/Projects/AI_Grand_Prix/data/_hf_snapshot/test_50k/2022072011485372-water-concrete-slight.jpg,WET,202207201148,water,concrete,slight,2022072011485372,08bd3b1887d79ad86f9ec7ac4e9bae89401c2d84a5a555b118d122b83f1e1220,2022072011485372-water-concrete-slight.jpg,240,360,131.00412037037037,299.36392094786845,False,train
c:/Users/Rivan/Projects/AI_Grand_Prix/data/_hf_snapshot/test_50k/20220720114854261-wet-concrete-slight.jpg,DAMP,202207201148,wet,concrete,slight,20220720114854261,7cb72f7bf1ec5a117a0b06aaca0a9a364203af898b07537a309b7fd036a0a91c,20220720114854261-wet-concrete-slight.jpg,240,360,117.23047453703704,768.2728375738116,False,train
c:/Users/Rivan/Projects/AI_Grand_Prix/data/_hf_snapshot/test_50k/20220720114854270-water-concrete-slight.jpg,WET,202207201148,water,concrete,slight,20220720114854270,31b7567393112ccefae2e79f6ea676ce93404821878d1e7b8f2e06b6168b0ec8,20220720114854270-water-concrete-slight.jpg,240,360,134.86886574074074,1611.2526639612267,False,train
c:/Users/Rivan/Projects/AI_Grand_Prix/data/_hf_snapshot/test_50k/20220720114854280-water-concrete-slight.jpg,WET,202207201148,water,concrete,slight,20220720114854280,b490cbf7ac5e973bdd578b7d4bf799e922d5c5ffb0131f3be430f0f97bbecd08,20220720114854280-water-concrete-slight.jpg,240,360,113.66202546296296,1068.6135089115012,False,train
c:/Users/Rivan/Projects/AI_Grand_Prix/data/_hf_snapshot/test_50k/20220720114854320-water-concrete-slight.jpg,WET,202207201148,water,concrete,slight,20220720114854320,9880887f6d9521301ae943a0a35295d279b025988e4d90c9c665034ee3167f8d,20220720114854320-water-concrete-slight.jpg,240,360,107.2392824074074,131.56242872888802,False,train
c:/Users/Rivan/Projects/AI_Grand_Prix/data/_hf_snapshot/test_50k/20220720114854331-water-concrete-slight.jpg,WET,202207201148,water,concrete,slight,20220720114854331,37ae340a87940680cb8dfdce37eb3edd6412a05103844fba9ca8151efc79576c,20220720114854331-water-concrete-slight.jpg,240,360,140.22679398148148,713.4785982605399,False,train
c:/Users/Rivan/Projects/AI_Grand_Prix/data/_hf_snapshot/test_50k/20220720114854343-wet-concrete-severe.jpg,DAMP,202207201148,wet,concrete,severe,20220720114854343,e9d0f5bbfe26c696d83cf70975f72ff53927b3f58b867f3272ee26aadfd42cc3,20220720114854343-wet-concrete-severe.jpg,240,360,128.29587962962964,1313.70272670597,False,train
c:/Users/Rivan/Projects/AI_Grand_Prix/data/_hf_snapshot/test_50k/20220720114854379-water-concrete-severe.jpg,WET,202207201148,water,concrete,severe,20220720114854379,5d1291356848f5d412f40a4f71c7bb71860a4605f7be9304336a2ad00743dd40,20220720114854379-water-concrete-severe.jpg,240,360,132.19090277777778,740.1062335228855,False,train
c:/Users/Rivan/Projects/AI_Grand_Prix/data/_hf_snapshot/test_50k/20220720114855444-water-concrete-slight.jpg,WET,202207201148,water,concrete,slight,20220720114855444,501d26505b5cc9bd13f825a89daae77c84047a9ac61814b07492ce60ede4b270,20220720114855444-water-concrete-slight.jpg,240,360,144.8603009259259,367.47631951825593,False,train
c:/Users/Rivan/Projects/AI_Grand_Prix/data/_hf_snapshot/test_50k/20220720114855500-water-concrete-slight.jpg,WET,202207201148,water,concrete,slight,20220720114855500,4696b6ad079abe82625f5f7eae67af62b45906634cb1b4378ad966996e8e356b,20220720114855500-water-concrete-slight.jpg,240,360,97.5165625,776.186645312366,False,train
c:/Users/Rivan/Projects/AI_Grand_Prix/data/_hf_snapshot/test_50k/20220720114855508-wet-concrete-severe.jpg,DAMP,202207201148,wet,concrete,severe,20220720114855508,2b648eada295f3ad5a84a3274bc53da7dab338921be8a5d2ba06caa4e2631e8a,20220720114855508-wet-concrete-severe.jpg,240,360,113.37239583333333,1372.5029161682046,False,train
c:/Users/Rivan/Projects/AI_Grand_Prix/data/_hf_snapshot/test_50k/20220720114855570-wet-concrete-slight.jpg,DAMP,202207201148,wet,concrete,slight,20220720114855570,8ced85b0eee71f43ea1ea3ef2d4c0b3d7f7c4284cfe0f5dce57472c9af848d13,20220720114855570-wet-concrete-slight.jpg,240,360,133.02862268518518,1078.8321389744888,False,train
c:/Users/Rivan/Projects/AI_Grand_Prix/data/_hf_snapshot/test_50k/20220720114856669-water-concrete-slight.jpg,WET,202207201148,water,concrete,slight,20220720114856669,3b1299e1c7dd0e4c58e07caeff936cb488d3dd956cca2f1fd587f7edfee2a204,20220720114856669-water-concrete-slight.jpg,240,360,143.1444675925926,363.97258805727023,False,train
c:/Users/Rivan/Projects/AI_Grand_Prix/data/_hf_snapshot/test_50k/20220720114858145-water-concrete-slight.jpg,WET,202207201148,water,concrete,slight,20220720114858145,47d20bf4594aaa13e82dbfbb07bfba52d309f383fc5dcdf6d70d98152f24678b,20220720114858145-water-concrete-slight.jpg,240,360,129.5374189814815,954.4712529572831,False,train
c:/Users/Rivan/Projects/AI_Grand_Prix/data/_hf_snapshot/test_50k/20220720114858203-water-concrete-slight.jpg,WET,202207201148,water,concrete,slight,20220720114858203,49f460b727954058eaef63d0d1d79cf0da811533a189908bd70f12e2cf88c560,20220720114858203-water-concrete-slight.jpg,240,360,127.19299768518519,578.2918442638673,False,train
c:/Users/Rivan/Projects/AI_Grand_Prix/data/_hf_snapshot/test_50k/20220720114900561-wet-concrete-severe.jpg,DAMP,202207201149,wet,concrete,severe,20220720114900561,1a7dd27cbf02d8fdc7c2b528fc87bffb69c95ca4cf295036296c7dfb0e031b22,20220720114900561-wet-concrete-severe.jpg,240,360,115.7621412037037,535.8335931450403,False,train
c:/Users/Rivan/Projects/AI_Grand_Prix/data/_hf_snapshot/test_50k/20220720114907123-water-concrete-smooth.jpg,WET,202207201149,water,concrete,smooth,20220720114907123,99d627c7c7596ff2e085b0556150703953445b9823909aaeb6cdc76c92f89e9f,20220720114907123-water-concrete-smooth.jpg,240,360,157.46162037037038,501.6535355318715,False,train
c:/Users/Rivan/Projects/AI_Grand_Prix/data/_hf_snapshot/test_50k/2022072011490744-water-concrete-smooth.jpg,WET,202207201149,water,concrete,smooth,2022072011490744,ddd524f77daee014e4d72e1776a63a34dcd56ff57b6b2875270555448faf8fc3,2022072011490744-water-concrete-smooth.jpg,240,360,148.91668981481482,147.40093159239967,False,train
c:/Users/Rivan/Projects/AI_Grand_Prix/data/_hf_snapshot/test_50k/2022072011490753-water-concrete-slight.jpg,WET,202207201149,water,concrete,slight,2022072011490753,04736ae46b639beddd2931719e63c0a4a0b243f0e17a5d37b7c70da64d9866cd,2022072011490753-water-concrete-slight.jpg,240,360,161.67090277777777,336.53498666355875,False,train
c:/Users/Rivan/Projects/AI_Grand_Prix/data/_hf_snapshot/test_50k/20220720114908372-wet-concrete-smooth.jpg,DAMP,202207201149,wet,concrete,smooth,20220720114908372,d6dcd65e6a851d4cf94e3471823df842b601b7110fdbc27addac301deff0f0c0,20220720114908372-wet-concrete-smooth.jpg,240,360,117.33167824074074,435.18669460720486,False,train
c:/Users/Rivan/Projects/AI_Grand_Prix/data/_hf_snapshot/test_50k/20220720114909445-water-concrete-smooth.jpg,WET,202207201149,water,concrete,smooth,20220720114909445,c0eb5975665419ebece526eb403663372595630a622539af3a9df5c1402a89b3,20220720114909445-water-concrete-smooth.jpg,240,360,144.15677083333333,126.72553087692366,False,train
c:/Users/Rivan/Projects/AI_Grand_Prix/data/_hf_snapshot/test_50k/20220720114911847-wet-concrete-smooth.jpg,DAMP,202207201149,wet,concrete,smooth,20220720114911847,d0f9cb7305b2cdd73e5bff268dd15cb893ca408b13137166ea04099687c5c365,20220720114911847-wet-concrete-smooth.jpg,240,360,125.64519675925926,184.30053538880316,False,train
c:/Users/Rivan/Projects/AI_Grand_Prix/data/_hf_snapshot/test_50k/20220720114912307-wet-concrete-smooth.jpg,DAMP,202207201149,wet,concrete,smooth,20220720114912307,0c25e31c52a13e44fe83d48f009670dc3065ca6eab6dd0dcd54bf92e830cabff,20220720114912307-wet-concrete-smooth.jpg,240,360,120.57932870370371,312.9503587854456,False,train
c:/Users/Rivan/Projects/AI_Grand_Prix/data/_hf_snapshot/test_50k/20220720114913355-wet-concrete-smooth.jpg,DAMP,202207201149,wet,concrete,smooth,20220720114913355,c8aa6be27047de5e4bc4deb5a288583a2bc8e83a3170cbec88ffa679f071b1a1,20220720114913355-wet-concrete-smooth.jpg,240,360,121.57326388888889,505.84244974065496,False,train
c:/Users/Rivan/Projects/AI_Grand_Prix/data/_hf_snapshot/test_50k/20220720114913399-water-concrete-smooth.jpg,WET,202207201149,water,concrete,smooth,20220720114913399,a08e8f3311ee0b4fd40008e3a51caf818af0f3ae6d4ee631b499beb31bbeac30,20220720114913399-water-concrete-smooth.jpg,240,360,117.47655092592592,1446.2081848764092,False,train
c:/Users/Rivan/Projects/AI_Grand_Prix/data/_hf_snapshot/test_50k/20220720114914549-wet-concrete-smooth.jpg,DAMP,202207201149,wet,concrete,smooth,20220720114914549,32110e464f0417b04bbeded6ef9d10a9d94d8d471eb58584e131948d8c6085f3,20220720114914549-wet-concrete-smooth.jpg,240,360,118.74261574074075,305.45337636959874,False,train
c:/Users/Rivan/Projects/AI_Grand_Prix/data/_hf_snapshot/test_50k/20220720114914582-wet-concrete-smooth.jpg,DAMP,202207201149,wet,concrete,smooth,20220720114914582,80c41e5b7d9d4bd3a9bc9bce2fdc255571e3cbf0435485d74b8ac755dea09548,20220720114914582-wet-concrete-smooth.jpg,240,360,124.25967592592593,716.3411920909155,False,train
c:/Users/Rivan/Projects/AI_Grand_Prix/data/_hf_snapshot/test_50k/20220720114914604-wet-concrete-smooth.jpg,DAMP,202207201149,wet,concrete,smooth,20220720114914604,2eaf39566cf40a33f7c3ea580073b948de7a68038d85369cb2dfe73a7b7cd8bb,20220720114914604-wet-concrete-smooth.jpg,240,360,125.7016087962963,400.67727352537725,False,train
c:/Users/Rivan/Projects/AI_Grand_Prix/data/_hf_snapshot/test_50k/20220720114917293-wet-concrete-smooth.jpg,DAMP,202207201149,wet,concrete,smooth,20220720114917293,36e68182cfa7e7cbdab59da9445ee266fcb25694b40f4a608c6ed7ecbab033fe,20220720114917293-wet-concrete-smooth.jpg,240,360,143.3989699074074,697.3030751537851,False,train
c:/Users/Rivan/Projects/AI_Grand_Prix/data/_hf_snapshot/test_50k/20220720114919654-water-concrete-smooth.jpg,WET,202207201149,water,concrete,smooth,20220720114919654,6e06c0ee20d64f72cb7debae07c717a0a86e4569bc6935e552ab51669b6c54ca,20220720114919654-water-concrete-smooth.jpg,240,360,119.2284375,947.3029907214506,False,train
c:/Users/Rivan/Projects/AI_Grand_Prix/data/_hf_snapshot/test_50k/20220720114919687-water-concrete-smooth.jpg,WET,202207201149,water,concrete,smooth,20220720114919687,608159d8df8583e5e4e40d715d527ac197e1134d94d56cea3f92440c2f4a0cc9,20220720114919687-water-concrete-smooth.jpg,240,360,122.65125,709.6850336129062,False,train
c:/Users/Rivan/Projects/AI_Grand_Prix/data/_hf_snapshot/test_50k/20220720114921189-wet-concrete-smooth.jpg,DAMP,202207201149,wet,concrete,smooth,20220720114921189,128696ac01a9392ea0461a69eb1f8b2950bb06fefe3b768ab27798b43e4c2e89,20220720114921189-wet-concrete-smooth.jpg,240,360,123.40408564814815,86.94657908093279,False,train
c:/Users/Rivan/Projects/AI_Grand_Prix/data/_hf_snapshot/test_50k/20220720114923726-wet-concrete-smooth.jpg,DAMP,202207201149,wet,concrete,smooth,20220720114923726,05b43ee3291ec4c0d9587817fb6a20e449adcc415e7824e3e451588416eaf2db,20220720114923726-wet-concrete-smooth.jpg,240,360,145.37173611111112,236.22907517240546,False,train
c:/Users/Rivan/Projects/AI_Grand_Prix/data/_hf_snapshot/test_50k/20220720114924787-water-concrete-smooth.jpg,WET,202207201149,water,concrete,smooth,20220720114924787,6f69891975ef8f9cdb4992cdb69b50c9f8afcceffa58e3dab68d254857268c7d,20220720114924787-water-concrete-smooth.jpg,240,360,130.78310185185185,119.23526509438761,False,train
c:/Users/Rivan/Projects/AI_Grand_Prix/data/_hf_snapshot/test_50k/20220720114928888-wet-concrete-smooth.jpg,DAMP,202207201149,wet,concrete,smooth,20220720114928888,4d9f9e3ddcd4dbd26e474cdaae2199c7080beb3b15e03d422b9fc87757c837e9,20220720114928888-wet-concrete-smooth.jpg,240,360,143.76958333333334,22.581758358517664,False,train
c:/Users/Rivan/Projects/AI_Grand_Prix/data/_hf_snapshot/test_50k/2022072011492912-wet-concrete-smooth.jpg,DAMP,202207201149,wet,concrete,smooth,2022072011492912,cfacaafde34f771b948cff8ef5e60c5356ed0eb402ba49a0ea1e7f5e233d06e8,2022072011492912-wet-concrete-smooth.jpg,240,360,135.29652777777778,35.8776256042899,False,train
c:/Users/Rivan/Projects/AI_Grand_Prix/data/_hf_snapshot/test_50k/20220720114930405-wet-concrete-smooth.jpg,DAMP,202207201149,wet,concrete,smooth,20220720114930405,f6ef70076eded8548004a979a03f57509aaaaa7482ab0490dcb1e78cde7fc337,20220720114930405-wet-concrete-smooth.jpg,240,360,143.14851851851853,63.18615723379629,False,train
c:/Users/Rivan/Projects/AI_Grand_Prix/data/_hf_snapshot/test_50k/20220720114931530-wet-concrete-smooth.jpg,DAMP,202207201149,wet,concrete,smooth,20220720114931530,343ee816b70ea9aa15ae91bd04d17720b343af4ff8c2e57c50d9c74e75e58306,20220720114931530-wet-concrete-smooth.jpg,240,360,162.4558101851852,45.73918904106653,False,train
c:/Users/Rivan/Projects/AI_Grand_Prix/data/_hf_snapshot/test_50k/20220720114931560-wet-concrete-smooth.jpg,DAMP,202207201149,wet,concrete,smooth,20220720114931560,d950ba25cccece56164e1e149baabbecc84ccc57937ced03ac472ca453779aba,20220720114931560-wet-concrete-smooth.jpg,240,360,132.0005787037037,25.825925068587104,False,train
c:/Users/Rivan/Projects/AI_Grand_Prix/data/_hf_snapshot/test_50k/20220720114932700-wet-concrete-smooth.jpg,DAMP,202207201149,wet,concrete,smooth,20220720114932700,26cec88f9f612e4dd0f009f843cbb755a119f098f2ac843772f44ce8183967fd,20220720114932700-wet-concrete-smooth.jpg,240,360,154.98853009259258,20.30785008559992,False,train
c:/Users/Rivan/Projects/AI_Grand_Prix/data/_hf_snapshot/test_50k/20220720114932703-wet-concrete-smooth.jpg,DAMP,202207201149,wet,concrete,smooth,20220720114932703,dcfe33cc89ffe38a5395555b0bbaf8f68a3e6083f1464e3ca765b012784085eb,20220720114932703-wet-concrete-smooth.jpg,240,360,154.4701388888889,26.132904454812884,False,train
c:/Users/Rivan/Projects/AI_Grand_Prix/data/_hf_snapshot/test_50k/20220720114933111-wet-concrete-smooth.jpg,DAMP,202207201149,wet,concrete,smooth,20220720114933111,9b62e95b60f1464fbdd13d4920456da36d88df0b7cbb75ed340f4a59d5a21c0f,20220720114933111-wet-concrete-smooth.jpg,240,360,137.31769675925926,12.289756944310486,False,train
c:/Users/Rivan/Projects/AI_Grand_Prix/data/_hf_snapshot/test_50k/20220720114933175-wet-concrete-smooth.jpg,DAMP,202207201149,wet,concrete,smooth,20220720114933175,21dc857be695d1dee5f97133c35e20ab74ad075b3ff75e61ad4dbc5e9670aec5,20220720114933175-wet-concrete-smooth.jpg,240,360,147.6150925925926,27.904591171419536,False,train
c:/Users/Rivan/Projects/AI_Grand_Prix/data/_hf_snapshot/test_50k/20220720114934324-wet-concrete-smooth.jpg,DAMP,202207201149,wet,concrete,smooth,20220720114934324,dcd017b53987845b0a2fa3e981d1aa7ff33fd2ae2d3629567126e4d79cf6d61e,20220720114934324-wet-concrete-smooth.jpg,240,360,135.8910300925926,21.494840826340663,False,train
c:/Users/Rivan/Projects/AI_Grand_Prix/data/_hf_snapshot/test_50k/20220720114935636-wet-concrete-smooth.jpg,DAMP,202207201149,wet,concrete,smooth,20220720114935636,05e498efe2adc2d90258807b270f3a0d49841092374f2bdb85fedc302bc0bd2e,20220720114935636-wet-concrete-smooth.jpg,240,360,142.3020486111111,37.95629374517747,False,train
c:/Users/Rivan/Projects/AI_Grand_Prix/data/_hf_snapshot/test_50k/20220720114938220-wet-concrete-smooth.jpg,DAMP,202207201149,wet,concrete,smooth,20220720114938220,dc1192b67f4bd65e12adcc41846ae050c77e63026699a232e8771681be4e8720,20220720114938220-wet-concrete-smooth.jpg,240,360,154.55800925925925,40.19118983075596,False,train
c:/Users/Rivan/Projects/AI_Grand_Prix/data/_hf_snapshot/test_50k/20220720114938297-wet-concrete-smooth.jpg,DAMP,202207201149,wet,concrete,smooth,20220720114938297,287505c9e89ff5e2e538cbf74448754bc0df1214de3f5ff2a235782041496ba0,20220720114938297-wet-concrete-smooth.jpg,240,360,138.18545138888888,43.87612221887324,False,train
c:/Users/Rivan/Projects/AI_Grand_Prix/data/_hf_snapshot/test_50k/20220720114939579-water-concrete-smooth.jpg,WET,202207201149,water,concrete,smooth,20220720114939579,65ff23646dee488514601beb1ed777d682792e430416ae9ac9271992c5666360,20220720114939579-water-concrete-smooth.jpg,240,360,141.30596064814816,219.89716434528785,False,train
c:/Users/Rivan/Projects/AI_Grand_Prix/data/_hf_snapshot/test_50k/20220720114940782-water-concrete-smooth.jpg,WET,202207201149,water,concrete,smooth,20220720114940782,5f51ac17682924866b9062ee7500a2cdf4761625116026dd5c5599a95d05f869,20220720114940782-water-concrete-smooth.jpg,240,360,170.0358449074074,57.465370326967594,False,train
c:/Users/Rivan/Projects/AI_Grand_Prix/data/_hf_snapshot/test_50k/2022072011494113-wet-concrete-smooth.jpg,DAMP,202207201149,wet,concrete,smooth,2022072011494113,a7d688ae5eac72f3baeff419ec5f00b5153d9a6e5468a6b350bf943ad9b336c6,2022072011494113-wet-concrete-smooth.jpg,240,360,175.47898148148147,138.41211419538752,False,train
c:/Users/Rivan/Projects/AI_Grand_Prix/data/_hf_snapshot/test_50k/20220720114941833-wet-concrete-smooth.jpg,DAMP,202207201149,wet,concrete,smooth,20220720114941833,3c055b42f62fb5a8931a4b58f0fe5bfade59e76ee553a32c02507a2e69c0a558,20220720114941833-wet-concrete-smooth.jpg,240,360,152.94063657407406,141.72808998186193,False,train
c:/Users/Rivan/Projects/AI_Grand_Prix/data/_hf_snapshot/test_50k/20220720114942314-wet-concrete-smooth.jpg,DAMP,202207201149,wet,concrete,smooth,20220720114942314,6c255ea35909aa3a94f769f02a9b4b27a1dd38357d9aa44060e200a9092b9c84,20220720114942314-wet-concrete-smooth.jpg,240,360,170.02364583333335,96.95915172271519,False,train
c:/Users/Rivan/Projects/AI_Grand_Prix/data/_hf_snapshot/test_50k/20220720114946281-wet-concrete-smooth.jpg,DAMP,202207201149,wet,concrete,smooth,20220720114946281,b8e5dd3c2b12294452a1d3a75d2a3b32f512369027cb904e298fa866311d56e1,20220720114946281-wet-concrete-smooth.jpg,240,360,164.11377314814814,23.520865392982678,False,train
c:/Users/Rivan/Projects/AI_Grand_Prix/data/_hf_snapshot/test_50k/20220720114947355-wet-concrete-smooth.jpg,DAMP,202207201149,wet,concrete,smooth,20220720114947355,fd8eac4d3086d8164d6be9e83981b0c0ffd3112aa3ff16e94941d75b1ed5d049,20220720114947355-wet-concrete-smooth.jpg,240,360,149.83677083333333,36.81455312165102,False,train
c:/Users/Rivan/Projects/AI_Grand_Prix/data/_hf_snapshot/test_50k/20220720114947365-wet-concrete-smooth.jpg,DAMP,202207201149,wet,concrete,smooth,20220720114947365,9af36b0bee531303cabc36d33c36ff34a37045e6f7b6492db5da088ddb0e7915,20220720114947365-wet-concrete-smooth.jpg,240,360,156.61256944444443,107.95944970086913,False,train
c:/Users/Rivan/Projects/AI_Grand_Prix/data/_hf_snapshot/test_50k/20220720114947377-water-concrete-smooth.jpg,WET,202207201149,water,concrete,smooth,20220720114947377,6de88fd7969f2f7ef421d33953f43b78cf1bad17bafa78ba9f75bd7d76d09ecc,20220720114947377-water-concrete-smooth.jpg,240,360,151.5486574074074,301.7033042775849,False,train
c:/Users/Rivan/Projects/AI_Grand_Prix/data/_hf_snapshot/test_50k/20220720114947444-wet-concrete-smooth.jpg,DAMP,202207201149,wet,concrete,smooth,20220720114947444,0d3b42edef7d9f9d7281f4ad352d0adcc1818a99d9d1860dabbad320f1212c07,20220720114947444-wet-concrete-smooth.jpg,240,360,134.82449074074074,28.83922453047304,False,train
c:/Users/Rivan/Projects/AI_Grand_Prix/data/_hf_snapshot/test_50k/20220720114948578-water-concrete-smooth.jpg,WET,202207201149,water,concrete,smooth,20220720114948578,a6c6f15c62022782f4f08dfa29f33fbc046a25f2e18846a2ed1512f46964a90e,20220720114948578-water-concrete-smooth.jpg,240,360,109.53378472222222,185.99847206736538,False,train
c:/Users/Rivan/Projects/AI_Grand_Prix/data/_hf_snapshot/test_50k/20220720114948737-water-concrete-smooth.jpg,WET,202207201149,water,concrete,smooth,20220720114948737,04136769d510361f177bea1faf837a1f7ec5ce0a6a8064ca62ed4362441abddf,20220720114948737-water-concrete-smooth.jpg,240,360,114.32185185185185,50.80683885660473,False,train
c:/Users/Rivan/Projects/AI_Grand_Prix/data/_hf_snapshot/test_50k/20220720114951295-wet-concrete-smooth.jpg,DAMP,202207201149,wet,concrete,smooth,20220720114951295,3b6ad46e9d856f7311f268736dcac207ea6ce0abef2bb11e97cb01a5ecef1b9f,20220720114951295-wet-concrete-smooth.jpg,240,360,142.4444212962963,152.2252083285108,False,train
c:/Users/Rivan/Projects/AI_Grand_Prix/data/_hf_snapshot/test_50k/20220720114952609-wet-concrete-smooth.jpg,DAMP,202207201149,wet,concrete,smooth,20220720114952609,c62b81bd13dc2492f4b5b45b2662dfa5e89724282639fd6b0a9b0580b613ca78,20220720114952609-wet-concrete-smooth.jpg,240,360,135.55671296296296,380.72687499785667,False,train
c:/Users/Rivan/Projects/AI_Grand_Prix/data/_hf_snapshot/test_50k/20220720114953805-wet-concrete-smooth.jpg,DAMP,202207201149,wet,concrete,smooth,20220720114953805,fc2ea3ab4c2dc737132dbe716e72794e3f89b5cdce8f02c4ca687a29afda85c6,20220720114953805-wet-concrete-smooth.jpg,240,360,153.70811342592592,214.0321114883402,False,train
c:/Users/Rivan/Projects/AI_Grand_Prix/data/_hf_snapshot/test_50k/2022072011495426-water-concrete-smooth.jpg,WET,202207201149,water,concrete,smooth,2022072011495426,2a87a9be9de01cfe98a8232af45cedba2d2f5dcf65504de0547cd64f3113fdfc,2022072011495426-water-concrete-smooth.jpg,240,360,146.8773263888889,168.12489556206597,False,train
c:/Users/Rivan/Projects/AI_Grand_Prix/data/_hf_snapshot/test_50k/2022072011495442-wet-concrete-smooth.jpg,DAMP,202207201149,wet,concrete,smooth,2022072011495442,6120328d6627d6f6ea165c49d6371683a77b69c55cbc56c8c8c6082cee89ece2,2022072011495442-wet-concrete-smooth.jpg,240,360,137.51222222222222,222.70878431699566,False,train
c:/Users/Rivan/Projects/AI_Grand_Prix/data/_hf_snapshot/test_50k/2022072011495462-wet-concrete-smooth.jpg,DAMP,202207201149,wet,concrete,smooth,2022072011495462,11c91dabe8ab017626e03d7d66a63ddc7d601f6cc76d7a5e66826004f046484b,2022072011495462-wet-concrete-smooth.jpg,240,360,139.57571759259258,288.78582252872087,False,train
c:/Users/Rivan/Projects/AI_Grand_Prix/data/_hf_snapshot/test_50k/2022072011495473-wet-concrete-smooth.jpg,DAMP,202207201149,wet,concrete,smooth,2022072011495473,205861ffc44212199bda9e5240367596528368c728e7676e37cab22ed4273fde,2022072011495473-wet-concrete-smooth.jpg,240,360,129.32020833333334,521.5654064621914,False,train
c:/Users/Rivan/Projects/AI_Grand_Prix/data/_hf_snapshot/test_50k/20220720114955295-wet-concrete-smooth.jpg,DAMP,202207201149,wet,concrete,smooth,20220720114955295,57ada9ff834985d205013bbceb0cd64a14daa2e629862aece3f3421fba03d7d4,20220720114955295-wet-concrete-smooth.jpg,240,360,135.2870601851852,230.0781424574278,False,train
c:/Users/Rivan/Projects/AI_Grand_Prix/data/_hf_snapshot/test_50k/20220720114955300-wet-concrete-smooth.jpg,DAMP,202207201149,wet,concrete,smooth,20220720114955300,83ecb898144bc81cb2c4b71869f8646a989f3a5a8420494d414d99d8c370e7b5,20220720114955300-wet-concrete-smooth.jpg,240,360,126.43383101851852,316.64005070676865,False,train
c:/Users/Rivan/Projects/AI_Grand_Prix/data/_hf_snapshot/test_50k/20220720114956393-wet-concrete-smooth.jpg,DAMP,202207201149,wet,concrete,smooth,20220720114956393,b265d6f769a063602b3da3bad884db035f68640890430647e459c2fc50052362,20220720114956393-wet-concrete-smooth.jpg,240,360,129.34979166666668,646.2928145956575,False,train
c:/Users/Rivan/Projects/AI_Grand_Prix/data/_hf_snapshot/test_50k/20220720114957655-wet-concrete-smooth.jpg,DAMP,202207201149,wet,concrete,smooth,20220720114957655,d20525c421b422888c6161b02b6be23abaf044e1005e6e10ee199e93cd596527,20220720114957655-wet-concrete-smooth.jpg,240,360,138.9259722222222,178.21257938475222,False,train
c:/Users/Rivan/Projects/AI_Grand_Prix/data/_hf_snapshot/test_50k/20220720115000259-wet-concrete-smooth.jpg,DAMP,202207201150,wet,concrete,smooth,20220720115000259,a427b4fb4c38ae2a5b006d656bd7b85aad3c56cbdcb3a824dc69f09005af419d,20220720115000259-wet-concrete-smooth.jpg,240,360,126.20309027777778,293.078692128424,False,train
c:/Users/Rivan/Projects/AI_Grand_Prix/data/_hf_snapshot/test_50k/20220720115001455-wet-concrete-smooth.jpg,DAMP,202207201150,wet,concrete,smooth,20220720115001455,4919b08dcf6890be342974695ca9b74ee5356cdfbbe050ded5b63fc466ab5ed6,20220720115001455-wet-concrete-smooth.jpg,240,360,134.5817361111111,282.08826054473167,False,train
c:/Users/Rivan/Projects/AI_Grand_Prix/data/_hf_snapshot/test_50k/20220720115003114-wet-concrete-smooth.jpg,DAMP,202207201150,wet,concrete,smooth,20220720115003114,156c640b4dad2f7f0e8ba44cef0a386f6f1e4931e28093da5556b2106751e781,20220720115003114-wet-concrete-smooth.jpg,240,360,151.9434375,117.61312171947338,False,train
c:/Users/Rivan/Projects/AI_Grand_Prix/data/_hf_snapshot/test_50k/20220720115005464-wet-concrete-smooth.jpg,DAMP,202207201150,wet,concrete,smooth,20220720115005464,df93a54722c96112b9b797e586fc7caaa5ba780d37e7d77095b388815faa64b8,20220720115005464-wet-concrete-smooth.jpg,240,360,130.27787037037038,706.3369004563989,False,train
c:/Users/Rivan/Projects/AI_Grand_Prix/data/_hf_snapshot/test_50k/20220720115009287-wet-concrete-smooth.jpg,DAMP,202207201150,wet,concrete,smooth,20220720115009287,61d93ea97df470e2e4633a53b339057409c403972bc2e854fbeb7a2bed5de993,20220720115009287-wet-concrete-smooth.jpg,240,360,133.09769675925926,18.40037015603567,False,train
c:/Users/Rivan/Projects/AI_Grand_Prix/data/_hf_snapshot/test_50k/20220720115009414-wet-concrete-smooth.jpg,DAMP,202207201150,wet,concrete,smooth,20220720115009414,0ec20e124213e466dd0a301254d9281a3bc9d3e137858052d21d91b845df3b57,20220720115009414-wet-concrete-smooth.jpg,240,360,125.05559027777778,47.540006269156166,False,train
c:/Users/Rivan/Projects/AI_Grand_Prix/data/_hf_snapshot/test_50k/20220720115012126-water-concrete-slight.jpg,WET,202207201150,water,concrete,slight,20220720115012126,0e330979c48ac04624a9fa4e0ae17bbb90ef273152859ae65c38baa284dd9ecd,20220720115012126-water-concrete-slight.jpg,240,360,115.3109837962963,567.5425778826678,False,train
c:/Users/Rivan/Projects/AI_Grand_Prix/data/_hf_snapshot/test_50k/2022072011501226-wet-concrete-slight.jpg,DAMP,202207201150,wet,concrete,slight,2022072011501226,0c43f0e48df8a0cc102f3ce011aa6bd5dc1ce9f0f87ee95c4667f07923b2db2d,2022072011501226-wet-concrete-slight.jpg,240,360,129.8704050925926,857.3366908093278,False,train
c:/Users/Rivan/Projects/AI_Grand_Prix/data/_hf_snapshot/test_50k/2022072011501242-wet-concrete-slight.jpg,DAMP,202207201150,wet,concrete,slight,2022072011501242,0646c6c4953ff7119751dfa5b996f424aa980bdc5e5e42223d625348e8e0fa28,2022072011501242-wet-concrete-slight.jpg,240,360,144.07318287037037,1999.8341228052125,False,train
c:/Users/Rivan/Projects/AI_Grand_Prix/data/_hf_snapshot/test_50k/20220720115012842-water-concrete-smooth.jpg,WET,202207201150,water,concrete,smooth,20220720115012842,2899c95ba43af7614d44915d79f20dbb9bb951d65c8ff1265427d4be9a9e02a5,20220720115012842-water-concrete-smooth.jpg,240,360,137.33378472222222,117.11756810485252,False,train
c:/Users/Rivan/Projects/AI_Grand_Prix/data/_hf_snapshot/test_50k/20220720115013129-wet-concrete-slight.jpg,DAMP,202207201150,wet,concrete,slight,20220720115013129,fab1e439050909f0aa6c10434f6ee4d7ac9a17ac22b67fe659c23b60cdb58a23,20220720115013129-wet-concrete-slight.jpg,240,360,120.34418981481481,739.2576827030553,False,train
c:/Users/Rivan/Projects/AI_Grand_Prix/data/_hf_snapshot/test_50k/20220720115013223-wet-concrete-slight.jpg,DAMP,202207201150,wet,concrete,slight,20220720115013223,bc1207515ef780d78bfe996aa51a6cff57fe2f1f146583ace9852a5ac69b3fda,20220720115013223-wet-concrete-slight.jpg,240,360,136.69094907407407,688.2935606287241,False,train
c:/Users/Rivan/Projects/AI_Grand_Prix/data/_hf_snapshot/test_50k/20220720115015567-wet-concrete-smooth.jpg,DAMP,202207201150,wet,concrete,smooth,20220720115015567,e542bb10dccc86e5c872b056318b2ba1b8fc74aab0c180b2b2cded4c82b0237c,20220720115015567-wet-concrete-smooth.jpg,240,360,115.17388888888888,68.14411694101508,False,train
c:/Users/Rivan/Projects/AI_Grand_Prix/data/_hf_snapshot/test_50k/20220720115015572-wet-concrete-smooth.jpg,DAMP,202207201150,wet,concrete,smooth,20220720115015572,9d6b1fc7a4235e625fec3131d57c1cc4053a7173ce18d1b7c8071495402b6717,20220720115015572-wet-concrete-smooth.jpg,240,360,117.28141203703704,127.99122316047239,False,train
c:/Users/Rivan/Projects/AI_Grand_Prix/data/_hf_snapshot/test_50k/20220720115016755-wet-concrete-smooth.jpg,DAMP,202207201150,wet,concrete,smooth,20220720115016755,5847b3d92eb087ef89d672fc56f06b7904938744df54fba59f4da7041c384edb,20220720115016755-wet-concrete-smooth.jpg,240,360,132.09927083333332,56.96900170382694,False,train
c:/Users/Rivan/Projects/AI_Grand_Prix/data/_hf_snapshot/test_50k/20220720115018233-wet-concrete-smooth.jpg,DAMP,202207201150,wet,concrete,smooth,20220720115018233,199752ef764d0997ae01ce20bac767a69e8f83932d47b08efc61953dfd14d8c6,20220720115018233-wet-concrete-smooth.jpg,240,360,148.5592476851852,40.24195442694937,False,train
c:/Users/Rivan/Projects/AI_Grand_Prix/data/_hf_snapshot/test_50k/20220720115018322-wet-concrete-smooth.jpg,DAMP,202207201150,wet,concrete,smooth,20220720115018322,4273e4b73a5cc0dae414956ff92fb2086fba255c8ccd52754a109e3422cd49cc,20220720115018322-wet-concrete-smooth.jpg,240,360,134.7375,109.15458031925155,False,train
c:/Users/Rivan/Projects/AI_Grand_Prix/data/_hf_snapshot/test_50k/20220720115020650-water-concrete-smooth.jpg,WET,202207201150,water,concrete,smooth,20220720115020650,f3e1c97759087d35380b736c48aaa14348b4f809f6fa87ee973cb2230c43320a,20220720115020650-water-concrete-smooth.jpg,240,360,113.16967592592593,98.91066345111025,False,train
c:/Users/Rivan/Projects/AI_Grand_Prix/data/_hf_snapshot/test_50k/20220720115022190-wet-concrete-smooth.jpg,DAMP,202207201150,wet,concrete,smooth,20220720115022190,4abc78eb8e46806a2bd176460ec303e5c872c003a31e4bd07b90a6f228a15bdf,20220720115022190-wet-concrete-smooth.jpg,240,360,128.40287037037038,204.34130781129437,False,train
c:/Users/Rivan/Projects/AI_Grand_Prix/data/_hf_snapshot/test_50k/20220720115024555-wet-concrete-smooth.jpg,DAMP,202207201150,wet,concrete,smooth,20220720115024555,d4177f6fdfdd8ae910e6113794c73cf8759e4df776207146dd200965fc76d84a,20220720115024555-wet-concrete-smooth.jpg,240,360,127.00142361111111,758.2401360916871,False,train
c:/Users/Rivan/Projects/AI_Grand_Prix/data/_hf_snapshot/test_50k/20220720115025689-wet-concrete-smooth.jpg,DAMP,202207201150,wet,concrete,smooth,20220720115025689,894353061e166f3b2f208705c53db9ed4b3c196d0b4e9b2ec1bf3a54222aca7a,20220720115025689-wet-concrete-smooth.jpg,240,360,143.87278935185185,656.0765076110254,False,train
c:/Users/Rivan/Projects/AI_Grand_Prix/data/_hf_snapshot/test_50k/20220720115026895-wet-concrete-smooth.jpg,DAMP,202207201150,wet,concrete,smooth,20220720115026895,8c572e0f07c2afb98e96032464a75505825d6fa23be02fa2df7c9bd23ae91810,20220720115026895-wet-concrete-smooth.jpg,240,360,142.49916666666667,78.77544728638867,False,train
c:/Users/Rivan/Projects/AI_Grand_Prix/data/_hf_snapshot/test_50k/20220720115027220-water-concrete-smooth.jpg,WET,202207201150,water,concrete,smooth,20220720115027220,57c3abedc7d27df07e7ee74e18a842681ee797d8a994eea07eeefe8c5bd82d21,20220720115027220-water-concrete-smooth.jpg,240,360,134.71256944444445,263.0992512838649,False,train
c:/Users/Rivan/Projects/AI_Grand_Prix/data/_hf_snapshot/test_50k/20220720115029440-wet-concrete-smooth.jpg,DAMP,202207201150,wet,concrete,smooth,20220720115029440,77e15c983fc19301fca7cb485e96a394391313d316ae2a926f3a39d88f73f497,20220720115029440-wet-concrete-smooth.jpg,240,360,104.10849537037036,151.05870008345656,False,train
c:/Users/Rivan/Projects/AI_Grand_Prix/data/_hf_snapshot/test_50k/20220720115029525-water-concrete-smooth.jpg,WET,202207201150,water,concrete,smooth,20220720115029525,2d7a3f2641921140a923e57c236039108f3a708633dac5cdb5ed5d15a621bed0,20220720115029525-water-concrete-smooth.jpg,240,360,108.35283564814814,857.5069856758778,False,train
c:/Users/Rivan/Projects/AI_Grand_Prix/data/_hf_snapshot/test_50k/20220720115029571-water-concrete-smooth.jpg,WET,202207201150,water,concrete,smooth,20220720115029571,83a51915dd3913cb26e0e476335389c3194fbdf26e9105e56647c6aa99c7209b,20220720115029571-water-concrete-smooth.jpg,240,360,150.81675925925927,13.47594852537723,False,train
c:/Users/Rivan/Projects/AI_Grand_Prix/data/_hf_snapshot/test_50k/20220720115032282-wet-concrete-smooth.jpg,DAMP,202207201150,wet,concrete,smooth,20220720115032282,37ca34007285a28a0ee8db8f35c05de4bfd38380636f77161596f5890d3b124f,20220720115032282-wet-concrete-smooth.jpg,240,360,138.77019675925925,36.365021407214506,False,train
c:/Users/Rivan/Projects/AI_Grand_Prix/data/_hf_snapshot/test_50k/20220720115033323-wet-concrete-smooth.jpg,DAMP,202207201150,wet,concrete,smooth,20220720115033323,672ed80f13fe12b294aad8b64d91f750767fd147df594daf83f8e7012cf44836,20220720115033323-wet-concrete-smooth.jpg,240,360,123.68663194444444,44.659918951340664,False,train
c:/Users/Rivan/Projects/AI_Grand_Prix/data/_hf_snapshot/test_50k/20220720115034616-water-concrete-smooth.jpg,WET,202207201150,water,concrete,smooth,20220720115034616,d0ef4f1bf329aeea483463edd4b140695435491c66e0b5ed54b6ff7e29719a65,20220720115034616-water-concrete-smooth.jpg,240,360,136.73891203703704,286.8473824074074,False,train
c:/Users/Rivan/Projects/AI_Grand_Prix/data/_hf_snapshot/test_50k/20220720115036113-wet-concrete-smooth.jpg,DAMP,202207201150,wet,concrete,smooth,20220720115036113,a565e3b340a82f738867c978fce6e2dc77374f220c910d9f9c813b63286fc2b5,20220720115036113-wet-concrete-smooth.jpg,240,360,128.38008101851852,71.06501880787037,False,train
c:/Users/Rivan/Projects/AI_Grand_Prix/data/_hf_snapshot/test_50k/2022072011503635-wet-concrete-smooth.jpg,DAMP,202207201150,wet,concrete,smooth,2022072011503635,a4a2821a4cf1f0143ab7ee9b748f658ce7fba9bc744f1ec5ffad8ed070d8d688,2022072011503635-wet-concrete-smooth.jpg,240,360,124.05186342592593,49.78719148608968,False,train
c:/Users/Rivan/Projects/AI_Grand_Prix/data/_hf_snapshot/test_50k/20220720115037220-water-concrete-smooth.jpg,WET,202207201150,water,concrete,smooth,20220720115037220,28870469f298ab85e465e4ad44adb83038805804b2694c9aa011772294fa9897,20220720115037220-water-concrete-smooth.jpg,240,360,136.32004629629628,207.65612325906633,False,train
c:/Users/Rivan/Projects/AI_Grand_Prix/data/_hf_snapshot/test_50k/20220720115038403-wet-concrete-smooth.jpg,DAMP,202207201150,wet,concrete,smooth,20220720115038403,5e9dbb86ed8a99ec355cc27a89c5c82309f0713e4bd7cb175e82c54bf0fbc3d8,20220720115038403-wet-concrete-smooth.jpg,240,360,130.8068287037037,57.557808673991545,False,train
c:/Users/Rivan/Projects/AI_Grand_Prix/data/_hf_snapshot/test_50k/20220720115039793-wet-concrete-smooth.jpg,DAMP,202207201150,wet,concrete,smooth,20220720115039793,1df2e0db72c1abe6c9e31ad0b0b47daa23daa52e42e99ce4ad9d8f33f38e519e,20220720115039793-wet-concrete-smooth.jpg,240,360,139.93715277777778,200.49598363219627,False,train
c:/Users/Rivan/Projects/AI_Grand_Prix/data/_hf_snapshot/test_50k/2022072011504091-wet-concrete-smooth.jpg,DAMP,202207201150,wet,concrete,smooth,2022072011504091,b3062c0c01be4fa744320a3fcc4aa04a34f867d63a882a1aabac50f440b974dd,2022072011504091-wet-concrete-smooth.jpg,240,360,122.23680555555555,227.956017784958,False,train
c:/Users/Rivan/Projects/AI_Grand_Prix/data/_hf_snapshot/test_50k/20220720115045184-wet-concrete-smooth.jpg,DAMP,202207201150,wet,concrete,smooth,20220720115045184,9d402db38a3b75196c8108c418ee667bed9b62a5e4b99876fe54001f48a5e633,20220720115045184-wet-concrete-smooth.jpg,240,360,124.5505324074074,60.352291493055546,False,train
c:/Users/Rivan/Projects/AI_Grand_Prix/data/_hf_snapshot/test_50k/20220720115046332-wet-concrete-smooth.jpg,DAMP,202207201150,wet,concrete,smooth,20220720115046332,98312c951bc64a62453b8c904fe41b479b1886a7af93c9b640fea58e1d4d4a20,20220720115046332-wet-concrete-smooth.jpg,240,360,116.14380787037037,76.50996490148643,False,train
c:/Users/Rivan/Projects/AI_Grand_Prix/data/_hf_snapshot/test_50k/20220720115047550-wet-concrete-smooth.jpg,DAMP,202207201150,wet,concrete,smooth,20220720115047550,d09eda9738208f8a0b308a7a063173c01ce0246cfa641e378557759cbae11f49,20220720115047550-wet-concrete-smooth.jpg,240,360,124.76704861111111,45.33730307664073,False,train
c:/Users/Rivan/Projects/AI_Grand_Prix/data/_hf_snapshot/test_50k/20220720115048636-wet-concrete-smooth.jpg,DAMP,202207201150,wet,concrete,smooth,20220720115048636,27324d520a02376d3bafdba75f1b80f8967bb60500f180e00271e5befcd8cdf7,20220720115048636-wet-concrete-smooth.jpg,240,360,115.92591435185186,19.244731635668508,False,train
c:/Users/Rivan/Projects/AI_Grand_Prix/data/_hf_snapshot/test_50k/20220720115054254-wet-concrete-smooth.jpg,DAMP,202207201150,wet,concrete,smooth,20220720115054254,ce6f14c16d281b3ea14ace481cc379f305152b38fa8f2af9d44c01cf7c3a9b36,20220720115054254-wet-concrete-smooth.jpg,240,360,153.12685185185185,41.85369175333826,False,train
c:/Users/Rivan/Projects/AI_Grand_Prix/data/_hf_snapshot/test_50k/20220720115103132-water-concrete-smooth.jpg,WET,202207201151,water,concrete,smooth,20220720115103132,9ff331d2f76ef0fd5c24ce32495f8bd93d66381bce7a20caffed84b9f21dc188,20220720115103132-water-concrete-smooth.jpg,240,360,121.82231481481482,89.52146944109546,False,train
c:/Users/Rivan/Projects/AI_Grand_Prix/data/_hf_snapshot/test_50k/20220720115112887-wet-concrete-smooth.jpg,DAMP,202207201151,wet,concrete,smooth,20220720115112887,71657f39f7275b3473b3ec74e6c53a2d0ae4fa082e6e6b70c58715ee6490b8b0,20220720115112887-wet-concrete-smooth.jpg,240,360,126.24528935185185,840.3837565822189,False,train
c:/Users/Rivan/Projects/AI_Grand_Prix/data/_hf_snapshot/test_50k/20220720115114475-wet-concrete-smooth.jpg,DAMP,202207201151,wet,concrete,smooth,20220720115114475,4409d17c89ce908c04dca892f996ead8e9163f5253be5c689b52523a09c34065,20220720115114475-wet-concrete-smooth.jpg,240,360,119.7000925925926,234.54326961149155,False,train
c:/Users/Rivan/Projects/AI_Grand_Prix/data/_hf_snapshot/test_50k/20220720115116702-wet-concrete-smooth.jpg,DAMP,202207201151,wet,concrete,smooth,20220720115116702,780c54cf84afa18acef1e722c80047282d838daddc107e81af38eaa3c0e113d4,20220720115116702-wet-concrete-smooth.jpg,240,360,134.52998842592592,166.0126246462138,False,train
c:/Users/Rivan/Projects/AI_Grand_Prix/data/_hf_snapshot/test_50k/20220720115116775-wet-concrete-smooth.jpg,DAMP,202207201151,wet,concrete,smooth,20220720115116775,3046da3610631c72e252a2d327245baa524440c0ea0cd6e8833ec7c5be1bd640,20220720115116775-wet-concrete-smooth.jpg,240,360,136.77805555555557,323.21941710056046,False,train
c:/Users/Rivan/Projects/AI_Grand_Prix/data/_hf_snapshot/test_50k/2022072011511720-water-concrete-smooth.jpg,WET,202207201151,water,concrete,smooth,2022072011511720,cd54e839d5ebede38917d167f5ea3804b9c76ba826f6544e904da15fab1fe49b,2022072011511720-water-concrete-smooth.jpg,240,360,105.72008101851851,84.00581820009752,False,train
c:/Users/Rivan/Projects/AI_Grand_Prix/data/_hf_snapshot/test_50k/20220720115118365-water-concrete-smooth.jpg,WET,202207201151,water,concrete,smooth,20220720115118365,022f8fbff7972e26e25190a582bacc5711dc1ee6353d3c4013e9ed9cafd2623e,20220720115118365-water-concrete-smooth.jpg,240,360,117.75923611111111,503.1037249323506,False,train
c:/Users/Rivan/Projects/AI_Grand_Prix/data/_hf_snapshot/test_50k/20220720115118371-water-concrete-smooth.jpg,WET,202207201151,water,concrete,smooth,20220720115118371,14e8e6a0bbdf544f4c3a95f75ea33d40342f0cbbe40e56c64c4cbddf5734aaf3,20220720115118371-water-concrete-smooth.jpg,240,360,121.63056712962963,12.577232686980238,False,train
c:/Users/Rivan/Projects/AI_Grand_Prix/data/_hf_snapshot/test_50k/2022072011512118-water-concrete-smooth.jpg,WET,202207201151,water,concrete,smooth,2022072011512118,47f8529d16bd84ce75726f41c200427cd0e7f8427463f2d51c19d470ef3d46b9,2022072011512118-water-concrete-smooth.jpg,240,360,140.5800810185185,535.4666314781324,False,train
c:/Users/Rivan/Projects/AI_Grand_Prix/data/_hf_snapshot/test_50k/20220722225159765-water-asphalt-smooth.jpg,WET,202207222251,water,asphalt,smooth,20220722225159765,ca2dfc96e6916c458fb9d5989a31533c1f1d52a2d71ba92347019ed08f9ea7a4,20220722225159765-water-asphalt-smooth.jpg,240,360,113.55670138888888,2.4769560023094566,False,train
c:/Users/Rivan/Projects/AI_Grand_Prix/data/_hf_snapshot/test_50k/20220722225200201-water-asphalt-smooth.jpg,WET,202207222252,water,asphalt,smooth,20220722225200201,aa4804ccc39660bbaabb0385975943374e9d82be2f67ada1601416cb37f5aa15,20220722225200201-water-asphalt-smooth.jpg,240,360,112.8065625,2.4423495336880574,False,train
c:/Users/Rivan/Projects/AI_Grand_Prix/data/_hf_snapshot/test_50k/2022072222520074-water-asphalt-smooth.jpg,WET,202207222252,water,asphalt,smooth,2022072222520074,4493eafabc19ee65b556126e3dda3c80300de4b9a052f2a5b857d01419ccf277,2022072222520074-water-asphalt-smooth.jpg,240,360,124.52622685185185,48.80304931185163,False,train
c:/Users/Rivan/Projects/AI_Grand_Prix/data/_hf_snapshot/test_50k/20220722225201324-water-asphalt-smooth.jpg,WET,202207222252,water,asphalt,smooth,20220722225201324,72b0a81bab03ff250098d046a666a23000408a4ea5e7a1003f9f1920cb737cc2,20220722225201324-water-asphalt-smooth.jpg,240,360,100.7532638888889,3.410323936899863,False,train
c:/Users/Rivan/Projects/AI_Grand_Prix/data/_hf_snapshot/test_50k/20220722225201421-water-asphalt-smooth.jpg,WET,202207222252,water,asphalt,smooth,20220722225201421,55e970c76ca70007fe114b697044e352f5f6ce89f29db802832cdf13b7de1838,20220722225201421-water-asphalt-smooth.jpg,240,360,129.77762731481482,25.117095215513544,False,train
c:/Users/Rivan/Projects/AI_Grand_Prix/data/_hf_snapshot/test_50k/20220722225202514-water-asphalt-smooth.jpg,WET,202207222252,water,asphalt,smooth,20220722225202514,2e570d8859974b6e9459ce04525eef0b22ba8ec11b82531c1c3c38c9cb327bd3,20220722225202514-water-asphalt-smooth.jpg,240,360,106.68469907407408,2.482221565822188,False,train
c:/Users/Rivan/Projects/AI_Grand_Prix/data/_hf_snapshot/test_50k/20220722225203797-water-asphalt-smooth.jpg,WET,202207222252,water,asphalt,smooth,20220722225203797,92205e808681663b4004e22a7dc12daa9e82917a44a5ebbf3afea51d23b46484,20220722225203797-water-asphalt-smooth.jpg,240,360,125.75182870370371,13.160816872294022,False,train
c:/Users/Rivan/Projects/AI_Grand_Prix/data/_hf_snapshot/test_50k/2022072222520465-water-asphalt-smooth.jpg,WET,202207222252,water,asphalt,smooth,2022072222520465,ba44c99d4d78f6a7541db4c75622f2072db1da841fdc62e861b93bb81cacc007,2022072222520465-water-asphalt-smooth.jpg,240,360,123.55842592592593,11.366061470657579,False,train
c:/Users/Rivan/Projects/AI_Grand_Prix/data/_hf_snapshot/test_50k/20220722225206578-water-asphalt-smooth.jpg,WET,202207222252,water,asphalt,smooth,20220722225206578,ac6d3192d49ea328295e5f37091c215ef77390e94737a2841879190422288323,20220722225206578-water-asphalt-smooth.jpg,240,360,129.5186574074074,27.14187313475223,False,train
c:/Users/Rivan/Projects/AI_Grand_Prix/data/_hf_snapshot/test_50k/20220722225209382-water-asphalt-smooth.jpg,WET,202207222252,water,asphalt,smooth,20220722225209382,8e7b9f4f0eec6734974a40746a9d5088a3bf2190ffd2650091ba89e188382591,20220722225209382-water-asphalt-smooth.jpg,240,360,86.73844907407407,1.7331018384559327,False,train
c:/Users/Rivan/Projects/AI_Grand_Prix/data/_hf_snapshot/test_50k/20220722225210514-water-asphalt-smooth.jpg,WET,202207222252,water,asphalt,smooth,20220722225210514,8b5d58eceb956efdf2f3a1c1c37d1b51639a5d202302863ca7d943bd2620b292,20220722225210514-water-asphalt-smooth.jpg,240,360,78.9690625,61.10353977931563,False,train
c:/Users/Rivan/Projects/AI_Grand_Prix/data/_hf_snapshot/test_50k/20220722225210665-water-asphalt-smooth.jpg,WET,202207222252,water,asphalt,smooth,20220722225210665,e3f29594b42fa22a92c8ab841039680405bf06479efef322bc3259accb0fb004,20220722225210665-water-asphalt-smooth.jpg,240,360,96.97118055555555,1817.61722481018,False,train
c:/Users/Rivan/Projects/AI_Grand_Prix/data/_hf_snapshot/test_50k/20220722225211871-water-asphalt-smooth.jpg,WET,202207222252,water,asphalt,smooth,20220722225211871,4eaa3a15283c6adabd0eade62e77d043d610c6258c2cdaee4ecb3f501dea92b4,20220722225211871-water-asphalt-smooth.jpg,240,360,60.38685185185185,5.267383950617284,False,train
c:/Users/Rivan/Projects/AI_Grand_Prix/data/_hf_snapshot/test_50k/20220722225212113-water-asphalt-smooth.jpg,WET,202207222252,water,asphalt,smooth,20220722225212113,5d0e6fb91f64c381ab8f93b5f8fa4cb50939539a65935a4c545c5a1585df0304,20220722225212113-water-asphalt-smooth.jpg,240,360,105.56311342592592,11.004543724145877,False,train
c:/Users/Rivan/Projects/AI_Grand_Prix/data/_hf_snapshot/test_50k/20220722225213340-water-asphalt-smooth.jpg,WET,202207222252,water,asphalt,smooth,20220722225213340,a3c6c80d8a5b408d1ac399c3645317f850eb68ced65fba4e38bd87edea47cb94,20220722225213340-water-asphalt-smooth.jpg,240,360,113.25516203703704,10.720218486234353,False,train
c:/Users/Rivan/Projects/AI_Grand_Prix/data/_hf_snapshot/test_50k/20220722225214458-water-asphalt-smooth.jpg,WET,202207222252,water,asphalt,smooth,20220722225214458,4a5ff96de78c6c49da64ade3c6c969887ac98923fd6a5f39e192bda8556d63ee,20220722225214458-water-asphalt-smooth.jpg,240,360,130.3720138888889,9.670829552469135,False,train
c:/Users/Rivan/Projects/AI_Grand_Prix/data/_hf_snapshot/test_50k/20220722225215743-water-asphalt-smooth.jpg,WET,202207222252,water,asphalt,smooth,20220722225215743,d16872655e8a25988a4bd42d329711c3a5f40a2130d595f41265fb8b4331fe87,20220722225215743-water-asphalt-smooth.jpg,240,360,108.15251157407407,2.4813192081404316,False,train
c:/Users/Rivan/Projects/AI_Grand_Prix/data/_hf_snapshot/test_50k/20220722225218462-water-asphalt-smooth.jpg,WET,202207222252,water,asphalt,smooth,20220722225218462,ec2a0de8882b1e1dffa6ecf15a365f4b85eeb982cdeb485f7ef1f55808855455,20220722225218462-water-asphalt-smooth.jpg,240,360,111.61791666666667,64.29108770562736,False,train
c:/Users/Rivan/Projects/AI_Grand_Prix/data/_hf_snapshot/test_50k/2022072222522078-water-asphalt-smooth.jpg,WET,202207222252,water,asphalt,smooth,2022072222522078,475046b94655fefe2917e4e6cc33ca24f863a0dc6e93bb9eb44f00706cbd0568,2022072222522078-water-asphalt-smooth.jpg,240,360,106.59993055555556,51.43356683907214,False,train
c:/Users/Rivan/Projects/AI_Grand_Prix/data/_hf_snapshot/test_50k/20220722225221379-water-asphalt-smooth.jpg,WET,202207222252,water,asphalt,smooth,20220722225221379,39f2e73821781d0a84ca1d638ca9eaf69d71820a9e80db5474a7c2d8827dbb2a,20220722225221379-water-asphalt-smooth.jpg,240,360,76.1126736111111,22.87541000072338,False,train
c:/Users/Rivan/Projects/AI_Grand_Prix/data/_hf_snapshot/test_50k/20220722225222498-water-asphalt-smooth.jpg,WET,202207222252,water,asphalt,smooth,20220722225222498,d9b4b2068bc8a6b329556fced276ede84d5b7285486d27c5125cc87e4fb5f325,20220722225222498-water-asphalt-smooth.jpg,240,360,100.70331018518519,51.14810023094564,False,train
c:/Users/Rivan/Projects/AI_Grand_Prix/data/_hf_snapshot/test_50k/20220722225222511-water-asphalt-smooth.jpg,WET,202207222252,water,asphalt,smooth,20220722225222511,600931f7d5461cc439a82514b191e46a3aa94839b23858f26fbac8540d9925bb,20220722225222511-water-asphalt-smooth.jpg,240,360,80.14067129629629,19.960126993178797,False,train
c:/Users/Rivan/Projects/AI_Grand_Prix/data/_hf_snapshot/test_50k/20220722225223607-water-asphalt-smooth.jpg,WET,202207222252,water,asphalt,smooth,20220722225223607,0bd310181e565433819a831a488b9d0f97774f6bbb81fc156e080e375b75f515,20220722225223607-water-asphalt-smooth.jpg,240,360,84.72909722222222,25.089276543209873,False,train
c:/Users/Rivan/Projects/AI_Grand_Prix/data/_hf_snapshot/test_50k/20220722225230360-water-asphalt-smooth.jpg,WET,202207222252,water,asphalt,smooth,20220722225230360,6cd4bc49f6048c079cf6120e33699795a5ac8e94912c20dbdd6f03939b1ee077,20220722225230360-water-asphalt-smooth.jpg,240,360,94.93667824074075,4.670414402756344,False,train
c:/Users/Rivan/Projects/AI_Grand_Prix/data/_hf_snapshot/test_50k/20220722225230460-water-asphalt-smooth.jpg,WET,202207222252,water,asphalt,smooth,20220722225230460,d1f18bd55a54f6586af0d9e760fe91b2845b131a6544eeae6319870c687dd884,20220722225230460-water-asphalt-smooth.jpg,240,360,118.98206018518519,23.655620944251545,False,train
c:/Users/Rivan/Projects/AI_Grand_Prix/data/_hf_snapshot/test_50k/20220722225232788-wet-concrete-slight.jpg,DAMP,202207222252,wet,concrete,slight,20220722225232788,d22daca6a7003ced554e14a33a24db31dd28a8b73ca389b6b8f7cd7b5b370f2a,20220722225232788-wet-concrete-slight.jpg,240,360,99.95168981481481,79.02656196831599,False,train
c:/Users/Rivan/Projects/AI_Grand_Prix/data/_hf_snapshot/test_50k/20220722231450218-water-asphalt-smooth.jpg,WET,202207222314,water,asphalt,smooth,20220722231450218,f1b9150123a5a61c863fd91096ce567acb58d959a653db13c4acc1fbf9e929e2,20220722231450218-water-asphalt-smooth.jpg,240,360,152.1367013888889,59.571304815966855,False,train
c:/Users/Rivan/Projects/AI_Grand_Prix/data/_hf_snapshot/test_50k/20220722231453793-water-asphalt-smooth.jpg,WET,202207222314,water,asphalt,smooth,20220722231453793,4f7107feea5ecd58943a861094083a505eba2931420693ab24ed20807c5e269e,20220722231453793-water-asphalt-smooth.jpg,240,360,84.58858796296296,43.13340861183449,False,train
c:/Users/Rivan/Projects/AI_Grand_Prix/data/_hf_snapshot/test_50k/2022072223145422-water-asphalt-smooth.jpg,WET,202207222314,water,asphalt,smooth,2022072223145422,36ebfd048cb0bcdd2d804102c405fc3ba38736f0b3f7af075da0593e4b4f11a6,2022072223145422-water-asphalt-smooth.jpg,240,360,133.85592592592593,6.868226725260417,False,train
c:/Users/Rivan/Projects/AI_Grand_Prix/data/_hf_snapshot/test_50k/20220722231456157-water-asphalt-smooth.jpg,WET,202207222314,water,asphalt,smooth,20220722231456157,e04a245cf363880795f953594cd98fbe979a5428847159ae7bdfb84c70bdd62f,20220722231456157-water-asphalt-smooth.jpg,240,360,53.44252314814815,3.963414345287852,False,train
c:/Users/Rivan/Projects/AI_Grand_Prix/data/_hf_snapshot/test_50k/20220722231457264-water-asphalt-smooth.jpg,WET,202207222314,water,asphalt,smooth,20220722231457264,85b133b86872cb9b47a703c2db6a1ba087d23caa835af794f05f9931ce121d73,20220722231457264-water-asphalt-smooth.jpg,240,360,82.56172453703704,23.123078566529493,False,train
c:/Users/Rivan/Projects/AI_Grand_Prix/data/_hf_snapshot/test_50k/20220722231459537-water-asphalt-smooth.jpg,WET,202207222314,water,asphalt,smooth,20220722231459537,b7e2682cf96d2dc7b3deb69b029ca58053dff99eb9412c5c68592654f59ba156,20220722231459537-water-asphalt-smooth.jpg,240,360,104.5559375,5.084070979080932,False,train
c:/Users/Rivan/Projects/AI_Grand_Prix/data/_hf_snapshot/test_50k/2022072223150115-water-asphalt-smooth.jpg,WET,202207222315,water,asphalt,smooth,2022072223150115,1761885f029301118f3687c00bdcd50535410f1b4bd634177badb7b71066c70a,2022072223150115-water-asphalt-smooth.jpg,240,360,101.15346064814815,3.1367267842024606,False,train
c:/Users/Rivan/Projects/AI_Grand_Prix/data/_hf_snapshot/test_50k/20220722231504395-water-asphalt-smooth.jpg,WET,202207222315,water,asphalt,smooth,20220722231504395,e4e1a507d268f3bba40628d926cef793f11c0132b9f2a9763fd26e4308ba2a6c,20220722231504395-water-asphalt-smooth.jpg,240,360,97.4159837962963,2.060937429135588,False,train
c:/Users/Rivan/Projects/AI_Grand_Prix/data/_hf_snapshot/test_50k/20220722231505594-water-asphalt-smooth.jpg,WET,202207222315,water,asphalt,smooth,20220722231505594,104928b3f98c369d6d4e695e31f021e7a08b4acbd0628886ab7fc47c5bbd0ed7,20220722231505594-water-asphalt-smooth.jpg,240,360,80.4450462962963,2.7489798605752744,False,train
c:/Users/Rivan/Projects/AI_Grand_Prix/data/_hf_snapshot/test_50k/20220722231506703-water-asphalt-smooth.jpg,WET,202207222315,water,asphalt,smooth,20220722231506703,cc21b986c337b80e365d3f93125f0bc8e0263287e4bf6d1289353a44a8f4fe96,20220722231506703-water-asphalt-smooth.jpg,240,360,96.29805555555555,2.1366087929473165,False,train
c:/Users/Rivan/Projects/AI_Grand_Prix/data/_hf_snapshot/test_50k/20220722231506740-water-asphalt-smooth.jpg,WET,202207222315,water,asphalt,smooth,20220722231506740,efc6143757d7e9bee18e19f6f03d99134116d65fbda901c35292f6148f9195bb,20220722231506740-water-asphalt-smooth.jpg,240,360,88.39107638888889,12.035630944439086,False,train
c:/Users/Rivan/Projects/AI_Grand_Prix/data/_hf_snapshot/test_50k/20220722231508146-water-asphalt-smooth.jpg,WET,202207222315,water,asphalt,smooth,20220722231508146,fd7f03483117c40603788c35afa3944b175541ce09ec0455d6531ef10a5c1576,20220722231508146-water-asphalt-smooth.jpg,240,360,109.66760416666666,2.1846179718310617,False,train
c:/Users/Rivan/Projects/AI_Grand_Prix/data/_hf_snapshot/test_50k/2022072223150895-water-asphalt-smooth.jpg,WET,202207222315,water,asphalt,smooth,2022072223150895,3dc67e147a107db5a38d3221cb8c576a2e205bd849384acd258235b31288d155,2022072223150895-water-asphalt-smooth.jpg,240,360,56.94209490740741,247.85894666160303,False,train
c:/Users/Rivan/Projects/AI_Grand_Prix/data/_hf_snapshot/test_50k/20220722231510414-water-asphalt-smooth.jpg,WET,202207222315,water,asphalt,smooth,20220722231510414,b2bc25d46a2d06d73941f6ae10812c1f84c876c6ceb341bd52b55cb6ac45ace1,20220722231510414-water-asphalt-smooth.jpg,240,360,116.3145486111111,16.792485686594436,False,train
c:/Users/Rivan/Projects/AI_Grand_Prix/data/_hf_snapshot/test_50k/20220722231516507-water-asphalt-smooth.jpg,WET,202207222315,water,asphalt,smooth,20220722231516507,6284382ba5aceebc88357d1acc08f67823a65be9f105473384a16867eba026a5,20220722231516507-water-asphalt-smooth.jpg,240,360,88.89857638888888,1.6716433636616939,False,train
c:/Users/Rivan/Projects/AI_Grand_Prix/data/_hf_snapshot/test_50k/20220722231521338-water-asphalt-smooth.jpg,WET,202207222315,water,asphalt,smooth,20220722231521338,56b8a2146490b1ac93d03ded5bddb3fd891bda08165b52e10e937c87ac7f94c1,20220722231521338-water-asphalt-smooth.jpg,240,360,131.87350694444444,189.26722481017984,False,train
c:/Users/Rivan/Projects/AI_Grand_Prix/data/_hf_snapshot/test_50k/20220722231522436-water-asphalt-smooth.jpg,WET,202207222315,water,asphalt,smooth,20220722231522436,42766ccc9f0222f3fa2dd7591292751bf1bb6e24f84a4c37481dfde0b83de0d5,20220722231522436-water-asphalt-smooth.jpg,240,360,126.47929398148148,546.3138131718054,False,train
c:/Users/Rivan/Projects/AI_Grand_Prix/data/_hf_snapshot/test_50k/2022072223152568-water-asphalt-smooth.jpg,WET,202207222315,water,asphalt,smooth,2022072223152568,7e870c71c7c117999400003b593f00252bc420f0407e4fb92012d3540ca37557,2022072223152568-water-asphalt-smooth.jpg,240,360,131.30788194444443,9.832703777515217,False,train
c:/Users/Rivan/Projects/AI_Grand_Prix/data/_hf_snapshot/test_50k/20220722231527282-water-asphalt-smooth.jpg,WET,202207222315,water,asphalt,smooth,20220722231527282,b65d86de3a26f11fc78d7d7186db3cefd3677eb03fa65f30fa739c561bc2f141,20220722231527282-water-asphalt-smooth.jpg,240,360,137.6254976851852,4.19974537037037,False,train
c:/Users/Rivan/Projects/AI_Grand_Prix/data/_hf_snapshot/test_50k/20220722231527309-water-asphalt-smooth.jpg,WET,202207222315,water,asphalt,smooth,20220722231527309,6f7f7f8f75ba05fbe01e6d2012c51e954e9265d526417a479112c6c1013508af,20220722231527309-water-asphalt-smooth.jpg,240,360,135.615,2.487638888353052,False,train
c:/Users/Rivan/Projects/AI_Grand_Prix/data/_hf_snapshot/test_50k/20220722231528460-water-asphalt-smooth.jpg,WET,202207222315,water,asphalt,smooth,20220722231528460,80c8ed1f910f52d3fa9e7aa5385eb79972962e70ecf33689c495cb3a9967f820,20220722231528460-water-asphalt-smooth.jpg,240,360,146.35032407407408,2.8630088391632373,False,train
c:/Users/Rivan/Projects/AI_Grand_Prix/data/_hf_snapshot/test_50k/20220722231529673-water-asphalt-smooth.jpg,WET,202207222315,water,asphalt,smooth,20220722231529673,48d5db5cdb0c8882e53f74323d4ef068b18ef45817690ebebea4318f11c4512e,20220722231529673-water-asphalt-smooth.jpg,240,360,115.21395833333334,3.44521919353888,False,train
c:/Users/Rivan/Projects/AI_Grand_Prix/data/_hf_snapshot/test_50k/20220722231529705-water-asphalt-smooth.jpg,WET,202207222315,water,asphalt,smooth,20220722231529705,bce61cbfed8b88e5e9a9adad81d099df5c308a45b3bd41acfe3cb7ca24bc4d6f,20220722231529705-water-asphalt-smooth.jpg,240,360,110.05479166666667,2.3816087929473166,False,train
c:/Users/Rivan/Projects/AI_Grand_Prix/data/_hf_snapshot/test_50k/20220722231531839-water-asphalt-smooth.jpg,WET,202207222315,water,asphalt,smooth,20220722231531839,eeeca0681ca7f7b667f8497b79d0d362857b6c747ba56ed6043078169c3d8ff6,20220722231531839-water-asphalt-smooth.jpg,240,360,107.68699074074074,37.06052842881944,False,train
c:/Users/Rivan/Projects/AI_Grand_Prix/data/_hf_snapshot/test_50k/20220722231533358-water-asphalt-smooth.jpg,WET,202207222315,water,asphalt,smooth,20220722231533358,8e9c020ebd9aa5aca5fba4775a5ee2544779269c6641c660dba885d1beb05777,20220722231533358-water-asphalt-smooth.jpg,240,360,76.08211805555555,1.1233911928530094,False,train
c:/Users/Rivan/Projects/AI_Grand_Prix/data/_hf_snapshot/test_50k/20220722231534491-water-asphalt-smooth.jpg,WET,202207222315,water,asphalt,smooth,20220722231534491,ec3653845ab6778af6f156de40d3457042559d9d4063a6cd5f7aef774bdf6ad4,20220722231534491-water-asphalt-smooth.jpg,240,360,114.56990740740741,2.633344896556713,False,train
c:/Users/Rivan/Projects/AI_Grand_Prix/data/_hf_snapshot/test_50k/20220722231534494-water-asphalt-smooth.jpg,WET,202207222315,water,asphalt,smooth,20220722231534494,e517187e9abf23ffb9c9b1c3c0decae8d2a1b21b64c3315bdf47a2bc7e1bab1a,20220722231534494-water-asphalt-smooth.jpg,240,360,92.14248842592593,2.185497655044367,False,train
c:/Users/Rivan/Projects/AI_Grand_Prix/data/_hf_snapshot/test_50k/20220722231536825-water-asphalt-smooth.jpg,WET,202207222315,water,asphalt,smooth,20220722231536825,e6e4cfb3455cd45111f23f68d0ceaeee04f0933893403427d8d0b504830863c9,20220722231536825-water-asphalt-smooth.jpg,240,360,104.24202546296296,7.44356426611797,False,train
c:/Users/Rivan/Projects/AI_Grand_Prix/data/_hf_snapshot/test_50k/20220722231541630-water-asphalt-smooth.jpg,WET,202207222315,water,asphalt,smooth,20220722231541630,f1ac6a59b6d07734df06135e3c2b197df5e383149e8aca44edb62bce4fff8ae2,20220722231541630-water-asphalt-smooth.jpg,240,360,140.7525,4.0191782395351074,False,train
c:/Users/Rivan/Projects/AI_Grand_Prix/data/_hf_snapshot/test_50k/2022072223154347-water-asphalt-smooth.jpg,WET,202207222315,water,asphalt,smooth,2022072223154347,98a820fe97eef6087fc83f5d44258c9dbeac53309f6da4b29470dc5c51792e93,2022072223154347-water-asphalt-smooth.jpg,240,360,108.77552083333333,14.694296219135802,False,train
c:/Users/Rivan/Projects/AI_Grand_Prix/data/_hf_snapshot/test_50k/20220722231544171-water-asphalt-smooth.jpg,WET,202207222315,water,asphalt,smooth,20220722231544171,da25c5c34dc9013eb370c4073fa73704a6913cd57de3909e740fa2dfe5e829be,20220722231544171-water-asphalt-smooth.jpg,240,360,139.89008101851852,3.387800306498628,False,train
c:/Users/Rivan/Projects/AI_Grand_Prix/data/_hf_snapshot/test_50k/20220722231545387-water-asphalt-smooth.jpg,WET,202207222315,water,asphalt,smooth,20220722231545387,904cb90206b522ebeec109a5479f74f71187dc8159010767e40f52459b130d17,20220722231545387-water-asphalt-smooth.jpg,240,360,106.02090277777778,15.978344502180855,False,train
c:/Users/Rivan/Projects/AI_Grand_Prix/data/_hf_snapshot/test_50k/20220722233137355-water-asphalt-smooth.jpg,WET,202207222331,water,asphalt,smooth,20220722233137355,8fd4900ed7217069235a641ead2a31b7693fef4737995b5ee347f1cfe1929b6b,20220722233137355-water-asphalt-smooth.jpg,240,360,132.6026736111111,3.752312688078704,False,train
c:/Users/Rivan/Projects/AI_Grand_Prix/data/_hf_snapshot/test_50k/20220722233141126-water-asphalt-smooth.jpg,WET,202207222331,water,asphalt,smooth,20220722233141126,f92fc0e728ab60ccf158b15baec312c9989235201bdd1c8cde677f9c5628d9e3,20220722233141126-water-asphalt-smooth.jpg,240,360,146.23429398148147,3.046678224531679,False,train
c:/Users/Rivan/Projects/AI_Grand_Prix/data/_hf_snapshot/test_50k/20220722233144470-water-asphalt-smooth.jpg,WET,202207222331,water,asphalt,smooth,20220722233144470,0a83d992448847698cfb6d9b19f225752a7ae98b51006f36c254f48d3b9c2345,20220722233144470-water-asphalt-smooth.jpg,240,360,145.6232175925926,167.50138182535474,False,train
c:/Users/Rivan/Projects/AI_Grand_Prix/data/_hf_snapshot/test_50k/20220722233146777-water-asphalt-smooth.jpg,WET,202207222331,water,asphalt,smooth,20220722233146777,0749a9c8225cdce474237ee610c885d47b88a9c5ce1034714582aa10dcda710d,20220722233146777-water-asphalt-smooth.jpg,240,360,152.52178240740741,2.4065508610896775,False,train
c:/Users/Rivan/Projects/AI_Grand_Prix/data/_hf_snapshot/test_50k/20220722233809447-water-asphalt-smooth.jpg,WET,202207222338,water,asphalt,smooth,20220722233809447,2447c96adf4d37d01570ba05e6ac92ec7b8a804f475598f99b0b2ac4682504ba,20220722233809447-water-asphalt-smooth.jpg,240,360,90.14943287037038,10.603911453510804,False,train
c:/Users/Rivan/Projects/AI_Grand_Prix/data/_hf_snapshot/test_50k/20220722233809450-water-asphalt-smooth.jpg,WET,202207222338,water,asphalt,smooth,20220722233809450,207ed92497be28ff910af11b5070b23a586c30f0e3fce042ffead3dccf9c752e,20220722233809450-water-asphalt-smooth.jpg,240,360,96.97322916666667,72.75397654320987,False,train
c:/Users/Rivan/Projects/AI_Grand_Prix/data/_hf_snapshot/test_50k/20220722233812811-water-asphalt-smooth.jpg,WET,202207222338,water,asphalt,smooth,20220722233812811,0c18a7beb115ae2f297e5d900cd8b1da1057c32f446c2db4e8810c9afea30eb7,20220722233812811-water-asphalt-smooth.jpg,240,360,78.82568287037037,6.39961986400463,False,train
c:/Users/Rivan/Projects/AI_Grand_Prix/data/_hf_snapshot/test_50k/20220722233812830-water-asphalt-smooth.jpg,WET,202207222338,water,asphalt,smooth,20220722233812830,bd0bec74d4fdafa190d0f6e5d27dba99f8aef27891144ca8841f4a57de85e6b9,20220722233812830-water-asphalt-smooth.jpg,240,360,169.39371527777777,3.086214842544367,False,train
c:/Users/Rivan/Projects/AI_Grand_Prix/data/_hf_snapshot/test_50k/20220722233813153-water-asphalt-smooth.jpg,WET,202207222338,water,asphalt,smooth,20220722233813153,b7e02f1f15ddfc9d5a4846fd04369fdf136389d51a56cd946f34170e99a3e539,20220722233813153-water-asphalt-smooth.jpg,240,360,142.85413194444445,13.310578660300926,False,train
c:/Users/Rivan/Projects/AI_Grand_Prix/data/_hf_snapshot/test_50k/20220722233816633-water-asphalt-smooth.jpg,WET,202207222338,water,asphalt,smooth,20220722233816633,e4eaf16b9b752bd907abc9b1b91a3c770e9f0325be7569f1586ce37419985ad6,20220722233816633-water-asphalt-smooth.jpg,240,360,68.00118055555555,35.38608555759173,False,train
c:/Users/Rivan/Projects/AI_Grand_Prix/data/_hf_snapshot/test_50k/20220722233817854-water-asphalt-smooth.jpg,WET,202207222338,water,asphalt,smooth,20220722233817854,a07326633413e34bcb8e97918bc8226e2f3adea83d6d1cab1435804f7f109f8d,20220722233817854-water-asphalt-smooth.jpg,240,360,139.32842592592593,3.516944251007374,False,train
c:/Users/Rivan/Projects/AI_Grand_Prix/data/_hf_snapshot/test_50k/20220722233818117-water-asphalt-smooth.jpg,WET,202207222338,water,asphalt,smooth,20220722233818117,0dd101d50cfb80a79d4aa5f3a2c04a64643d9aaf8118538e9fe29b8cae4717fc,20220722233818117-water-asphalt-smooth.jpg,240,360,97.82318287037037,9.64842586108968,False,train
c:/Users/Rivan/Projects/AI_Grand_Prix/data/_hf_snapshot/test_50k/20220722233821591-water-asphalt-smooth.jpg,WET,202207222338,water,asphalt,smooth,20220722233821591,c4458ebc23ba78f4867b641500c2160d5156d3249a3736dadd1833225b72f440,20220722233821591-water-asphalt-smooth.jpg,240,360,165.96797453703704,3.3106123648351766,False,train
c:/Users/Rivan/Projects/AI_Grand_Prix/data/_hf_snapshot/test_50k/20220722233823843-water-asphalt-smooth.jpg,WET,202207222338,water,asphalt,smooth,20220722233823843,2fe9879cac19cc0773d8fbfb0a81ffa2753a4096a8dd19c58c98932b434ab67f,20220722233823843-water-asphalt-smooth.jpg,240,360,141.923125,3.4588422839506174,False,train
c:/Users/Rivan/Projects/AI_Grand_Prix/data/_hf_snapshot/test_50k/20220722233825262-water-asphalt-smooth.jpg,WET,202207222338,water,asphalt,smooth,20220722233825262,ee452ef796c054f8d388d650af626a5647650bedb9650c52b75b17f59ec75216,20220722233825262-water-asphalt-smooth.jpg,240,360,147.73517361111112,28.241664539930557,False,train
c:/Users/Rivan/Projects/AI_Grand_Prix/data/_hf_snapshot/test_50k/20220722233827720-water-asphalt-smooth.jpg,WET,202207222338,water,asphalt,smooth,20220722233827720,0d97e478e587e6640d88221f0654496a97d677972bd92bf78e1c5d87d51cf843,20220722233827720-water-asphalt-smooth.jpg,240,360,141.1516087962963,31.02770778463649,False,train
c:/Users/Rivan/Projects/AI_Grand_Prix/data/_hf_snapshot/test_50k/2022072223383479-water-asphalt-smooth.jpg,WET,202207222338,water,asphalt,smooth,2022072223383479,6bf4761dd7f61b5ac723ca91a9da8120373f72cdcf90762284f01d917a599fe5,2022072223383479-water-asphalt-smooth.jpg,240,360,139.95675925925926,6.580980409673997,False,train
c:/Users/Rivan/Projects/AI_Grand_Prix/data/_hf_snapshot/test_50k/20220722233835315-water-asphalt-smooth.jpg,WET,202207222338,water,asphalt,smooth,20220722233835315,bead7624b1ab49e3f4a4699156341ec138ca3d49f50d179ccde3ab9b65375926,20220722233835315-water-asphalt-smooth.jpg,240,360,109.36028935185185,54.87806391126007,False,train
c:/Users/Rivan/Projects/AI_Grand_Prix/data/_hf_snapshot/test_50k/20220722233836395-water-asphalt-smooth.jpg,WET,202207222338,water,asphalt,smooth,20220722233836395,cd2831c3787b4b66e41c10c22a8898866c3e179a2c0abe643d948c839220fedb,20220722233836395-water-asphalt-smooth.jpg,240,360,125.27461805555555,74.9206644320934,False,train
c:/Users/Rivan/Projects/AI_Grand_Prix/data/_hf_snapshot/test_50k/20220722233836412-water-asphalt-smooth.jpg,WET,202207222338,water,asphalt,smooth,20220722233836412,e3b9d0c63b5143495013eab2793f855e337e755d186791425b8d7764a79c00a9,20220722233836412-water-asphalt-smooth.jpg,240,360,148.60114583333333,5.894059760668511,False,train
c:/Users/Rivan/Projects/AI_Grand_Prix/data/_hf_snapshot/test_50k/20220722233842631-water-asphalt-smooth.jpg,WET,202207222338,water,asphalt,smooth,20220722233842631,d705aa7c90d58b20bedcebac5207ceac790133bb348a62208cf38175a3e215ee,20220722233842631-water-asphalt-smooth.jpg,240,360,140.96515046296295,3.0684606180073306,False,train
c:/Users/Rivan/Projects/AI_Grand_Prix/data/_hf_snapshot/test_50k/20220722233843689-water-asphalt-smooth.jpg,WET,202207222338,water,asphalt,smooth,20220722233843689,0193682839cacb9404f1b034b0b397b97e67d40a9f312c8785fcaf4bd5bb57ea,20220722233843689-water-asphalt-smooth.jpg,240,360,115.7590625,42.757243865204906,False,train
c:/Users/Rivan/Projects/AI_Grand_Prix/data/_hf_snapshot/test_50k/2022072223384426-water-asphalt-smooth.jpg,WET,202207222338,water,asphalt,smooth,2022072223384426,7f5e8bce3fe956e6d08fec51a35e984a0a931651c14d1a5a9f36f316e4d39377,2022072223384426-water-asphalt-smooth.jpg,240,360,134.20770833333333,3.0003573193962194,False,train
c:/Users/Rivan/Projects/AI_Grand_Prix/data/_hf_snapshot/test_50k/20220722233844816-water-asphalt-smooth.jpg,WET,202207222338,water,asphalt,smooth,20220722233844816,aaa230416902846102b0b2e7e27c8c10f1f1e1f47c3265468cb13ad702d12d10,20220722233844816-water-asphalt-smooth.jpg,240,360,92.3254513888889,61.59513167866941,False,train
c:/Users/Rivan/Projects/AI_Grand_Prix/data/_hf_snapshot/test_50k/20220723000028218-water-asphalt-smooth.jpg,WET,202207230000,water,asphalt,smooth,20220723000028218,ad6acdef3993d9fad4990c112badce803bcfd021b5cd6bc462d244029c693cd9,20220723000028218-water-asphalt-smooth.jpg,240,360,127.08899305555556,22.73379500975223,False,train
c:/Users/Rivan/Projects/AI_Grand_Prix/data/_hf_snapshot/test_50k/20220723000031558-water-asphalt-smooth.jpg,WET,202207230000,water,asphalt,smooth,20220723000031558,8eb2663de45a0ecc2da67cd56ce5437939691724150ff4266af32fba37c60497,20220723000031558-water-asphalt-smooth.jpg,240,360,136.19782407407408,5.2799987134559325,False,train
c:/Users/Rivan/Projects/AI_Grand_Prix/data/_hf_snapshot/test_50k/20220723000033122-water-asphalt-smooth.jpg,WET,202207230000,water,asphalt,smooth,20220723000033122,1154943707d0823b18990eeb626e3163f8f4f466e7e0413ea5f802e883e9a619,20220723000033122-water-asphalt-smooth.jpg,240,360,80.97421296296297,3.393159663146219,False,train
c:/Users/Rivan/Projects/AI_Grand_Prix/data/_hf_snapshot/test_50k/20220723000036567-water-asphalt-smooth.jpg,WET,202207230000,water,asphalt,smooth,20220723000036567,0c76fc6104c1e747fb566fd9094b12769708f6985d055cf224bffca0aaa08d5e,20220723000036567-water-asphalt-smooth.jpg,240,360,135.79189814814814,4.27879436728395,False,train
c:/Users/Rivan/Projects/AI_Grand_Prix/data/_hf_snapshot/test_50k/20220723000037809-water-asphalt-smooth.jpg,WET,202207230000,water,asphalt,smooth,20220723000037809,e08f7c6ae71bafb4c1c0dacf35b8c100d36c4e7714ca391e2db2d821a3a903f5,20220723000037809-water-asphalt-smooth.jpg,240,360,144.67498842592593,13.841371237220292,False,train
c:/Users/Rivan/Projects/AI_Grand_Prix/data/_hf_snapshot/test_50k/20220723000039166-water-asphalt-smooth.jpg,WET,202207230000,water,asphalt,smooth,20220723000039166,03418b061102e07b42a1ded5479147aff146d3c3fb644a4097d8e712a5936191,20220723000039166-water-asphalt-smooth.jpg,240,360,60.46414351851852,2.488148010973937,False,train
c:/Users/Rivan/Projects/AI_Grand_Prix/data/_hf_snapshot/test_50k/20220723000040483-water-asphalt-smooth.jpg,WET,202207230000,water,asphalt,smooth,20220723000040483,2fa1ec37dd41bd3d4be51a50f952562caf9dc81ce228edd4f4d455705d2034f6,20220723000040483-water-asphalt-smooth.jpg,240,360,136.660625,11.965995086912722,False,train
c:/Users/Rivan/Projects/AI_Grand_Prix/data/_hf_snapshot/test_50k/20220723000041561-water-asphalt-smooth.jpg,WET,202207230000,water,asphalt,smooth,20220723000041561,8c890236487d89dbd36338a1a550e6497e046d70e7eeed118ffb5e0e1bf175a7,20220723000041561-water-asphalt-smooth.jpg,240,360,121.00371527777777,38.17377573610575,False,train
c:/Users/Rivan/Projects/AI_Grand_Prix/data/_hf_snapshot/test_50k/20220723000041633-water-asphalt-smooth.jpg,WET,202207230000,water,asphalt,smooth,20220723000041633,cdd5f268d7223f556cbecddcd9d10a2cf02f08ae565b12af3dbc6f52fa628602,20220723000041633-water-asphalt-smooth.jpg,240,360,122.8647800925926,2.6765042947316533,False,train
c:/Users/Rivan/Projects/AI_Grand_Prix/data/_hf_snapshot/test_50k/20220723000041657-water-asphalt-smooth.jpg,WET,202207230000,water,asphalt,smooth,20220723000041657,52bd65de23c06f12616daae149431760594805f4f1336d998ced7be5daf84f21,20220723000041657-water-asphalt-smooth.jpg,240,360,96.20547453703703,18.457314809992283,False,train
c:/Users/Rivan/Projects/AI_Grand_Prix/data/_hf_snapshot/test_50k/2022072320555611-water-asphalt-severe.jpg,WET,202207232055,water,asphalt,severe,2022072320555611,3c7de7996e4f0b9c960ab6d4fd3a4f6d959716f5ef9dd470af066203263b446b,2022072320555611-water-asphalt-severe.jpg,240,360,181.45966435185184,793.5400505978598,False,train
c:/Users/Rivan/Projects/AI_Grand_Prix/data/_hf_snapshot/test_50k/20220723205613110-water-asphalt-slight.jpg,WET,202207232056,water,asphalt,slight,20220723205613110,73b8378121f2194347832c1dd01196158c5d419096ca785febea351924247107,20220723205613110-water-asphalt-slight.jpg,240,360,147.3887037037037,108.84780427155671,False,train
c:/Users/Rivan/Projects/AI_Grand_Prix/data/_hf_snapshot/test_50k/20220723205619763-wet-asphalt-smooth.jpg,DAMP,202207232056,wet,asphalt,smooth,20220723205619763,e69d0589ca1f7cb8ca3b8e913539db9e762cf24d3e70e12090350557f8b65928,20220723205619763-wet-asphalt-smooth.jpg,240,360,120.12351851851852,189.50447451774693,False,train
c:/Users/Rivan/Projects/AI_Grand_Prix/data/_hf_snapshot/test_50k/20220723205619797-wet-asphalt-smooth.jpg,DAMP,202207232056,wet,asphalt,smooth,20220723205619797,48b7cb0bff10863541a94f23cf066f460643455fa9863368150398432c25a269,20220723205619797-wet-asphalt-smooth.jpg,240,360,126.97144675925927,1028.351358876538,False,train
c:/Users/Rivan/Projects/AI_Grand_Prix/data/_hf_snapshot/test_50k/2022072320562148-wet-asphalt-smooth.jpg,DAMP,202207232056,wet,asphalt,smooth,2022072320562148,9fdc99a85c17f088587450aa90d318c96405bc997f411849a0856fb18ab970d7,2022072320562148-wet-asphalt-smooth.jpg,240,360,165.8560185185185,32.532175617283954,False,train
c:/Users/Rivan/Projects/AI_Grand_Prix/data/_hf_snapshot/test_50k/2022072320562191-wet-asphalt-slight.jpg,DAMP,202207232056,wet,asphalt,slight,2022072320562191,5b405d3b8a5cfcfa630c4c697e5a3d1eafcf690e3e45961d050bf9558b954998,2022072320562191-wet-asphalt-slight.jpg,240,360,177.14481481481482,570.2283995177469,False,train
c:/Users/Rivan/Projects/AI_Grand_Prix/data/_hf_snapshot/test_50k/20220723205622138-water-asphalt-slight.jpg,WET,202207232056,water,asphalt,slight,20220723205622138,4cde391a62f943da0fc64b6cede900395fe8472ad7801b12199c6e965326af29,20220723205622138-water-asphalt-slight.jpg,240,360,173.0989236111111,49.136520935678156,False,train
c:/Users/Rivan/Projects/AI_Grand_Prix/data/_hf_snapshot/test_50k/20220723205624416-water-asphalt-smooth.jpg,WET,202207232056,water,asphalt,smooth,20220723205624416,b1ee475adf36cae290d2208f3e886e3af9b5f11d066139991c98e1a983468c1e,20220723205624416-water-asphalt-smooth.jpg,240,360,163.0454050925926,43.1222167561514,False,train
c:/Users/Rivan/Projects/AI_Grand_Prix/data/_hf_snapshot/test_50k/20220723205625517-water-asphalt-slight.jpg,WET,202207232056,water,asphalt,slight,20220723205625517,bb0246c8a7120edbae3c0d66b5de2e13597ae5db70ec138cde271c5f840807ad,20220723205625517-water-asphalt-slight.jpg,240,360,149.75528935185184,32.477001054392794,False,train
c:/Users/Rivan/Projects/AI_Grand_Prix/data/_hf_snapshot/test_50k/20220723205626568-water-asphalt-severe.jpg,WET,202207232056,water,asphalt,severe,20220723205626568,bc093a05fe4f817197ee255cca787eef84a8c6129c711d6fec81a6539b0d3b37,20220723205626568-water-asphalt-severe.jpg,240,360,178.32398148148147,78.46587729552469,False,train
c:/Users/Rivan/Projects/AI_Grand_Prix/data/_hf_snapshot/test_50k/20220723205627675-water-asphalt-slight.jpg,WET,202207232056,water,asphalt,slight,20220723205627675,c4db1b0b71997e8b5fad888f94f46aa6a627b6350fd5b989d5c18cd0a6f3c7b0,20220723205627675-water-asphalt-slight.jpg,240,360,151.17299768518518,530.1963661264093,False,train
c:/Users/Rivan/Projects/AI_Grand_Prix/data/_hf_snapshot/test_50k/20220723205629853-wet-asphalt-slight.jpg,DAMP,202207232056,wet,asphalt,slight,20220723205629853,0cd71132f78e4830ade749dfe43e2324f8d98ce7c7f45abed8fe98d0f7b99ca0,20220723205629853-wet-asphalt-slight.jpg,240,360,153.81506944444445,33.070787037037036,False,train
c:/Users/Rivan/Projects/AI_Grand_Prix/data/_hf_snapshot/test_50k/20220723205629864-wet-asphalt-smooth.jpg,DAMP,202207232056,wet,asphalt,smooth,20220723205629864,a1c642413a8a5582f503829545d6e007d3b630c8a0ff2868c449975a546509fb,20220723205629864-wet-asphalt-smooth.jpg,240,360,91.18665509259259,493.71537013406635,False,train
c:/Users/Rivan/Projects/AI_Grand_Prix/data/_hf_snapshot/test_50k/20220723205629870-wet-asphalt-smooth.jpg,DAMP,202207232056,wet,asphalt,smooth,20220723205629870,4722368eb7e9647746e95c7319a5aa2b457c367f78d303dde2fa7e3ee366ade7,20220723205629870-wet-asphalt-smooth.jpg,240,360,84.64413194444444,1278.1451256589453,False,train
c:/Users/Rivan/Projects/AI_Grand_Prix/data/_hf_snapshot/test_50k/20220723205630134-water-asphalt-slight.jpg,WET,202207232056,water,asphalt,slight,20220723205630134,184324a21b405578059312f2fa2f4617ff23f33831da008b145f488066ab481c,20220723205630134-water-asphalt-slight.jpg,240,360,155.11618055555556,62.209675306498625,False,train
c:/Users/Rivan/Projects/AI_Grand_Prix/data/_hf_snapshot/test_50k/2022072320563067-wet-asphalt-slight.jpg,DAMP,202207232056,wet,asphalt,slight,2022072320563067,606580a9dfc13e81f885995f1d71618dbc2b0e81e76a3d1694afc628cca29262,2022072320563067-wet-asphalt-slight.jpg,240,360,176.89900462962962,76.50758410011574,False,train
c:/Users/Rivan/Projects/AI_Grand_Prix/data/_hf_snapshot/test_50k/20220723205631249-water-asphalt-slight.jpg,WET,202207232056,water,asphalt,slight,20220723205631249,4613706d1047107e72e8e61d16b42fa1909ee31711288f016d9ee595b92cdd02,20220723205631249-water-asphalt-slight.jpg,240,360,193.25194444444443,21.500782085369515,False,train
c:/Users/Rivan/Projects/AI_Grand_Prix/data/_hf_snapshot/test_50k/20220723205632334-water-asphalt-slight.jpg,WET,202207232056,water,asphalt,slight,20220723205632334,fc3b34e774a0c44139328110e99dcc60624fa90bc123b977a28e6b3ef0467f55,20220723205632334-water-asphalt-slight.jpg,240,360,182.27954861111112,183.20553535866233,False,train
c:/Users/Rivan/Projects/AI_Grand_Prix/data/_hf_snapshot/test_50k/20220723205633385-wet-asphalt-slight.jpg,DAMP,202207232056,wet,asphalt,slight,20220723205633385,31a569b3c459f283b5f0bceee492d74b0df5443b681388bb7b472adccb8e5d1e,20220723205633385-wet-asphalt-slight.jpg,240,360,152.96086805555555,54.95286691087428,False,train
c:/Users/Rivan/Projects/AI_Grand_Prix/data/_hf_snapshot/test_50k/20220723205637776-wet-asphalt-slight.jpg,DAMP,202207232056,wet,asphalt,slight,20220723205637776,47bb8704cdf51f26ebf6151f361832ea06805f775886adfc3b79e14929e69137,20220723205637776-wet-asphalt-slight.jpg,240,360,163.04486111111112,648.9614119464808,False,train
c:/Users/Rivan/Projects/AI_Grand_Prix/data/_hf_snapshot/test_50k/20220723205639153-wet-asphalt-slight.jpg,DAMP,202207232056,wet,asphalt,slight,20220723205639153,c38afee4741c4f37a77ced7d1e2722d0219aeb6b5321a6d576885833fb673f64,20220723205639153-wet-asphalt-slight.jpg,240,360,159.53189814814814,543.6362173834823,False,train
c:/Users/Rivan/Projects/AI_Grand_Prix/data/_hf_snapshot/test_50k/20220723205640192-wet-asphalt-slight.jpg,DAMP,202207232056,wet,asphalt,slight,20220723205640192,682f6b4adabf0b86e6fc16272f8a4b47016c31e122ab2d1c3383e872bcdc8117,20220723205640192-wet-asphalt-slight.jpg,240,360,127.93252314814815,413.49870081969624,False,train
c:/Users/Rivan/Projects/AI_Grand_Prix/data/_hf_snapshot/test_50k/20220723205646772-wet-asphalt-smooth.jpg,DAMP,202207232056,wet,asphalt,smooth,20220723205646772,8866409b651c90f66e62a7a821fdd126a55ce7312d0139e59468deba25f9ae9d,20220723205646772-wet-asphalt-smooth.jpg,240,360,139.52623842592592,1218.2534176949373,False,train
c:/Users/Rivan/Projects/AI_Grand_Prix/data/_hf_snapshot/test_50k/2022072320564817-wet-asphalt-slight.jpg,DAMP,202207232056,wet,asphalt,slight,2022072320564817,21e8dd594aeb0fcee400083690b09429a9cc4d013ee956a69f335620f65eefdb,2022072320564817-wet-asphalt-slight.jpg,240,360,116.7713888888889,240.76189249493638,False,train
c:/Users/Rivan/Projects/AI_Grand_Prix/data/_hf_snapshot/test_50k/2022072320564857-wet-asphalt-slight.jpg,DAMP,202207232056,wet,asphalt,slight,2022072320564857,1f31a7627615a4fc4e3aa43d612811fc86d155e3c8a606a18dea569bb0376eae,2022072320564857-wet-asphalt-slight.jpg,240,360,124.43767361111111,60.56180229552469,False,train
c:/Users/Rivan/Projects/AI_Grand_Prix/data/_hf_snapshot/test_50k/20220723205650228-wet-asphalt-slight.jpg,DAMP,202207232056,wet,asphalt,slight,20220723205650228,7855722c68d844dbcda4e232cea5964c87b7e8910bec5ab4b0b32bbb58ab7645,20220723205650228-wet-asphalt-slight.jpg,240,360,126.59524305555556,871.6791166789909,False,train
c:/Users/Rivan/Projects/AI_Grand_Prix/data/_hf_snapshot/test_50k/20220723205653475-wet-asphalt-severe.jpg,DAMP,202207232056,wet,asphalt,severe,20220723205653475,3eece27c51f1895cff47eeaf2a643f0fb62737de36742cdc61f3437bf2ecdfba,20220723205653475-wet-asphalt-severe.jpg,240,360,138.6321412037037,780.2854397499785,False,train
c:/Users/Rivan/Projects/AI_Grand_Prix/data/_hf_snapshot/test_50k/2022072320565946-wet-asphalt-slight.jpg,DAMP,202207232056,wet,asphalt,slight,2022072320565946,208c375b5bfbb4c048ae04470fd107cfe80c523bc1f2d239ad6ef515a8add34e,2022072320565946-wet-asphalt-slight.jpg,240,360,132.80907407407406,52.28835611925583,False,train
c:/Users/Rivan/Projects/AI_Grand_Prix/data/_hf_snapshot/test_50k/20220723205700146-wet-asphalt-slight.jpg,DAMP,202207232057,wet,asphalt,slight,20220723205700146,957abe6f606ba797feaf28d841d63765722b217d54af092f22187deadf9d0372,20220723205700146-wet-asphalt-slight.jpg,240,360,123.2758449074074,243.31289038052446,False,train
c:/Users/Rivan/Projects/AI_Grand_Prix/data/_hf_snapshot/test_50k/20220723205702299-wet-asphalt-slight.jpg,DAMP,202207232057,wet,asphalt,slight,20220723205702299,4aca97cbcf04f4604428f2dfa269429eeeb40214989c911684c94d8976a887e4,20220723205702299-wet-asphalt-slight.jpg,240,360,133.21868055555555,323.96269564994316,False,train
c:/Users/Rivan/Projects/AI_Grand_Prix/data/_hf_snapshot/test_50k/20220723205707786-wet-asphalt-smooth.jpg,DAMP,202207232057,wet,asphalt,smooth,20220723205707786,8653e9378291cc7c4699245b5a0f32c3619b3b6335d8cef6c1faad1b94bbd632,20220723205707786-wet-asphalt-smooth.jpg,240,360,159.34597222222223,298.39958774380574,False,train
c:/Users/Rivan/Projects/AI_Grand_Prix/data/_hf_snapshot/test_50k/20220723205724429-wet-asphalt-slight.jpg,DAMP,202207232057,wet,asphalt,slight,20220723205724429,720e057f6ecb392f94547696c2f51857efd9cadae0a4d086392bf5705c280c68,20220723205724429-wet-asphalt-slight.jpg,240,360,156.82150462962963,47.540462954389575,False,train
c:/Users/Rivan/Projects/AI_Grand_Prix/data/_hf_snapshot/test_50k/20220723205724450-wet-asphalt-slight.jpg,DAMP,202207232057,wet,asphalt,slight,20220723205724450,9b88e08bc013a6e56fe0723f386307f1fbf8a5a02b01dd0db5526a5be74fb3a5,20220723205724450-wet-asphalt-slight.jpg,240,360,162.7100115740741,60.84876899862826,False,train
c:/Users/Rivan/Projects/AI_Grand_Prix/data/_hf_snapshot/test_50k/20220723205725600-wet-asphalt-slight.jpg,DAMP,202207232057,wet,asphalt,slight,20220723205725600,3ec7d07a241a1e64634a1e71b908dfc07ab9071431ca59812c1194a1603ec583,20220723205725600-wet-asphalt-slight.jpg,240,360,178.10847222222222,38.16325190958826,False,train
c:/Users/Rivan/Projects/AI_Grand_Prix/data/_hf_snapshot/test_50k/20220723205726696-wet-asphalt-slight.jpg,DAMP,202207232057,wet,asphalt,slight,20220723205726696,d75b649ab7e849779b3d441d62c86b37e80678e1581631422bd579983bc1614e,20220723205726696-wet-asphalt-slight.jpg,240,360,175.99623842592592,70.86852528935185,False,train
c:/Users/Rivan/Projects/AI_Grand_Prix/data/_hf_snapshot/test_50k/20220723205728814-wet-asphalt-slight.jpg,DAMP,202207232057,wet,asphalt,slight,20220723205728814,7614957322499062e346040d8da7591634430b48cc19f0a07618cd67cae808dd,20220723205728814-wet-asphalt-slight.jpg,240,360,165.44532407407408,290.8562490932302,False,train
c:/Users/Rivan/Projects/AI_Grand_Prix/data/_hf_snapshot/test_50k/20220723205728863-wet-asphalt-slight.jpg,DAMP,202207232057,wet,asphalt,slight,20220723205728863,b97158731e683b5a3fea7cf6ca33776498dca31d5787b674a623b51ce4dd24ae,20220723205728863-wet-asphalt-slight.jpg,240,360,162.30153935185186,193.72910390933106,False,train
c:/Users/Rivan/Projects/AI_Grand_Prix/data/_hf_snapshot/test_50k/20220723205728865-wet-asphalt-severe.jpg,DAMP,202207232057,wet,asphalt,severe,20220723205728865,e7b6620df76c50f9b1b4b91cef9f54c0fe7ffef5ae3698226a86522b98a25e0c,20220723205728865-wet-asphalt-severe.jpg,240,360,172.9555787037037,749.0140380524477,False,train
c:/Users/Rivan/Projects/AI_Grand_Prix/data/_hf_snapshot/test_50k/2022072320572920-wet-asphalt-slight.jpg,DAMP,202207232057,wet,asphalt,slight,2022072320572920,54981b55a308e8ff14857071b6066ac6ed783e411bdf873542cf0a28bebaf6d6,2022072320572920-wet-asphalt-slight.jpg,240,360,138.12074074074073,30.262927993050198,False,train
c:/Users/Rivan/Projects/AI_Grand_Prix/data/_hf_snapshot/test_50k/2022072320572930-wet-asphalt-slight.jpg,DAMP,202207232057,wet,asphalt,slight,2022072320572930,b6eb61e1a3d0306af2b5bdeb87375860620ef3085f3d1bdb7b43bb795463af35,2022072320572930-wet-asphalt-slight.jpg,240,360,137.1305787037037,950.6505342592592,False,train
c:/Users/Rivan/Projects/AI_Grand_Prix/data/_hf_snapshot/test_50k/20220723205729881-wet-asphalt-slight.jpg,DAMP,202207232057,wet,asphalt,slight,20220723205729881,98df0c3119853fbed13d17c4b1fd382514d880a9d3bc409b496309afcd7e2360,20220723205729881-wet-asphalt-slight.jpg,240,360,152.44864583333333,949.5333552532096,False,train
c:/Users/Rivan/Projects/AI_Grand_Prix/data/_hf_snapshot/test_50k/20220723205730135-wet-asphalt-slight.jpg,DAMP,202207232057,wet,asphalt,slight,20220723205730135,deffebc7616ad199b6c44cd1039efbf8460e56cf2b9a8e4e0b866b078ad541e6,20220723205730135-wet-asphalt-slight.jpg,240,360,137.96680555555557,1270.04498263554,False,train
c:/Users/Rivan/Projects/AI_Grand_Prix/data/_hf_snapshot/test_50k/2022072320573080-wet-asphalt-slight.jpg,DAMP,202207232057,wet,asphalt,slight,2022072320573080,47397b76de4acfcd01ec3ea4e5e8e9c98238529e6b5ee72d736575976b674724,2022072320573080-wet-asphalt-slight.jpg,240,360,138.9820601851852,762.7940152358485,False,train
c:/Users/Rivan/Projects/AI_Grand_Prix/data/_hf_snapshot/test_50k/20220723205731154-wet-asphalt-slight.jpg,DAMP,202207232057,wet,asphalt,slight,20220723205731154,d4fb9cb48a40aed38629def497f31328592f9076c55b3fd77ff7f5f3599bee3e,20220723205731154-wet-asphalt-slight.jpg,240,360,162.33070601851853,464.77695585441853,False,train
c:/Users/Rivan/Projects/AI_Grand_Prix/data/_hf_snapshot/test_50k/20220723205735599-wet-asphalt-slight.jpg,DAMP,202207232057,wet,asphalt,slight,20220723205735599,266eb842914d173c9ce73232a4a5e32d19579d13a0323b18771a5e1121fa0114,20220723205735599-wet-asphalt-slight.jpg,240,360,147.72689814814814,218.9174328638064,False,train
c:/Users/Rivan/Projects/AI_Grand_Prix/data/_hf_snapshot/test_50k/2022072320573919-wet-asphalt-slight.jpg,DAMP,202207232057,wet,asphalt,slight,2022072320573919,df82e711a4d09c2ed45aba102593d386c0a54fe88b28755f7566364ca852c99c,2022072320573919-wet-asphalt-slight.jpg,240,360,148.9920138888889,1173.963378008723,False,train
c:/Users/Rivan/Projects/AI_Grand_Prix/data/_hf_snapshot/test_50k/2022072320573943-wet-asphalt-slight.jpg,DAMP,202207232057,wet,asphalt,slight,2022072320573943,d4d0ac13f0552e0f184bd9f7cfdcdbe2ca8410b24c1bacbf3413141b503f5051,2022072320573943-wet-asphalt-slight.jpg,240,360,151.9667476851852,57.42397684702932,False,train
c:/Users/Rivan/Projects/AI_Grand_Prix/data/_hf_snapshot/test_50k/2022072320573950-wet-asphalt-slight.jpg,DAMP,202207232057,wet,asphalt,slight,2022072320573950,c3f26421780914237eb1082daff883c6305331fea5395b5c799efcb1e9b30316,2022072320573950-wet-asphalt-slight.jpg,240,360,147.57716435185185,51.719304781807274,False,train
c:/Users/Rivan/Projects/AI_Grand_Prix/data/_hf_snapshot/test_50k/20220723205743381-wet-asphalt-slight.jpg,DAMP,202207232057,wet,asphalt,slight,20220723205743381,5a2018e59eaeff2b02e5abbb4f3b94ec883b893db123ce9ce8f35801c590691a,20220723205743381-wet-asphalt-slight.jpg,240,360,152.206875,493.4257364320774,False,train
c:/Users/Rivan/Projects/AI_Grand_Prix/data/_hf_snapshot/test_50k/20220723205743466-wet-asphalt-slight.jpg,DAMP,202207232057,wet,asphalt,slight,20220723205743466,2aef86bfe38a4340a317826524fec5ff2b074b15ce203c97bbfbdeb5224fe5b7,20220723205743466-wet-asphalt-slight.jpg,240,360,155.94818287037037,283.76108788580245,False,train
c:/Users/Rivan/Projects/AI_Grand_Prix/data/_hf_snapshot/test_50k/20220723205748797-wet-asphalt-slight.jpg,DAMP,202207232057,wet,asphalt,slight,20220723205748797,a613609dc16e49a643f1683ec26ab17ca480c001519f3b4b3a008935a19d775f,20220723205748797-wet-asphalt-slight.jpg,240,360,141.34737268518518,998.3607156730914,False,train
c:/Users/Rivan/Projects/AI_Grand_Prix/data/_hf_snapshot/test_50k/2022072320574949-wet-asphalt-slight.jpg,DAMP,202207232057,wet,asphalt,slight,2022072320574949,977cfc49b62c6001a7b659cf425d4ddd2331e1e4d28be0963238898924e28df6,2022072320574949-wet-asphalt-slight.jpg,240,360,132.6886111111111,314.715590247637,False,train
c:/Users/Rivan/Projects/AI_Grand_Prix/data/_hf_snapshot/test_50k/20220723205751182-wet-asphalt-slight.jpg,DAMP,202207232057,wet,asphalt,slight,20220723205751182,4d42f512e93c22375d66deac2f1f2fc3738a199c5b9136f3b7c95b8d37644487,20220723205751182-wet-asphalt-slight.jpg,240,360,159.87729166666668,204.33386297568913,False,train
c:/Users/Rivan/Projects/AI_Grand_Prix/data/_hf_snapshot/test_50k/20220723205754377-wet-asphalt-severe.jpg,DAMP,202207232057,wet,asphalt,severe,20220723205754377,4e68d6c98030b25a8935807e0ab01c6cffeab9f7f3b596635fb7609ddaf9cdd2,20220723205754377-wet-asphalt-severe.jpg,240,360,141.76217592592593,910.5270421274862,False,train
c:/Users/Rivan/Projects/AI_Grand_Prix/data/_hf_snapshot/test_50k/20220723205754378-wet-asphalt-slight.jpg,DAMP,202207232057,wet,asphalt,slight,20220723205754378,793ed9d9fe8c54ca912039380916fcfa9c5e484c0b790288c53eb5f9684cb44a,20220723205754378-wet-asphalt-slight.jpg,240,360,136.64252314814814,352.5536338391633,False,train
c:/Users/Rivan/Projects/AI_Grand_Prix/data/_hf_snapshot/test_50k/20220723205754408-wet-asphalt-slight.jpg,DAMP,202207232057,wet,asphalt,slight,20220723205754408,98abcaf1bab07bd1d36084ad761d2eb18e529b2791ad51eb1c41fa08747c2c87,20220723205754408-wet-asphalt-slight.jpg,240,360,131.57146990740742,1188.3229562671468,False,train
c:/Users/Rivan/Projects/AI_Grand_Prix/data/_hf_snapshot/test_50k/20220723205756592-wet-asphalt-smooth.jpg,DAMP,202207232057,wet,asphalt,smooth,20220723205756592,2e2ece53ba9196d8c67e4f2f5ddf7b58a1fc2a3fa005bbbba47a364b409887a6,20220723205756592-wet-asphalt-smooth.jpg,240,360,152.09484953703705,163.69003780743634,False,train
c:/Users/Rivan/Projects/AI_Grand_Prix/data/_hf_snapshot/test_50k/20220723205758723-wet-asphalt-slight.jpg,DAMP,202207232057,wet,asphalt,slight,20220723205758723,144d65a4a0fb2bd7566cda17da28c9a36df67f0975d41f7647b7d31cb6bcb388,20220723205758723-wet-asphalt-slight.jpg,240,360,148.59766203703703,1826.77021076054,False,train
c:/Users/Rivan/Projects/AI_Grand_Prix/data/_hf_snapshot/test_50k/20220723205759787-wet-asphalt-severe.jpg,DAMP,202207232057,wet,asphalt,severe,20220723205759787,0d7acfacf363c06fb409f875500cf2b4303dfc3201f6fdb6f18f0682f3538486,20220723205759787-wet-asphalt-severe.jpg,240,360,157.86512731481483,1261.6546854733313,False,train
c:/Users/Rivan/Projects/AI_Grand_Prix/data/_hf_snapshot/test_50k/20220723205800892-wet-asphalt-slight.jpg,DAMP,202207232058,wet,asphalt,slight,20220723205800892,1d6d7124f5ce659d79587a530fa080d915a3cb75ecf84399a178ede50463654c,20220723205800892-wet-asphalt-slight.jpg,240,360,151.05141203703704,636.3967074968922,False,train
c:/Users/Rivan/Projects/AI_Grand_Prix/data/_hf_snapshot/test_50k/20220723205802230-water-asphalt-smooth.jpg,WET,202207232058,water,asphalt,smooth,20220723205802230,ff095d713ce13b2e3ed5aed5bcfbcca8a45f5e3466d1adff3380ca66c0d87379,20220723205802230-water-asphalt-smooth.jpg,240,360,168.48827546296297,116.94266109182098,False,train
c:/Users/Rivan/Projects/AI_Grand_Prix/data/_hf_snapshot/test_50k/20220723205802244-water-asphalt-slight.jpg,WET,202207232058,water,asphalt,slight,20220723205802244,c6c908ad545757503544235c70e0c5b65d87735786f373c74f057963289a1273,20220723205802244-water-asphalt-slight.jpg,240,360,169.94363425925926,22.97524367230367,False,train
c:/Users/Rivan/Projects/AI_Grand_Prix/data/_hf_snapshot/test_50k/20220723205803290-water-asphalt-slight.jpg,WET,202207232058,water,asphalt,slight,20220723205803290,23fdd6985a82aa7a9dc9eeea46bace2bb4aafc38dd56e645fc61f5c6bdc30571,20220723205803290-water-asphalt-slight.jpg,240,360,169.6239236111111,90.44573111925584,False,train
c:/Users/Rivan/Projects/AI_Grand_Prix/data/_hf_snapshot/test_50k/20220723205805450-wet-asphalt-slight.jpg,DAMP,202207232058,wet,asphalt,slight,20220723205805450,b92ede5d9b6764405f2505902cad778aa27499b0e446e56b57b57b6bc68ef599,20220723205805450-wet-asphalt-slight.jpg,240,360,150.2534375,484.5085484116459,False,train
c:/Users/Rivan/Projects/AI_Grand_Prix/data/_hf_snapshot/test_50k/20220723205808786-wet-asphalt-slight.jpg,DAMP,202207232058,wet,asphalt,slight,20220723205808786,4776c5e15b6046a33372832cd3b55410ba2104a55168dd11869e024c957ae7fd,20220723205808786-wet-asphalt-slight.jpg,240,360,159.69508101851852,472.5713148099923,False,train
c:/Users/Rivan/Projects/AI_Grand_Prix/data/_hf_snapshot/test_50k/202207232058107-wet-asphalt-severe.jpg,DAMP,202207232058,wet,asphalt,severe,202207232058107,a854d19076d76cf415a1c081145bfb10e1bb568f0b07286537886dfc67e3a26b,202207232058107-wet-asphalt-severe.jpg,240,360,158.37341435185186,812.1800402729551,False,train
c:/Users/Rivan/Projects/AI_Grand_Prix/data/_hf_snapshot/test_50k/20220723205810880-wet-asphalt-slight.jpg,DAMP,202207232058,wet,asphalt,slight,20220723205810880,01ac86ef3caa28f00a6630d235c597074fbce465ebee9d6e4eec3972564d9c31,20220723205810880-wet-asphalt-slight.jpg,240,360,155.4189814814815,1698.401269688652,False,train
c:/Users/Rivan/Projects/AI_Grand_Prix/data/_hf_snapshot/test_50k/20220723205813295-wet-asphalt-slight.jpg,DAMP,202207232058,wet,asphalt,slight,20220723205813295,55494f7eb6611db1690579c91ac3e26fa872b7b6b07637b4395ea86228c0de08,20220723205813295-wet-asphalt-slight.jpg,240,360,132.1334837962963,661.7433872685185,False,train
c:/Users/Rivan/Projects/AI_Grand_Prix/data/_hf_snapshot/test_50k/20220723205813302-wet-asphalt-slight.jpg,DAMP,202207232058,wet,asphalt,slight,20220723205813302,e8c07dd5f77ce2f3c7f2a4738adb94e2a154c66b90408a0f3d9d3aec1cd82457,20220723205813302-wet-asphalt-slight.jpg,240,360,130.86717592592592,625.8857667690115,False,train
c:/Users/Rivan/Projects/AI_Grand_Prix/data/_hf_snapshot/test_50k/20220723205815432-wet-asphalt-slight.jpg,DAMP,202207232058,wet,asphalt,slight,20220723205815432,a91620f95d38d66d5765249e9b75c2f298bf44dd203b795fcad2d79a5538b416,20220723205815432-wet-asphalt-slight.jpg,240,360,166.52224537037037,487.3947297452364,False,train
c:/Users/Rivan/Projects/AI_Grand_Prix/data/_hf_snapshot/test_50k/20220723205815453-wet-asphalt-severe.jpg,DAMP,202207232058,wet,asphalt,severe,20220723205815453,793786a61c2eaf5a7d9d3851395cfd5cc3aebc7f379bd4aa7d0dcb394660b705,20220723205815453-wet-asphalt-severe.jpg,240,360,163.07217592592593,482.83897307098766,False,train
c:/Users/Rivan/Projects/AI_Grand_Prix/data/_hf_snapshot/test_50k/20220723205815467-wet-asphalt-severe.jpg,DAMP,202207232058,wet,asphalt,severe,20220723205815467,aa5495bcfbef9c45e929e2d64bcd068520a1b79021ea52c9c4e5309a0666c1a4,20220723205815467-wet-asphalt-severe.jpg,240,360,165.3197800925926,436.01871189986286,False,train
c:/Users/Rivan/Projects/AI_Grand_Prix/data/_hf_snapshot/test_50k/20220723205816553-wet-asphalt-severe.jpg,DAMP,202207232058,wet,asphalt,severe,20220723205816553,d050616823a231f576a1371b82925c321a1aed410d01c93e1371399748ba47be,20220723205816553-wet-asphalt-severe.jpg,240,360,128.98143518518518,1703.7627458285106,False,train
c:/Users/Rivan/Projects/AI_Grand_Prix/data/_hf_snapshot/test_50k/20220723205817593-wet-asphalt-severe.jpg,DAMP,202207232058,wet,asphalt,severe,20220723205817593,5e28e155f12dd50e257ae19e231c4ce256a80d80b4ce0f3892f6629497059c1f,20220723205817593-wet-asphalt-severe.jpg,240,360,152.12225694444444,762.1573609562544,False,train
c:/Users/Rivan/Projects/AI_Grand_Prix/data/_hf_snapshot/test_50k/20220723205817597-wet-asphalt-slight.jpg,DAMP,202207232058,wet,asphalt,slight,20220723205817597,a21691b9321f2caffc4dea3e8b0dae33d2b53965614279103b08877acb768dfc,20220723205817597-wet-asphalt-slight.jpg,240,360,138.91322916666667,511.0190587993773,False,train
c:/Users/Rivan/Projects/AI_Grand_Prix/data/_hf_snapshot/test_50k/20220723205818689-wet-asphalt-slight.jpg,DAMP,202207232058,wet,asphalt,slight,20220723205818689,7ed8c39007fa5179a4d4c9a92fc6e43b040b304c51ba76360db2a50cb70f4d02,20220723205818689-wet-asphalt-slight.jpg,240,360,142.1350462962963,106.20440420189794,False,train
c:/Users/Rivan/Projects/AI_Grand_Prix/data/_hf_snapshot/test_50k/20220723205819817-wet-asphalt-slight.jpg,DAMP,202207232058,wet,asphalt,slight,20220723205819817,f2e3c90fddc204fb7907d067de1030593eccbd13d33f5d1775a011f2e07bf424,20220723205819817-wet-asphalt-slight.jpg,240,360,153.8420023148148,567.4711513867455,False,train
c:/Users/Rivan/Projects/AI_Grand_Prix/data/_hf_snapshot/test_50k/202207232058208-wet-asphalt-slight.jpg,DAMP,202207232058,wet,asphalt,slight,202207232058208,edd6d3ca336cd1a175edaa189723cf81238453bd11efde555582d62292626a81,202207232058208-wet-asphalt-slight.jpg,240,360,149.71640046296295,257.3101339372214,False,train
c:/Users/Rivan/Projects/AI_Grand_Prix/data/_hf_snapshot/test_50k/20220723205822251-water-asphalt-slight.jpg,WET,202207232058,water,asphalt,slight,20220723205822251,d9a774d30f4b16f16b734e642a4bba2e63dc7760a7449c8f015e0281aba70734,20220723205822251-water-asphalt-slight.jpg,240,360,150.08427083333333,64.10409541966736,False,train
c:/Users/Rivan/Projects/AI_Grand_Prix/data/_hf_snapshot/test_50k/20220723205823279-water-asphalt-slight.jpg,WET,202207232058,water,asphalt,slight,20220723205823279,da16b4bc498e403452eaf2e444bd276bcd47f78f86b2a839482c0a941386afe7,20220723205823279-water-asphalt-slight.jpg,240,360,137.3451736111111,46.474233559992285,False,train
c:/Users/Rivan/Projects/AI_Grand_Prix/data/_hf_snapshot/test_50k/20220723205824421-water-asphalt-slight.jpg,WET,202207232058,water,asphalt,slight,20220723205824421,5dbd6580ffbc4b6b294e3b87996f1bd390e98252b3f1beabe3cbc7876653dc55,20220723205824421-water-asphalt-slight.jpg,240,360,173.62671296296296,170.97141234514316,False,train
c:/Users/Rivan/Projects/AI_Grand_Prix/data/_hf_snapshot/test_50k/20220723205826595-water-asphalt-slight.jpg,WET,202207232058,water,asphalt,slight,20220723205826595,d14454e11cf96dee99c34173b2895c9f6e449f2bdb2a007c9322be3212cf7388,20220723205826595-water-asphalt-slight.jpg,240,360,158.78722222222223,10.640725780044368,False,train
c:/Users/Rivan/Projects/AI_Grand_Prix/data/_hf_snapshot/test_50k/2022072320583046-water-asphalt-slight.jpg,WET,202207232058,water,asphalt,slight,2022072320583046,ac9acb01ce3d0ed48165254ec4103c130eaecdf1d3a8e51e9457d4c6cd8ab4e8,2022072320583046-water-asphalt-slight.jpg,240,360,182.25587962962962,95.37498065629286,False,train
c:/Users/Rivan/Projects/AI_Grand_Prix/data/_hf_snapshot/test_50k/20220723205832236-wet-asphalt-slight.jpg,DAMP,202207232058,wet,asphalt,slight,20220723205832236,60e4eef269960434e46f8ca478de3003e7ab08756a11b4e1563aca48e365c4be,20220723205832236-wet-asphalt-slight.jpg,240,360,155.53546296296295,241.9616167308331,False,train
c:/Users/Rivan/Projects/AI_Grand_Prix/data/_hf_snapshot/test_50k/20220723205832249-wet-asphalt-slight.jpg,DAMP,202207232058,wet,asphalt,slight,20220723205832249,3ccbcc1752472efe6999eea242fb92c5408e6717b87c25c027a401f87e417b72,20220723205832249-wet-asphalt-slight.jpg,240,360,151.58445601851852,667.5022966735253,False,train
c:/Users/Rivan/Projects/AI_Grand_Prix/data/_hf_snapshot/test_50k/20220723205832268-wet-asphalt-slight.jpg,DAMP,202207232058,wet,asphalt,slight,20220723205832268,a64baedd42a68a6048ea48d2bb71f88c1e6bde7b58bb78e8120dee161667c0d9,20220723205832268-wet-asphalt-slight.jpg,240,360,155.0852199074074,415.1548060678155,False,train
c:/Users/Rivan/Projects/AI_Grand_Prix/data/_hf_snapshot/test_50k/20220723205833296-wet-asphalt-severe.jpg,DAMP,202207232058,wet,asphalt,severe,20220723205833296,fa0bc7449a9f4359d20d80d47ea0ab2c5b371c6e2274fee3e61b70a90877d0f0,20220723205833296-wet-asphalt-severe.jpg,240,360,155.5739236111111,403.2603719050068,False,train
c:/Users/Rivan/Projects/AI_Grand_Prix/data/_hf_snapshot/test_50k/20220723205833359-wet-asphalt-slight.jpg,DAMP,202207232058,wet,asphalt,slight,20220723205833359,a821750d1bc59ec365df736bf5ecf9a11dae1e2d37e4407f6ad436bd0b82864f,20220723205833359-wet-asphalt-slight.jpg,240,360,161.5565162037037,317.0884516439472,False,train
c:/Users/Rivan/Projects/AI_Grand_Prix/data/_hf_snapshot/test_50k/20220723205834422-wet-asphalt-slight.jpg,DAMP,202207232058,wet,asphalt,slight,20220723205834422,84ea8cf4950ad2c4371a5dc4f31fb09fa44de53d0dd0be326ff2ec3f7b3d0d2b,20220723205834422-wet-asphalt-slight.jpg,240,360,161.14347222222221,348.2712253749518,False,train
c:/Users/Rivan/Projects/AI_Grand_Prix/data/_hf_snapshot/test_50k/20220723205835474-wet-asphalt-slight.jpg,DAMP,202207232058,wet,asphalt,slight,20220723205835474,73ef1c55789872f134265f74963396289c971cae8b9fa69d5c828ebb86de567d,20220723205835474-wet-asphalt-slight.jpg,240,360,171.25327546296296,470.6891553914556,False,train
c:/Users/Rivan/Projects/AI_Grand_Prix/data/_hf_snapshot/test_50k/20220723205835492-wet-asphalt-slight.jpg,DAMP,202207232058,wet,asphalt,slight,20220723205835492,a86ccc5acc9f7103b3cc827f924525c46d06be4e57022a27b564e28990655c1d,20220723205835492-wet-asphalt-slight.jpg,240,360,175.47152777777777,242.29116727738662,False,train
c:/Users/Rivan/Projects/AI_Grand_Prix/data/_hf_snapshot/test_50k/20220723205835516-wet-asphalt-slight.jpg,DAMP,202207232058,wet,asphalt,slight,20220723205835516,de4acb4bea00e3ec35ad75efab4ac9e14b2e4b54e93e24c271fc3445b83ba6a7,20220723205835516-wet-asphalt-slight.jpg,240,360,154.39997685185185,212.1196457142436,False,train
c:/Users/Rivan/Projects/AI_Grand_Prix/data/_hf_snapshot/test_50k/20220723205836571-wet-asphalt-slight.jpg,DAMP,202207232058,wet,asphalt,slight,20220723205836571,9cbcf6f182fe1ec6fee235a7bdea6de5556032f1d97e171ce248c148c765df0f,20220723205836571-wet-asphalt-slight.jpg,240,360,170.48239583333333,962.0595965706449,False,train
c:/Users/Rivan/Projects/AI_Grand_Prix/data/_hf_snapshot/test_50k/20220723205837741-wet-asphalt-smooth.jpg,DAMP,202207232058,wet,asphalt,smooth,20220723205837741,38901ba39566dd039eeaaa9a126536054b9b81a40729fcc37563515271216fd9,20220723205837741-wet-asphalt-smooth.jpg,240,360,153.19211805555557,2801.1588017927756,False,train
c:/Users/Rivan/Projects/AI_Grand_Prix/data/_hf_snapshot/test_50k/20220723210200499-wet-asphalt-slight.jpg,DAMP,202207232102,wet,asphalt,slight,20220723210200499,81500a3413e6b9f2abaf399de54fb125c5ac9396829a8420db4e23fe85a241be,20220723210200499-wet-asphalt-slight.jpg,240,360,149.6294675925926,700.507510152901,False,train
c:/Users/Rivan/Projects/AI_Grand_Prix/data/_hf_snapshot/test_50k/20220723210217324-water-asphalt-severe.jpg,WET,202207232102,water,asphalt,severe,20220723210217324,d74c5a4002cf4da6aff4da98e96f4e9731a4dc891539add99b49ad7671e6bed3,20220723210217324-water-asphalt-severe.jpg,240,360,132.04586805555556,133.67658463421103,False,train
c:/Users/Rivan/Projects/AI_Grand_Prix/data/_hf_snapshot/test_50k/20220723210220662-wet-asphalt-slight.jpg,DAMP,202207232102,wet,asphalt,slight,20220723210220662,c283c63f9699510ec40634bc699a63b7c1466463bf2a932d48f8a96c6eb47807,20220723210220662-wet-asphalt-slight.jpg,240,360,145.71206018518518,1877.857059942853,False,train
c:/Users/Rivan/Projects/AI_Grand_Prix/data/_hf_snapshot/test_50k/20220723210222793-wet-concrete-smooth.jpg,DAMP,202207232102,wet,concrete,smooth,20220723210222793,fcc875733129b2971623116c9b2260205af4d3796683011c169b400b8ea77e77,20220723210222793-wet-concrete-smooth.jpg,240,360,155.39675925925926,635.6022680200564,False,train
c:/Users/Rivan/Projects/AI_Grand_Prix/data/_hf_snapshot/test_50k/20220723210223865-wet-concrete-smooth.jpg,DAMP,202207232102,wet,concrete,smooth,20220723210223865,79e67b131db28f48a800acfed42ed87bf002a863b506acedb530de085cb6bc92,20220723210223865-wet-concrete-smooth.jpg,240,360,168.56704861111112,324.5494842719854,False,train
c:/Users/Rivan/Projects/AI_Grand_Prix/data/_hf_snapshot/test_50k/2022072321022472-wet-concrete-severe.jpg,DAMP,202207232102,wet,concrete,severe,2022072321022472,67ede0e296cf6a2820fc17ceaeb27b6432d0801af6accc8b0bf1990f33bce6ef,2022072321022472-wet-concrete-severe.jpg,240,360,155.3815162037037,1576.478784046934,False,train
c:/Users/Rivan/Projects/AI_Grand_Prix/data/_hf_snapshot/test_50k/20220723210228506-wet-asphalt-slight.jpg,DAMP,202207232102,wet,asphalt,slight,20220723210228506,12b77de72ee2fa1c868f460436c7f047ba48dc77b5322486a6a9988086b94b3c,20220723210228506-wet-asphalt-slight.jpg,240,360,91.8630787037037,1624.583007330247,False,train
c:/Users/Rivan/Projects/AI_Grand_Prix/data/_hf_snapshot/test_50k/20220723210230644-water-asphalt-severe.jpg,WET,202207232102,water,asphalt,severe,20220723210230644,2ef2e045973b945d54f658470e5507e08de00d99a3b2672e4b63a2507b65f18c,20220723210230644-water-asphalt-severe.jpg,240,360,162.0804398148148,1716.131074517613,False,train
c:/Users/Rivan/Projects/AI_Grand_Prix/data/_hf_snapshot/test_50k/20220723210234155-water-asphalt-slight.jpg,WET,202207232102,water,asphalt,slight,20220723210234155,ab11de7db80ad1b52538a9895e23371b872c1f2b616e42abe2eb403af4ca3fc8,20220723210234155-water-asphalt-slight.jpg,240,360,152.81796296296295,583.4991056604457,False,train
c:/Users/Rivan/Projects/AI_Grand_Prix/data/_hf_snapshot/test_50k/20220723210241757-water-asphalt-slight.jpg,WET,202207232102,water,asphalt,slight,20220723210241757,abfcc685879686dafbf02434b00d7422bcbd8da02f86a7b72903b9be54568096,20220723210241757-water-asphalt-slight.jpg,240,360,137.44077546296296,647.7247097474066,False,train
c:/Users/Rivan/Projects/AI_Grand_Prix/data/_hf_snapshot/test_50k/20220723210245265-wet-concrete-smooth.jpg,DAMP,202207232102,wet,concrete,smooth,20220723210245265,3023fabfef3792fdc0963c944cc758810eb6701cd4425fe48baa0d24fb6c18ee,20220723210245265-wet-concrete-smooth.jpg,240,360,187.96987268518518,318.1620160300926,False,train
c:/Users/Rivan/Projects/AI_Grand_Prix/data/_hf_snapshot/test_50k/20220723210248524-wet-asphalt-slight.jpg,DAMP,202207232102,wet,asphalt,slight,20220723210248524,2c4385f8e14aa6ed3d28b3abf7acd0c6f82bf5010d360699cd2b2a3adebbbea3,20220723210248524-wet-asphalt-slight.jpg,240,360,165.60621527777778,751.246228489369,False,train
c:/Users/Rivan/Projects/AI_Grand_Prix/data/_hf_snapshot/test_50k/20220723210258665-wet-asphalt-smooth.jpg,DAMP,202207232102,wet,asphalt,smooth,20220723210258665,401461173c16699fc990015b3f4669798cdef40de60f38cf30428b107a1fb0f2,20220723210258665-wet-asphalt-smooth.jpg,240,360,120.63217592592592,247.1874184992284,False,train
c:/Users/Rivan/Projects/AI_Grand_Prix/data/_hf_snapshot/test_50k/20220723210259736-wet-asphalt-smooth.jpg,DAMP,202207232102,wet,asphalt,smooth,20220723210259736,5dd7623cb94e8203fe57eaa945240b0b2b03ed787decdfe947e00f624fc0dd48,20220723210259736-wet-asphalt-smooth.jpg,240,360,161.62877314814816,303.0039567124271,False,train
c:/Users/Rivan/Projects/AI_Grand_Prix/data/_hf_snapshot/test_50k/20220723210312134-wet-asphalt-smooth.jpg,DAMP,202207232103,wet,asphalt,smooth,20220723210312134,d8ea05974dc810f9bde2ecff0c28ac0945870bdf42ea0cce24705a0ea1124a32,20220723210312134-wet-asphalt-smooth.jpg,240,360,135.64143518518517,663.1833050667384,False,train
c:/Users/Rivan/Projects/AI_Grand_Prix/data/_hf_snapshot/test_50k/20220723210314312-wet-asphalt-severe.jpg,DAMP,202207232103,wet,asphalt,severe,20220723210314312,c8a9290ac1616bd97aaf83cb58444da40e9cb0f61d73c9419c04a925776c563d,20220723210314312-wet-asphalt-severe.jpg,240,360,137.13546296296298,1932.7917717912756,False,train
c:/Users/Rivan/Projects/AI_Grand_Prix/data/_hf_snapshot/test_50k/20220723210314325-water-asphalt-severe.jpg,WET,202207232103,water,asphalt,severe,20220723210314325,21cba4eaf8026e1b26073eaad9527a1dca4ca7826ee314beb7e3103019ddc0bb,20220723210314325-water-asphalt-severe.jpg,240,360,140.00931712962964,1117.3569257939762,False,train
c:/Users/Rivan/Projects/AI_Grand_Prix/data/_hf_snapshot/test_50k/20220723210314342-water-asphalt-severe.jpg,WET,202207232103,water,asphalt,severe,20220723210314342,7ccba059908871b280cc8e612cdb69dcbf983d41a2ea45d794118a6312bb15aa,20220723210314342-water-asphalt-severe.jpg,240,360,142.55377314814814,1166.8209809798043,False,train
c:/Users/Rivan/Projects/AI_Grand_Prix/data/_hf_snapshot/test_50k/20220723210318680-water-asphalt-severe.jpg,WET,202207232103,water,asphalt,severe,20220723210318680,6813a6f0d32e8cf48ba73d6e4a496859dba969ca8a2919aa2b10cf7582f73592,20220723210318680-water-asphalt-severe.jpg,240,360,168.13811342592592,193.78604028407386,False,train
c:/Users/Rivan/Projects/AI_Grand_Prix/data/_hf_snapshot/test_50k/20220723210334448-water-asphalt-slight.jpg,WET,202207232103,water,asphalt,slight,20220723210334448,a44edb69907f972497268c3dd0fa17911e7918f15e44bc8f8f858724b7c11a38,20220723210334448-water-asphalt-slight.jpg,240,360,170.21690972222223,118.98747294024349,False,train
c:/Users/Rivan/Projects/AI_Grand_Prix/data/_hf_snapshot/test_50k/20220723210337710-wet-asphalt-smooth.jpg,DAMP,202207232103,wet,asphalt,smooth,20220723210337710,d27af2956a4a853b0614663b5ce5e201123edb5c0585b28e74caf92c6e1d6324,20220723210337710-wet-asphalt-smooth.jpg,240,360,186.16454861111112,2688.6943321050617,False,train
c:/Users/Rivan/Projects/AI_Grand_Prix/data/_hf_snapshot/test_50k/20220723210337739-water-asphalt-slight.jpg,WET,202207232103,water,asphalt,slight,20220723210337739,a0363e4c5ad425195fb4519a34c2d5f2418cbc987b9dbc41521a49e5ae7eaed6,20220723210337739-water-asphalt-slight.jpg,240,360,177.74752314814816,880.0707452898608,False,train
c:/Users/Rivan/Projects/AI_Grand_Prix/data/_hf_snapshot/test_50k/20220723210338767-water-asphalt-slight.jpg,WET,202207232103,water,asphalt,slight,20220723210338767,816af410e3b11b19bf59be4c5c89e895d43e9caf417d3a4bee3b8f93a15d8a51,20220723210338767-water-asphalt-slight.jpg,240,360,175.02605324074074,1319.172531241427,False,train
c:/Users/Rivan/Projects/AI_Grand_Prix/data/_hf_snapshot/test_50k/20220723210339871-wet-asphalt-smooth.jpg,DAMP,202207232103,wet,asphalt,smooth,20220723210339871,c9eac5ec4ed6199cf3655a10807f2323a828ca162309fb8cb2ba4f18afe62834,20220723210339871-wet-asphalt-smooth.jpg,240,360,186.5010300925926,2097.7784296103396,False,train
c:/Users/Rivan/Projects/AI_Grand_Prix/data/_hf_snapshot/test_50k/20220723210343382-water-asphalt-severe.jpg,WET,202207232103,water,asphalt,severe,20220723210343382,3b718a274a871f711c50b05c9042b97135ab106a8cb77028949c3f030c8b6b0d,20220723210343382-water-asphalt-severe.jpg,240,360,180.255625,697.339197829727,False,train
c:/Users/Rivan/Projects/AI_Grand_Prix/data/_hf_snapshot/test_50k/20220723210347720-water-asphalt-slight.jpg,WET,202207232103,water,asphalt,slight,20220723210347720,9b3514e35dae099a68829f0014baae99181f592e57b6de02b5bc58ad578bd371,20220723210347720-water-asphalt-slight.jpg,240,360,187.77380787037038,1137.0502910771122,False,train
c:/Users/Rivan/Projects/AI_Grand_Prix/data/_hf_snapshot/test_50k/20220723210348827-wet-asphalt-slight.jpg,DAMP,202207232103,wet,asphalt,slight,20220723210348827,2da6b29dd3567e2cc4e0ab6d86e8dd9e8ce605a934c5fe704bd62f4703d30ee6,20220723210348827-wet-asphalt-slight.jpg,240,360,149.8145023148148,605.5336612632888,False,train
c:/Users/Rivan/Projects/AI_Grand_Prix/data/_hf_snapshot/test_50k/202207232103492-water-asphalt-severe.jpg,WET,202207232103,water,asphalt,severe,202207232103492,b3da8f3db3d43d5f9c1f48afe29b483f11994087906eab2e0019c014d0e056a9,202207232103492-water-asphalt-severe.jpg,240,360,152.26291666666665,1122.0675413096656,False,train
c:/Users/Rivan/Projects/AI_Grand_Prix/data/_hf_snapshot/test_50k/20220723210353370-wet-asphalt-slight.jpg,DAMP,202207232103,wet,asphalt,slight,20220723210353370,73b2560903c36c21fffdfddd3a236703b3635f0115cc1d2e0053c0f0a83f0eac,20220723210353370-wet-asphalt-slight.jpg,240,360,153.31241898148147,1078.4839326340664,False,train
c:/Users/Rivan/Projects/AI_Grand_Prix/data/_hf_snapshot/test_50k/20220723210353377-wet-asphalt-slight.jpg,DAMP,202207232103,wet,asphalt,slight,20220723210353377,b3f32dca074c9903b2f0f2d70952ed15d169e772242c02310f9e23233f93ad05,20220723210353377-wet-asphalt-slight.jpg,240,360,150.88494212962962,1183.3531200483324,False,train
c:/Users/Rivan/Projects/AI_Grand_Prix/data/_hf_snapshot/test_50k/20220723210357779-water-asphalt-severe.jpg,WET,202207232103,water,asphalt,severe,20220723210357779,6f2db7393f4601671f03655c10c2efb49f29c08fe0bb27b5bea24c797b763609,20220723210357779-water-asphalt-severe.jpg,240,360,165.45166666666665,2420.065118334057,False,train
c:/Users/Rivan/Projects/AI_Grand_Prix/data/_hf_snapshot/test_50k/20220723210357829-water-asphalt-slight.jpg,WET,202207232103,water,asphalt,slight,20220723210357829,273d02321963edd5732948e7b8dac42a08f51e8c4c8c374d2b09a45d9bfb05a5,20220723210357829-water-asphalt-slight.jpg,240,360,193.67729166666666,2313.6337101839795,False,train
c:/Users/Rivan/Projects/AI_Grand_Prix/data/_hf_snapshot/test_50k/20220725003900872-water-asphalt-severe.jpg,WET,202207250039,water,asphalt,severe,20220725003900872,0fd665ee7d557f4eea23603b5eb75862e948d0a983fc2ab0128b629363614ba4,20220725003900872-water-asphalt-severe.jpg,240,360,160.28344907407407,80.9309175534765,False,train
c:/Users/Rivan/Projects/AI_Grand_Prix/data/_hf_snapshot/test_50k/20220725003902200-water-concrete-smooth.jpg,WET,202207250039,water,concrete,smooth,20220725003902200,b1986793483805bd6ddd7cb30f0240f5cf02f2e4d7a7683c159bd3bbd4706a39,20220725003902200-water-concrete-smooth.jpg,240,360,201.31982638888888,5.381352516155478,False,train
c:/Users/Rivan/Projects/AI_Grand_Prix/data/_hf_snapshot/test_50k/20220725003903326-water-concrete-slight.jpg,WET,202207250039,water,concrete,slight,20220725003903326,a99994812cc4e6b1e311532b327d6f474131b56cb3f561bea77fe983589c852e,20220725003903326-water-concrete-slight.jpg,240,360,189.08086805555556,35.286441560437034,False,train
c:/Users/Rivan/Projects/AI_Grand_Prix/data/_hf_snapshot/test_50k/20220725003904382-water-concrete-smooth.jpg,WET,202207250039,water,concrete,smooth,20220725003904382,6760638f19a22eb627dc087361e63c80c911b19bc5b823fe33e083da8a5c688e,20220725003904382-water-concrete-smooth.jpg,240,360,196.85645833333334,102.56154397665895,False,train
c:/Users/Rivan/Projects/AI_Grand_Prix/data/_hf_snapshot/test_50k/20220725003905573-wet-concrete-severe.jpg,DAMP,202207250039,wet,concrete,severe,20220725003905573,4629b5f59fd2e119690479f5e2c0f5f3bef5f6b8df0068a02de87a2fca99e575,20220725003905573-wet-concrete-severe.jpg,240,360,180.0564351851852,813.4353709056713,False,train
c:/Users/Rivan/Projects/AI_Grand_Prix/data/_hf_snapshot/test_50k/20220725003906678-wet-concrete-smooth.jpg,DAMP,202207250039,wet,concrete,smooth,20220725003906678,1be84754dbb4391401f229a1a9ee5254e154c6526c196cdfaac1d33859bb90b5,20220725003906678-wet-concrete-smooth.jpg,240,360,199.90469907407407,3.820983737220293,False,train
c:/Users/Rivan/Projects/AI_Grand_Prix/data/_hf_snapshot/test_50k/20220725003907762-wet-concrete-smooth.jpg,DAMP,202207250039,wet,concrete,smooth,20220725003907762,17edc703dc1bdb118adce936d589353a373d88d0a057cf651664389b846cfd6e,20220725003907762-wet-concrete-smooth.jpg,240,360,195.485625,10.511191491849925,False,train
c:/Users/Rivan/Projects/AI_Grand_Prix/data/_hf_snapshot/test_50k/20220725003907779-wet-concrete-severe.jpg,DAMP,202207250039,wet,concrete,severe,20220725003907779,370d139feff2717d2607cb9336559530cdb7fb45d6e4457c1a7d92960220f36d,20220725003907779-wet-concrete-severe.jpg,240,360,202.80717592592592,49.212768998628256,False,train
c:/Users/Rivan/Projects/AI_Grand_Prix/data/_hf_snapshot/test_50k/20220725003909180-wet-concrete-smooth.jpg,DAMP,202207250039,wet,concrete,smooth,20220725003909180,1f8433e07a467d26eb7140dd52cb7f05991a7a5105fb0c676419a808f963e71a,20220725003909180-wet-concrete-smooth.jpg,240,360,192.13232638888888,6.163228818238813,False,train
c:/Users/Rivan/Projects/AI_Grand_Prix/data/_hf_snapshot/test_50k/20220725003912567-water-concrete-smooth.jpg,WET,202207250039,water,concrete,smooth,20220725003912567,7c609e948c348aea424fd774004e743e4b40c788acc581810b850808fc733738,20220725003912567-water-concrete-smooth.jpg,240,360,153.83380787037038,201.85488881172842,False,train
c:/Users/Rivan/Projects/AI_Grand_Prix/data/_hf_snapshot/test_50k/20220725003914740-water-concrete-smooth.jpg,WET,202207250039,water,concrete,smooth,20220725003914740,2eea5afaa24a8eb7532e528399ade7a7adf58eb81f0195e440dd84749b4e6d29,20220725003914740-water-concrete-smooth.jpg,240,360,195.4685648148148,11.753226851316015,False,train
c:/Users/Rivan/Projects/AI_Grand_Prix/data/_hf_snapshot/test_50k/20220725003919474-wet-asphalt-slight.jpg,DAMP,202207250039,wet,asphalt,slight,20220725003919474,aaf68d15a27d14f674a3544af46e012d2c9e149b5289e5dd64e6fc454210b5b9,20220725003919474-wet-asphalt-slight.jpg,240,360,147.3498148148148,47.82015977312672,False,train
c:/Users/Rivan/Projects/AI_Grand_Prix/data/_hf_snapshot/test_50k/20220725003919507-wet-asphalt-slight.jpg,DAMP,202207250039,wet,asphalt,slight,20220725003919507,8ed8337546788f8a0ea5be7fcb42c16576e79435223fb8e1b2143395be5b75d1,20220725003919507-wet-asphalt-slight.jpg,240,360,137.61104166666667,537.6762486174073,False,train
c:/Users/Rivan/Projects/AI_Grand_Prix/data/_hf_snapshot/test_50k/20220725003923110-wet-asphalt-slight.jpg,DAMP,202207250039,wet,asphalt,slight,20220725003923110,543e72886c93f6a83e43bc780b64877184666227a96f4a89765cfd6467fbf8af,20220725003923110-wet-asphalt-slight.jpg,240,360,161.29222222222222,50.42287875300069,False,train
c:/Users/Rivan/Projects/AI_Grand_Prix/data/_hf_snapshot/test_50k/20220725003923112-wet-asphalt-slight.jpg,DAMP,202207250039,wet,asphalt,slight,20220725003923112,93a1729f38ef3759c66eb85a068e246344fd7823e2e68cc5df7ace7b2ee9b8b1,20220725003923112-wet-asphalt-slight.jpg,240,360,149.64613425925927,218.82079670567558,False,train
c:/Users/Rivan/Projects/AI_Grand_Prix/data/_hf_snapshot/test_50k/2022072500392391-wet-asphalt-smooth.jpg,DAMP,202207250039,wet,asphalt,smooth,2022072500392391,bd3e42c8488b9fe7a18a1a35fa7a0b7d25249b3e81f3cf3d7081306457251f02,2022072500392391-wet-asphalt-smooth.jpg,240,360,162.59168981481483,49.216110917674044,False,train
c:/Users/Rivan/Projects/AI_Grand_Prix/data/_hf_snapshot/test_50k/20220725003931181-wet-asphalt-smooth.jpg,DAMP,202207250039,wet,asphalt,smooth,20220725003931181,ae5afe0d4ac0ea4291af8c5aaa724a8b7f4907e09de1ef1809cd1bf3a57abf9f,20220725003931181-wet-asphalt-smooth.jpg,240,360,133.95716435185184,66.80621487255122,False,train
c:/Users/Rivan/Projects/AI_Grand_Prix/data/_hf_snapshot/test_50k/2022072500393825-water-concrete-slight.jpg,WET,202207250039,water,concrete,slight,2022072500393825,8087df77ea45dbe6aafaa94376686d16115d8999cda459b41c179547b633760d,2022072500393825-water-concrete-slight.jpg,240,360,178.62473379629628,483.3206221686386,False,train
c:/Users/Rivan/Projects/AI_Grand_Prix/data/_hf_snapshot/test_50k/2022072500393831-water-asphalt-severe.jpg,WET,202207250039,water,asphalt,severe,2022072500393831,68abf83f4bacd51d2c478d7ca66e72e07dd55247514da52cb25afc581d9887f9,2022072500393831-water-asphalt-severe.jpg,240,360,161.09346064814815,662.3753319396219,False,train
c:/Users/Rivan/Projects/AI_Grand_Prix/data/_hf_snapshot/test_50k/20220725163527148-water-concrete-slight.jpg,WET,202207251635,water,concrete,slight,20220725163527148,a1202df54823cdb36bdd1400ac8cefe7075a1a71e56d447b054be2738208a3b7,20220725163527148-water-concrete-slight.jpg,240,360,155.80138888888888,684.7771548020352,False,train
c:/Users/Rivan/Projects/AI_Grand_Prix/data/_hf_snapshot/test_50k/20220725163527221-water-concrete-severe.jpg,WET,202207251635,water,concrete,severe,20220725163527221,748c21872935cd0c5eff25c29349262fd6a8c58503b5052d8457f11b95586c54,20220725163527221-water-concrete-severe.jpg,240,360,142.65770833333335,511.700002159958,False,train
c:/Users/Rivan/Projects/AI_Grand_Prix/data/_hf_snapshot/test_50k/20220725163529396-wet-concrete-slight.jpg,DAMP,202207251635,wet,concrete,slight,20220725163529396,6f01be4991d328c20657c3154ee3d136358cf9f662f872ec4013cab0c6e5bc8c,20220725163529396-wet-concrete-slight.jpg,240,360,125.65211805555556,430.6213877052255,False,train
c:/Users/Rivan/Projects/AI_Grand_Prix/data/_hf_snapshot/test_50k/20220725163529449-water-concrete-slight.jpg,WET,202207251635,water,concrete,slight,20220725163529449,43915a03384ad2191ee0d2c0272c73f4a6d7e117d8f8f088b7daa0c1d910edc0,20220725163529449-water-concrete-slight.jpg,240,360,156.53768518518518,202.89724577974962,False,train
c:/Users/Rivan/Projects/AI_Grand_Prix/data/_hf_snapshot/test_50k/20220725163529500-water-concrete-severe.jpg,WET,202207251635,water,concrete,severe,20220725163529500,893db00afa2fe8771f50a85ce866082c69819aa923d04e5814c0384c9f5d9f36,20220725163529500-water-concrete-severe.jpg,240,360,137.24998842592592,377.4008945761263,False,train
c:/Users/Rivan/Projects/AI_Grand_Prix/data/_hf_snapshot/test_50k/20220725163531755-wet-concrete-slight.jpg,DAMP,202207251635,wet,concrete,slight,20220725163531755,076651f33a464ac8327b5d1e5e2cfed1d824d2753f6cf3fb2f8176ab46bc4beb,20220725163531755-wet-concrete-slight.jpg,240,360,124.58293981481482,804.2068467719853,False,train
c:/Users/Rivan/Projects/AI_Grand_Prix/data/_hf_snapshot/test_50k/20220725163531774-wet-concrete-slight.jpg,DAMP,202207251635,wet,concrete,slight,20220725163531774,9e440ca41fd7f66e83c2c09fe74a8bc9a7afd0b43c7e0436410998cb5f6cfd88,20220725163531774-wet-concrete-slight.jpg,240,360,135.05949074074073,386.1256548191819,False,train
c:/Users/Rivan/Projects/AI_Grand_Prix/data/_hf_snapshot/test_50k/20220725163531836-wet-concrete-severe.jpg,DAMP,202207251635,wet,concrete,severe,20220725163531836,8ad67daa60dd6fc176f3f9d0e82d3a422c1d234d4ded0c1c985eb8300aa3f1f0,20220725163531836-wet-concrete-severe.jpg,240,360,149.41630787037036,294.7318504906925,False,train
c:/Users/Rivan/Projects/AI_Grand_Prix/data/_hf_snapshot/test_50k/2022072516353243-wet-concrete-slight.jpg,DAMP,202207251635,wet,concrete,slight,2022072516353243,2372bf0a4802bc3bcace878e07d6b5df03869fea2d7d2d2a562f554be314451c,2022072516353243-wet-concrete-slight.jpg,240,360,146.66905092592592,152.5480948965567,False,train
c:/Users/Rivan/Projects/AI_Grand_Prix/data/_hf_snapshot/test_50k/20220725163533111-water-concrete-severe.jpg,WET,202207251635,water,concrete,severe,20220725163533111,007b784b862d1d38e2a033acbc59a4cf393e3113b7512ea0b65aaac3962c4d2e,20220725163533111-water-concrete-severe.jpg,240,360,130.8059837962963,1067.2886063688218,False,train
c:/Users/Rivan/Projects/AI_Grand_Prix/data/_hf_snapshot/test_50k/20220725163533115-wet-concrete-severe.jpg,DAMP,202207251635,wet,concrete,severe,20220725163533115,d7fd039b7eac8ad734b4ac31a9a58c1c3f366127e69b8d9312390a0682bff945,20220725163533115-wet-concrete-severe.jpg,240,360,102.41708333333334,158.45961803291647,False,train
c:/Users/Rivan/Projects/AI_Grand_Prix/data/_hf_snapshot/test_50k/20220725163534206-water-concrete-severe.jpg,WET,202207251635,water,concrete,severe,20220725163534206,f2d6d918e0ae41b9943f5fa78b92e0bf192e25a1c5ee05b5cf420c5fcc8f5227,20220725163534206-water-concrete-severe.jpg,240,360,182.94684027777777,380.93016126328877,False,train
c:/Users/Rivan/Projects/AI_Grand_Prix/data/_hf_snapshot/test_50k/20220725163534264-wet-concrete-severe.jpg,DAMP,202207251635,wet,concrete,severe,20220725163534264,a7eeb8f049972e3b6c561ab86773860688f71d6d92579ed16ea2bf34a70f4ffd,20220725163534264-wet-concrete-severe.jpg,240,360,132.54292824074074,1051.7404041018303,False,train
c:/Users/Rivan/Projects/AI_Grand_Prix/data/_hf_snapshot/test_50k/20220725163537552-wet-concrete-slight.jpg,DAMP,202207251635,wet,concrete,slight,20220725163537552,8e21542f9b860aecc1d0f366424e62649706a281ca2c5f1672b80a5f88606212,20220725163537552-wet-concrete-slight.jpg,240,360,170.9165162037037,421.3585638695988,False,train
c:/Users/Rivan/Projects/AI_Grand_Prix/data/_hf_snapshot/test_50k/20220725163538739-wet-concrete-slight.jpg,DAMP,202207251635,wet,concrete,slight,20220725163538739,8e92b218b2be5d6958dbca337997ee642f8b659faaec19d0dd04ba892b66b4d7,20220725163538739-wet-concrete-slight.jpg,240,360,146.74181712962962,89.60310430049189,False,train
c:/Users/Rivan/Projects/AI_Grand_Prix/data/_hf_snapshot/test_50k/2022072516353922-wet-concrete-slight.jpg,DAMP,202207251635,wet,concrete,slight,2022072516353922,229d6d56610eb68bd1f4d80c84632a3191aa7a73bfa44dd4bec499023f3dc075,2022072516353922-wet-concrete-slight.jpg,240,360,135.12988425925926,280.00245393397955,False,train
c:/Users/Rivan/Projects/AI_Grand_Prix/data/_hf_snapshot/test_50k/20220725163539846-wet-concrete-severe.jpg,DAMP,202207251635,wet,concrete,severe,20220725163539846,4f5f65dddbda1396e42b46f0891f4bc0600c7f1d44d9e9ea676573e783be5c19,20220725163539846-wet-concrete-severe.jpg,240,360,141.72716435185185,445.71663927455734,False,train
c:/Users/Rivan/Projects/AI_Grand_Prix/data/_hf_snapshot/test_50k/20220725163540118-water-concrete-severe.jpg,WET,202207251635,water,concrete,severe,20220725163540118,f4c0f92219047afd6839cca9d930118d2b241663a666ec5d41e3803739a43358,20220725163540118-water-concrete-severe.jpg,240,360,141.5353587962963,1035.8599487738716,False,train
c:/Users/Rivan/Projects/AI_Grand_Prix/data/_hf_snapshot/test_50k/20220725163541205-wet-concrete-slight.jpg,DAMP,202207251635,wet,concrete,slight,20220725163541205,82817369b0492f35b5043eab344ae998f29f8084aa8b140cf871cdf886d65056,20220725163541205-wet-concrete-slight.jpg,240,360,155.3415162037037,514.7630126543211,False,train
c:/Users/Rivan/Projects/AI_Grand_Prix/data/_hf_snapshot/test_50k/20220725163543551-wet-concrete-slight.jpg,DAMP,202207251635,wet,concrete,slight,20220725163543551,b15a9a4b03d8a91dcc423cef0a2239989ae3413352f35a3ce22c98265e2e07c6,20220725163543551-wet-concrete-slight.jpg,240,360,167.42907407407407,703.7787626880787,False,train
c:/Users/Rivan/Projects/AI_Grand_Prix/data/_hf_snapshot/test_50k/20220725163543624-wet-concrete-severe.jpg,DAMP,202207251635,wet,concrete,severe,20220725163543624,9356eb33c5305a96cc694a5765b36e9528974b6186e39b34f5db9659c9e56156,20220725163543624-wet-concrete-severe.jpg,240,360,115.33105324074074,215.65199453433104,False,train
c:/Users/Rivan/Projects/AI_Grand_Prix/data/_hf_snapshot/test_50k/20220725163547245-water-concrete-severe.jpg,WET,202207251635,water,concrete,severe,20220725163547245,b3181b7e63d7650c73c157a0371e962c3f2db3bdae2f4aaf2ca9578d783782a5,20220725163547245-water-concrete-severe.jpg,240,360,125.26789351851852,532.6496897471654,False,train
c:/Users/Rivan/Projects/AI_Grand_Prix/data/_hf_snapshot/test_50k/20220727001632393-water-asphalt-smooth.jpg,WET,202207270016,water,asphalt,smooth,20220727001632393,66470e76ff6af0080b2dcfbb33202dd01543241583aad8261f917f2419d2d872,20220727001632393-water-asphalt-smooth.jpg,240,360,121.55376157407407,1.8302541473765432,False,train
c:/Users/Rivan/Projects/AI_Grand_Prix/data/_hf_snapshot/test_50k/20220727001633620-water-asphalt-smooth.jpg,WET,202207270016,water,asphalt,smooth,20220727001633620,179a9ddd7b74109620b29390fb6f10cfbefd2a71f235e2df6c8169d2ea0d26a4,20220727001633620-water-asphalt-smooth.jpg,240,360,107.99179398148148,2.215150424248757,False,train
c:/Users/Rivan/Projects/AI_Grand_Prix/data/_hf_snapshot/test_50k/20220727001635116-water-asphalt-smooth.jpg,WET,202207270016,water,asphalt,smooth,20220727001635116,09e1a60a644d7aa5dcba809162d950c5ac67039647f634b65ccbc28283e04909,20220727001635116-water-asphalt-smooth.jpg,240,360,117.27454861111111,1.8558794560185183,False,train
c:/Users/Rivan/Projects/AI_Grand_Prix/data/_hf_snapshot/test_50k/20220727001644824-water-asphalt-smooth.jpg,WET,202207270016,water,asphalt,smooth,20220727001644824,1dfc1449677cd76e36238b0d2d4ab78f0139762fb3ebccbe07ab8665d68c63db,20220727001644824-water-asphalt-smooth.jpg,240,360,122.34400462962962,4.457846321480624,False,train
c:/Users/Rivan/Projects/AI_Grand_Prix/data/_hf_snapshot/test_50k/20220727001644877-water-asphalt-smooth.jpg,WET,202207270016,water,asphalt,smooth,20220727001644877,e6bbf35bd5e0dc394205eb1a112d035a0cb0c4daca3f6b5da27e62ca8c388db5,20220727001644877-water-asphalt-smooth.jpg,240,360,155.99725694444444,35.084912589484745,False,train
c:/Users/Rivan/Projects/AI_Grand_Prix/data/_hf_snapshot/test_50k/20220727001647324-water-asphalt-smooth.jpg,WET,202207270016,water,asphalt,smooth,20220727001647324,4a889d54397ecb776de97640e4643b08bd0a92ef5237558d8c9746c89d4b66df,20220727001647324-water-asphalt-smooth.jpg,240,360,67.35872685185186,7.671122249951774,False,train
c:/Users/Rivan/Projects/AI_Grand_Prix/data/_hf_snapshot/test_50k/20220727001652187-water-asphalt-smooth.jpg,WET,202207270016,water,asphalt,smooth,20220727001652187,26238855d14540ca8f5eeb180dee09f833ea808da985f561bb99078bc0ff970d,20220727001652187-water-asphalt-smooth.jpg,240,360,68.83195601851853,18.739569797962748,False,train
c:/Users/Rivan/Projects/AI_Grand_Prix/data/_hf_snapshot/test_50k/20220727001653426-water-asphalt-smooth.jpg,WET,202207270016,water,asphalt,smooth,20220727001653426,50c4245defa37d4d0afa676dd100d37b0ec0e81b94b00b5bc388af08a0bf7280,20220727001653426-water-asphalt-smooth.jpg,240,360,101.9612962962963,12.041525651041667,False,train
c:/Users/Rivan/Projects/AI_Grand_Prix/data/_hf_snapshot/test_50k/20220727001653462-water-asphalt-smooth.jpg,WET,202207270016,water,asphalt,smooth,20220727001653462,aff5eba60bf8049cb98edd49d35fceb356c63fa4b97d962eb128f1b962415c8d,20220727001653462-water-asphalt-smooth.jpg,240,360,97.73707175925927,24.964733592544366,False,train
c:/Users/Rivan/Projects/AI_Grand_Prix/data/_hf_snapshot/test_50k/20220727001657107-water-asphalt-smooth.jpg,WET,202207270016,water,asphalt,smooth,20220727001657107,8e13adf43eaf69335615feb96a72d6318aac4f601b2a7c95a68ea20b17ea8bae,20220727001657107-water-asphalt-smooth.jpg,240,360,115.07525462962963,2.7098604916838136,False,train
c:/Users/Rivan/Projects/AI_Grand_Prix/data/_hf_snapshot/test_50k/20220727001657207-water-asphalt-smooth.jpg,WET,202207270016,water,asphalt,smooth,20220727001657207,0df705f0929c105b452180f8c3b7aaa8a7a094756bd32a696962683ca1529997,20220727001657207-water-asphalt-smooth.jpg,240,360,141.9703125,3.4713656759044924,False,train
c:/Users/Rivan/Projects/AI_Grand_Prix/data/_hf_snapshot/test_50k/2022072716494559-water-concrete-severe.jpg,WET,202207271649,water,concrete,severe,2022072716494559,b7e4f4e1a1a0819d790f1370a8339b3228c09a88e10936b696f2fdd9c1ed2295,2022072716494559-water-concrete-severe.jpg,240,360,165.59206018518518,662.7997418204518,False,train
c:/Users/Rivan/Projects/AI_Grand_Prix/data/_hf_snapshot/test_50k/20220727164947232-wet-concrete-slight.jpg,DAMP,202207271649,wet,concrete,slight,20220727164947232,26090a18e9d2466c381283bfc3d5adb1be1ed14b5a2e01f62f71becd00f5c8a4,20220727164947232-wet-concrete-slight.jpg,240,360,189.30773148148148,1312.450663580247,False,train
c:/Users/Rivan/Projects/AI_Grand_Prix/data/_hf_snapshot/test_50k/20220727164947322-wet-concrete-slight.jpg,DAMP,202207271649,wet,concrete,slight,20220727164947322,f31f4316ee4ab10e03d7bf3a886c088ca7793d2a652a40f62f950cbcf4701838,20220727164947322-wet-concrete-slight.jpg,240,360,179.94046296296295,488.1889884440104,False,train
c:/Users/Rivan/Projects/AI_Grand_Prix/data/_hf_snapshot/test_50k/20220727164948362-wet-concrete-severe.jpg,DAMP,202207271649,wet,concrete,severe,20220727164948362,d54bfb2b0cb422d49fb32f4236966fa98b67c7f200597c0e76d72d6f039dfe46,20220727164948362-wet-concrete-severe.jpg,240,360,170.93530092592593,2426.2792564877773,False,train
c:/Users/Rivan/Projects/AI_Grand_Prix/data/_hf_snapshot/test_50k/20220727164948409-wet-concrete-slight.jpg,DAMP,202207271649,wet,concrete,slight,20220727164948409,5d99da5e82202b0dfec040f888610b5ed959ff04b7a7f0240824f93213b35b17,20220727164948409-wet-concrete-slight.jpg,240,360,152.7796412037037,2146.74665639347,False,train
c:/Users/Rivan/Projects/AI_Grand_Prix/data/_hf_snapshot/test_50k/20220727164950736-water-concrete-severe.jpg,WET,202207271649,water,concrete,severe,20220727164950736,66e2c9659faf79bc04cb284616f05c11429f76575731fa5316ef218335efe388,20220727164950736-water-concrete-severe.jpg,240,360,161.9129861111111,690.4358169233326,False,train
c:/Users/Rivan/Projects/AI_Grand_Prix/data/_hf_snapshot/test_50k/2022072716495125-water-concrete-slight.jpg,WET,202207271649,water,concrete,slight,2022072716495125,4952486e177a6360aa92ce9da5ff765ca9f2050368cbb68d3c898df988e2bea9,2022072716495125-water-concrete-slight.jpg,240,360,173.52229166666666,544.6472746805073,False,train
c:/Users/Rivan/Projects/AI_Grand_Prix/data/_hf_snapshot/test_50k/20220727164951820-wet-concrete-slight.jpg,DAMP,202207271649,wet,concrete,slight,20220727164951820,626e38632572955ed85ea2ff29af6efc8567f942a780b0fa2650fa8322c9384f,20220727164951820-wet-concrete-slight.jpg,240,360,182.3470949074074,311.4625377229081,False,train
c:/Users/Rivan/Projects/AI_Grand_Prix/data/_hf_snapshot/test_50k/20220727164956658-water-concrete-slight.jpg,WET,202207271649,water,concrete,slight,20220727164956658,b1b8efce6dd720c7ed88a86c558f240d95cd3ae9f3d9ef0314be5d31e8c84b18,20220727164956658-water-concrete-slight.jpg,240,360,137.0257986111111,1758.194795137683,False,train
c:/Users/Rivan/Projects/AI_Grand_Prix/data/_hf_snapshot/test_50k/20220727164956702-water-concrete-slight.jpg,WET,202207271649,water,concrete,slight,20220727164956702,2f2bc2d5bcbce36a5cc9ddf061eaf052035a00b5ce3f7bea9db7fcefe06ade74,20220727164956702-water-concrete-slight.jpg,240,360,137.86583333333334,599.6220362220294,False,train
c:/Users/Rivan/Projects/AI_Grand_Prix/data/_hf_snapshot/test_50k/20220727164957742-water-concrete-slight.jpg,WET,202207271649,water,concrete,slight,20220727164957742,248daa5d5fcfcc24c59d30dabfa6e966dadac45ef23c827e8ec738d60357e7a6,20220727164957742-water-concrete-slight.jpg,240,360,128.56012731481482,1341.9521277006172,False,train
c:/Users/Rivan/Projects/AI_Grand_Prix/data/_hf_snapshot/test_50k/202207271649582-wet-concrete-slight.jpg,DAMP,202207271649,wet,concrete,slight,202207271649582,1b0d080167f47cd96ce4bb11dd23534f3b59530268774a6e038b660db7045601,202207271649582-wet-concrete-slight.jpg,240,360,122.95238425925926,1610.7596204984354,False,train
c:/Users/Rivan/Projects/AI_Grand_Prix/data/_hf_snapshot/test_50k/2022072716495851-wet-concrete-slight.jpg,DAMP,202207271649,wet,concrete,slight,2022072716495851,37f42cc1f6dcf5c2e608005bcb6b096f406312552a4b280a4e0420d627809631,2022072716495851-wet-concrete-slight.jpg,240,360,130.63,1453.9645502743483,False,train
c:/Users/Rivan/Projects/AI_Grand_Prix/data/_hf_snapshot/test_50k/20220727164959186-wet-concrete-slight.jpg,DAMP,202207271649,wet,concrete,slight,20220727164959186,b952aa0d15e2aaf455affc2bf35ba70c11cf2d7436d69d35b06f79df74583b96,20220727164959186-wet-concrete-slight.jpg,240,360,138.51811342592592,835.0411006589451,False,train
c:/Users/Rivan/Projects/AI_Grand_Prix/data/_hf_snapshot/test_50k/2022072716495991-wet-concrete-slight.jpg,DAMP,202207271649,wet,concrete,slight,2022072716495991,4705d2922b3177e2ff70d7bd89947297aa68c1ab9474aafea0e9f46046debb50,2022072716495991-wet-concrete-slight.jpg,240,360,162.76314814814816,2983.341234565758,False,train
c:/Users/Rivan/Projects/AI_Grand_Prix/data/_hf_snapshot/test_50k/20220727165001389-wet-concrete-severe.jpg,DAMP,202207271650,wet,concrete,severe,20220727165001389,360307f83ca0ccd61c445797223e6171330c1ad8e67c4f4243cf726bda07bcc9,20220727165001389-wet-concrete-severe.jpg,240,360,126.57834490740741,2061.2472724407094,False,train
c:/Users/Rivan/Projects/AI_Grand_Prix/data/_hf_snapshot/test_50k/20220727165004841-water-concrete-slight.jpg,WET,202207271650,water,concrete,slight,20220727165004841,98fb1bc666ffdc5fe6eab7c76d6fa600077870cdfd965f3171a6e441d99d5bbd,20220727165004841-water-concrete-slight.jpg,240,360,164.11121527777777,317.8194862054184,False,train
c:/Users/Rivan/Projects/AI_Grand_Prix/data/_hf_snapshot/test_50k/20220727165006165-water-concrete-slight.jpg,WET,202207271650,water,concrete,slight,20220727165006165,95d50a797001c0db4350ec726b0211e2751ba9d13e5d1712ac6d7588ab81d63e,20220727165006165-water-concrete-slight.jpg,240,360,185.7900462962963,306.2160175840192,False,train
c:/Users/Rivan/Projects/AI_Grand_Prix/data/_hf_snapshot/test_50k/20220727165007414-wet-concrete-slight.jpg,DAMP,202207271650,wet,concrete,slight,20220727165007414,6745c5cb23eb7a0555a16b8ba28494e1945a396e80c1bfcef50d2c78825a3253,20220727165007414-wet-concrete-slight.jpg,240,360,185.10163194444445,237.6504936759206,False,train
c:/Users/Rivan/Projects/AI_Grand_Prix/data/_hf_snapshot/test_50k/20220727165008539-water-concrete-slight.jpg,WET,202207271650,water,concrete,slight,20220727165008539,f4f67a0a326cae5332ce98d66d183bf48277ffdfa2b1dde4a106b6ab03dfdf28,20220727165008539-water-concrete-slight.jpg,240,360,161.83215277777776,2228.204851154059,False,train
c:/Users/Rivan/Projects/AI_Grand_Prix/data/_hf_snapshot/test_50k/20220727165009629-water-concrete-slight.jpg,WET,202207271650,water,concrete,slight,20220727165009629,35a7024296b7bd62d63adfb0cbcf1cd879af5307ab5adcb0616df336b9116f8b,20220727165009629-water-concrete-slight.jpg,240,360,144.52342592592592,1343.4918938394849,False,train
c:/Users/Rivan/Projects/AI_Grand_Prix/data/_hf_snapshot/test_50k/20220727165009709-wet-concrete-slight.jpg,DAMP,202207271650,wet,concrete,slight,20220727165009709,3930ceb74f29b147904cfa5058a01daaf725ddd387c4c21c0452a9ed9c3c8a51,20220727165009709-wet-concrete-slight.jpg,240,360,157.18150462962964,383.44645414041065,False,train
c:/Users/Rivan/Projects/AI_Grand_Prix/data/_hf_snapshot/test_50k/2022072716501130-water-concrete-slight.jpg,WET,202207271650,water,concrete,slight,2022072716501130,2e8991b5f4019526b4be8a95a5a2666ebbdd05269e3912fc3abe75ef86af76dc,2022072716501130-water-concrete-slight.jpg,240,360,171.71458333333334,1125.935002139998,False,train
c:/Users/Rivan/Projects/AI_Grand_Prix/data/_hf_snapshot/test_50k/20220727165011893-water-concrete-slight.jpg,WET,202207271650,water,concrete,slight,20220727165011893,7249331edf62c2d3aad4c8346851375f9735200b85ff190a2ca0ee241f670c2b,20220727165011893-water-concrete-slight.jpg,240,360,182.87872685185187,271.74149598109034,False,train
c:/Users/Rivan/Projects/AI_Grand_Prix/data/_hf_snapshot/test_50k/20220727165012235-wet-concrete-slight.jpg,DAMP,202207271650,wet,concrete,slight,20220727165012235,81b790024780aa75663493b7c7eb41256d1ae0c55cb3a868c34ac083e4fe8107,20220727165012235-wet-concrete-slight.jpg,240,360,171.02868055555555,156.53636406035668,False,train
c:/Users/Rivan/Projects/AI_Grand_Prix/data/_hf_snapshot/test_50k/20220727165013348-water-concrete-slight.jpg,WET,202207271650,water,concrete,slight,20220727165013348,623d6f3e34a5b8121904f2079640b536b9a909aa97825d8922aa6fa1a126f5bc,20220727165013348-water-concrete-slight.jpg,240,360,194.66243055555555,93.7702076769333,False,train
c:/Users/Rivan/Projects/AI_Grand_Prix/data/_hf_snapshot/test_50k/20220727165015669-water-concrete-slight.jpg,WET,202207271650,water,concrete,slight,20220727165015669,b7b59282a6232f23cccfb2785e0370556fad464b057f5c389a83399375fc647b,20220727165015669-water-concrete-slight.jpg,240,360,179.25578703703704,143.23438589878577,False,train
c:/Users/Rivan/Projects/AI_Grand_Prix/data/_hf_snapshot/test_50k/20220727165016752-water-concrete-slight.jpg,WET,202207271650,water,concrete,slight,20220727165016752,ac178bc0637009fc3f8abb1c2ee05f83395e84f29697f712e77a4ae5797b6b05,20220727165016752-water-concrete-slight.jpg,240,360,150.00453703703704,907.0517866941016,False,train
c:/Users/Rivan/Projects/AI_Grand_Prix/data/_hf_snapshot/test_50k/20220727165016754-water-concrete-slight.jpg,WET,202207271650,water,concrete,slight,20220727165016754,e38bb47f21d5e67c26bbcae7ad13a29b44c998ac817795af2f6003a2dec664c0,20220727165016754-water-concrete-slight.jpg,240,360,142.44627314814815,198.82146983654297,False,train
c:/Users/Rivan/Projects/AI_Grand_Prix/data/_hf_snapshot/test_50k/2022072716501755-water-concrete-slight.jpg,WET,202207271650,water,concrete,slight,2022072716501755,7c1a5d0f627a19eb1a6f9deb5579e3764de16d8301fb1269b887c6df483da0fd,2022072716501755-water-concrete-slight.jpg,240,360,179.6574537037037,414.0021334768037,False,train
c:/Users/Rivan/Projects/AI_Grand_Prix/data/_hf_snapshot/test_50k/2022072716501762-water-concrete-slight.jpg,WET,202207271650,water,concrete,slight,2022072716501762,6b36904811d0cc872786d23525b7e43c6b8480019895d7a2e3bcb379143f1f3e,2022072716501762-water-concrete-slight.jpg,240,360,183.76324074074074,373.4956219859182,False,train
c:/Users/Rivan/Projects/AI_Grand_Prix/data/_hf_snapshot/test_50k/2022072716501776-water-concrete-slight.jpg,WET,202207271650,water,concrete,slight,2022072716501776,fd39d694093c1c468c882125d061860b003e5afaf26dcda4e06234990ea225ab,2022072716501776-water-concrete-slight.jpg,240,360,178.75488425925926,348.93227110647615,False,train
c:/Users/Rivan/Projects/AI_Grand_Prix/data/_hf_snapshot/test_50k/20220727165018141-water-concrete-slight.jpg,WET,202207271650,water,concrete,slight,20220727165018141,d685694254bd69a45713e92ec038eac3576bcca61b2a7b66b186d002f6d37880,20220727165018141-water-concrete-slight.jpg,240,360,192.3648611111111,18.02884288073881,False,train
c:/Users/Rivan/Projects/AI_Grand_Prix/data/_hf_snapshot/test_50k/20220727165018195-water-concrete-slight.jpg,WET,202207271650,water,concrete,slight,20220727165018195,bfa270305610a05ad6ef2b6f455ec4112c3fead087df991e9cf7411789501f0a,20220727165018195-water-concrete-slight.jpg,240,360,195.49694444444444,304.786029946711,False,train
c:/Users/Rivan/Projects/AI_Grand_Prix/data/_hf_snapshot/test_50k/20220727165018242-wet-concrete-slight.jpg,DAMP,202207271650,wet,concrete,slight,20220727165018242,a359bb8933f0a39d3a43a0717d004dc1c91d4324e8b0f85d53c71b47b0975c02,20220727165018242-wet-concrete-slight.jpg,240,360,178.5174074074074,345.6812756151406,False,train
c:/Users/Rivan/Projects/AI_Grand_Prix/data/_hf_snapshot/test_50k/20220727165018243-wet-concrete-slight.jpg,DAMP,202207271650,wet,concrete,slight,20220727165018243,c212aebd7c438bde23bd98367dc42d20672fdf3dc9c317b3c90205fff02959be,20220727165018243-wet-concrete-slight.jpg,240,360,178.02805555555557,457.9994212620028,False,train
c:/Users/Rivan/Projects/AI_Grand_Prix/data/_hf_snapshot/test_50k/20220727165020465-water-concrete-slight.jpg,WET,202207271650,water,concrete,slight,20220727165020465,cb017132a2f285497338ba6a3015541d1a4b8415252763d9dadef35d86e98d7e,20220727165020465-water-concrete-slight.jpg,240,360,192.4779976851852,197.21072240172757,False,train
c:/Users/Rivan/Projects/AI_Grand_Prix/data/_hf_snapshot/test_50k/20220727165021590-water-concrete-slight.jpg,WET,202207271650,water,concrete,slight,20220727165021590,e3064b187e1cbf779a00e5706a542839ea099a65ecc073c251b7372bd20a8f7b,20220727165021590-water-concrete-slight.jpg,240,360,175.23163194444444,291.64967841100287,False,train
c:/Users/Rivan/Projects/AI_Grand_Prix/data/_hf_snapshot/test_50k/20220727165021690-wet-concrete-slight.jpg,DAMP,202207271650,wet,concrete,slight,20220727165021690,fa81cbc8cc1c43877da9a0f4ce351bfe5a7a51f4c271956efbcfa2711682ab7e,20220727165021690-wet-concrete-slight.jpg,240,360,192.27502314814814,1125.2862145242575,False,train
c:/Users/Rivan/Projects/AI_Grand_Prix/data/_hf_snapshot/test_50k/20220727165021704-wet-concrete-slight.jpg,DAMP,202207271650,wet,concrete,slight,20220727165021704,439922068bbc87a828e26ba0b41a9f4db6dd0fcafd588c4388c906e82457fd62,20220727165021704-wet-concrete-slight.jpg,240,360,195.8400347222222,839.2432165616426,False,train
c:/Users/Rivan/Projects/AI_Grand_Prix/data/_hf_snapshot/test_50k/20220727165021707-wet-concrete-slight.jpg,DAMP,202207271650,wet,concrete,slight,20220727165021707,06ee22fa7df5b9b54eb465f82e7842cef112f6fff5be0a49b2812b0db1e2a8de,20220727165021707-wet-concrete-slight.jpg,240,360,195.99741898148147,142.61581874517748,False,train
c:/Users/Rivan/Projects/AI_Grand_Prix/data/_hf_snapshot/test_50k/20220727165021718-wet-concrete-slight.jpg,DAMP,202207271650,wet,concrete,slight,20220727165021718,59e1228283d1195795ea052e6a372b89f1d44eb87b1ba303f4614a64cf6f74bb,20220727165021718-wet-concrete-slight.jpg,240,360,192.66239583333333,820.4322209356782,False,train
c:/Users/Rivan/Projects/AI_Grand_Prix/data/_hf_snapshot/test_50k/20220727165022771-wet-concrete-slight.jpg,DAMP,202207271650,wet,concrete,slight,20220727165022771,d242861e6621fbb899dfa00a77b51254a9819f638f59699f34159e9f3859b55e,20220727165022771-wet-concrete-slight.jpg,240,360,193.36561342592591,116.80806162337105,False,train
c:/Users/Rivan/Projects/AI_Grand_Prix/data/_hf_snapshot/test_50k/20220727165024166-wet-concrete-slight.jpg,DAMP,202207271650,wet,concrete,slight,20220727165024166,605a77894cc710d3f29c47551fb39d638ac0045e56a3919a8e7c3c124c2c6a23,20220727165024166-wet-concrete-slight.jpg,240,360,184.9462037037037,685.2487091687028,False,train
c:/Users/Rivan/Projects/AI_Grand_Prix/data/_hf_snapshot/test_50k/2022072716502498-wet-concrete-slight.jpg,DAMP,202207271650,wet,concrete,slight,2022072716502498,900f9845935a9c005353fb824b7802213e49c5dbce968ee53e81cb7588bd4467,2022072716502498-wet-concrete-slight.jpg,240,360,187.03826388888888,2681.457072110768,False,train
c:/Users/Rivan/Projects/AI_Grand_Prix/data/_hf_snapshot/test_50k/20220727165025328-water-concrete-severe.jpg,WET,202207271650,water,concrete,severe,20220727165025328,da012eac80991b87693e6d14f18a1c09ef50411d442d27a9e7a783d545627953,20220727165025328-water-concrete-severe.jpg,240,360,164.21203703703705,466.56337189094114,False,train
c:/Users/Rivan/Projects/AI_Grand_Prix/data/_hf_snapshot/test_50k/20220727165026357-water-concrete-severe.jpg,WET,202207271650,water,concrete,severe,20220727165026357,168531b23383a7fbf4793b7d26e881373d0e8be9e4fe67516dfdc6cc280f5d7a,20220727165026357-water-concrete-severe.jpg,240,360,167.65954861111112,1598.683780600432,False,train
c:/Users/Rivan/Projects/AI_Grand_Prix/data/_hf_snapshot/test_50k/20220727165027586-wet-concrete-slight.jpg,DAMP,202207271650,wet,concrete,slight,20220727165027586,15d8f1b8776fbb3ec5063b79e73478f8328c130260f789698a946d350a4b855e,20220727165027586-wet-concrete-slight.jpg,240,360,161.98381944444444,868.2241529319649,False,train
c:/Users/Rivan/Projects/AI_Grand_Prix/data/_hf_snapshot/test_50k/20220727165028610-wet-concrete-slight.jpg,DAMP,202207271650,wet,concrete,slight,20220727165028610,6b3552adbd521ffe15c6113b898dd2b1f77f86f0e817e0cb825348ba6a7c1c05,20220727165028610-wet-concrete-slight.jpg,240,360,156.76422453703702,1556.0138482590664,False,train
c:/Users/Rivan/Projects/AI_Grand_Prix/data/_hf_snapshot/test_50k/20220727165028665-wet-concrete-slight.jpg,DAMP,202207271650,wet,concrete,slight,20220727165028665,50c49513fd57e16ec6ba303f6548dcedfa7d937129fd6c684a7e05f5cacd2217,20220727165028665-wet-concrete-slight.jpg,240,360,156.17505787037038,1377.3848716369544,False,train
c:/Users/Rivan/Projects/AI_Grand_Prix/data/_hf_snapshot/test_50k/20220727165028689-water-concrete-slight.jpg,WET,202207271650,water,concrete,slight,20220727165028689,0ff41a2e8abdfec5f87c06e074d725790ac11af8be2ce148e9427921c96d7a28,20220727165028689-water-concrete-slight.jpg,240,360,182.50943287037038,78.78875492487569,False,train
c:/Users/Rivan/Projects/AI_Grand_Prix/data/_hf_snapshot/test_50k/20220727165028724-water-concrete-slight.jpg,WET,202207271650,water,concrete,slight,20220727165028724,12b2247b70a380f0accd7e4e57b1ccad2650d6fe355524b9fcf06bad6afc02f4,20220727165028724-water-concrete-slight.jpg,240,360,172.05614583333335,301.79745006416647,False,train
c:/Users/Rivan/Projects/AI_Grand_Prix/data/_hf_snapshot/test_50k/20220727165028742-water-concrete-severe.jpg,WET,202207271650,water,concrete,severe,20220727165028742,11f160cce94ba0b731824960912d9846424135625794d7337f3eebf075c52694,20220727165028742-water-concrete-severe.jpg,240,360,185.68130787037038,1005.5961640603568,False,train
c:/Users/Rivan/Projects/AI_Grand_Prix/data/_hf_snapshot/test_50k/20220727165029850-wet-concrete-slight.jpg,DAMP,202207271650,wet,concrete,slight,20220727165029850,88ff649d77733d0f50a768b71f1b54ccd71c65e669a59fcc36a7e8e24a38be18,20220727165029850-wet-concrete-slight.jpg,240,360,174.09042824074075,290.5645467591253,False,train
c:/Users/Rivan/Projects/AI_Grand_Prix/data/_hf_snapshot/test_50k/20220727165031178-wet-concrete-severe.jpg,DAMP,202207271650,wet,concrete,severe,20220727165031178,27f042e8800fd7bdd6467a146af3e7fb31cb15fa2c4fbaa704ad6ab6696e88f3,20220727165031178-wet-concrete-severe.jpg,240,360,159.92070601851853,1446.5629332742574,False,train
c:/Users/Rivan/Projects/AI_Grand_Prix/data/_hf_snapshot/test_50k/20220727165033489-water-concrete-slight.jpg,WET,202207271650,water,concrete,slight,20220727165033489,cb5f131e3654c065054be19337d0bf04e364a0226ea228eb40bb44e1dfe902d3,20220727165033489-water-concrete-slight.jpg,240,360,171.3380324074074,349.1334469895351,False,train
c:/Users/Rivan/Projects/AI_Grand_Prix/data/_hf_snapshot/test_50k/20220727165033507-water-concrete-severe.jpg,WET,202207271650,water,concrete,severe,20220727165033507,7ed6a0c8d72fc448290a1116c5265dda23bac88037f66fac9a8a5f695d8397e3,20220727165033507-water-concrete-severe.jpg,240,360,165.73618055555556,944.4273659710167,False,train
c:/Users/Rivan/Projects/AI_Grand_Prix/data/_hf_snapshot/test_50k/20220727165033577-water-concrete-severe.jpg,WET,202207271650,water,concrete,severe,20220727165033577,16187818f0042f41fcb785b680778a8755462beebd6d3849bb0d8a108ed26a0b,20220727165033577-water-concrete-severe.jpg,240,360,170.71899305555556,831.6533234845199,False,train
c:/Users/Rivan/Projects/AI_Grand_Prix/data/_hf_snapshot/test_50k/2022072716503641-water-concrete-slight.jpg,WET,202207271650,water,concrete,slight,2022072716503641,846209e727d0973f47d2d0d5ce8185ee80903bf5e395099fabbb53e2bc29f86f,2022072716503641-water-concrete-slight.jpg,240,360,179.4867013888889,2045.8159373371059,False,train
c:/Users/Rivan/Projects/AI_Grand_Prix/data/_hf_snapshot/test_50k/2022072716503651-water-concrete-severe.jpg,WET,202207271650,water,concrete,severe,2022072716503651,be0bf78eeef1770df8436a99b031b523f06bcb3a7f865a38d29ed15380b31cf1,2022072716503651-water-concrete-severe.jpg,240,360,176.89174768518518,360.3915528415423,False,train
c:/Users/Rivan/Projects/AI_Grand_Prix/data/_hf_snapshot/test_50k/2022072716503660-water-concrete-slight.jpg,WET,202207271650,water,concrete,slight,2022072716503660,360ec907bfd4a39d442baf5edb6c89acc5cdaded601b271ba07fd83184766186,2022072716503660-water-concrete-slight.jpg,240,360,166.37207175925926,964.7603445966221,False,train
c:/Users/Rivan/Projects/AI_Grand_Prix/data/_hf_snapshot/test_50k/20220727165036873-water-concrete-severe.jpg,WET,202207271650,water,concrete,severe,20220727165036873,79968c8f780728d50468f30fb6b015f281000e3652d79caade8ebe3b35f8a812,20220727165036873-water-concrete-severe.jpg,240,360,176.9133449074074,1070.7843336334017,False,train
c:/Users/Rivan/Projects/AI_Grand_Prix/data/_hf_snapshot/test_50k/20220727165037162-water-concrete-slight.jpg,WET,202207271650,water,concrete,slight,20220727165037162,5ec94123694391e9c20ea4ce971c8ad1ee1f9f0820ddddb5a8401c6a90864ce5,20220727165037162-water-concrete-slight.jpg,240,360,158.44079861111112,767.4165381601509,False,train
c:/Users/Rivan/Projects/AI_Grand_Prix/data/_hf_snapshot/test_50k/20220727165038267-wet-concrete-slight.jpg,DAMP,202207271650,wet,concrete,slight,20220727165038267,983c8a80ecf0edc6e0b30dbe4f9bb2b8c4cbba493d953c4f2fb0e5bae76ba4db,20220727165038267-wet-concrete-slight.jpg,240,360,167.47949074074074,996.9888484695163,False,train
c:/Users/Rivan/Projects/AI_Grand_Prix/data/_hf_snapshot/test_50k/20220727165038315-water-concrete-severe.jpg,WET,202207271650,water,concrete,severe,20220727165038315,644dcded04df51014112ea800f8f404944cb6e68fcb5dd993dbf7ea52f73be87,20220727165038315-water-concrete-severe.jpg,240,360,162.37384259259258,1321.1115489969136,False,train
c:/Users/Rivan/Projects/AI_Grand_Prix/data/_hf_snapshot/test_50k/20220727165038397-wet-concrete-slight.jpg,DAMP,202207271650,wet,concrete,slight,20220727165038397,7cb32b2fec2d111edaaaa4fa14e86e022826ea862b49b0cbfbe7055adf11195c,20220727165038397-wet-concrete-slight.jpg,240,360,162.01092592592593,417.3642318024477,False,train
c:/Users/Rivan/Projects/AI_Grand_Prix/data/_hf_snapshot/test_50k/20220727165039401-wet-concrete-slight.jpg,DAMP,202207271650,wet,concrete,slight,20220727165039401,408c148e6579440f9670b5207699a24054dfa9c24aa50c8807552b242a6d2fcf,20220727165039401-wet-concrete-slight.jpg,240,360,165.0140162037037,368.41428888888885,False,train
c:/Users/Rivan/Projects/AI_Grand_Prix/data/_hf_snapshot/test_50k/20220727165039427-wet-concrete-slight.jpg,DAMP,202207271650,wet,concrete,slight,20220727165039427,eb8cc00eafcc48cf1780b924c9378bbcef9e8b7f9c68600089594332df7e9bda,20220727165039427-wet-concrete-slight.jpg,240,360,167.9330439814815,1979.8372694423012,False,train
c:/Users/Rivan/Projects/AI_Grand_Prix/data/_hf_snapshot/test_50k/20220727165039498-wet-concrete-slight.jpg,DAMP,202207271650,wet,concrete,slight,20220727165039498,e6be69b5ad8a74aa66667e2b4076237295f91da8b385c790cf908a5beb811516,20220727165039498-wet-concrete-slight.jpg,240,360,177.34756944444445,343.7389793969425,False,train
c:/Users/Rivan/Projects/AI_Grand_Prix/data/_hf_snapshot/test_50k/20220727165041815-wet-concrete-slight.jpg,DAMP,202207271650,wet,concrete,slight,20220727165041815,99664933b55123082f69836786becc4bc33ebf249345090eb97a829bf7c61ee5,20220727165041815-wet-concrete-slight.jpg,240,360,189.61913194444443,305.6864124227056,False,train
c:/Users/Rivan/Projects/AI_Grand_Prix/data/_hf_snapshot/test_50k/20220727165043162-water-concrete-slight.jpg,WET,202207271650,water,concrete,slight,20220727165043162,df6ab2888ece299457663ead64fa679e0526c54ee01a1bdc61990eb5ffcfbcc7,20220727165043162-water-concrete-slight.jpg,240,360,205.55239583333332,113.08780687036501,False,train
c:/Users/Rivan/Projects/AI_Grand_Prix/data/_hf_snapshot/test_50k/20220727165044271-wet-concrete-slight.jpg,DAMP,202207271650,wet,concrete,slight,20220727165044271,fbaa158222b3a6d1e7f9bb6395dcb8ad310fc5242900b37b5e4c230d60feb9d8,20220727165044271-wet-concrete-slight.jpg,240,360,187.35439814814814,184.6011900365173,False,train
c:/Users/Rivan/Projects/AI_Grand_Prix/data/_hf_snapshot/test_50k/20220727165044341-wet-concrete-slight.jpg,DAMP,202207271650,wet,concrete,slight,20220727165044341,0a2fa2184ab66815334bfef5cee0dc6f10f151e2854a12b0365e8a5205efa3aa,20220727165044341-wet-concrete-slight.jpg,240,360,195.27658564814814,292.86758287666646,False,train
c:/Users/Rivan/Projects/AI_Grand_Prix/data/_hf_snapshot/test_50k/20220727165044345-water-concrete-slight.jpg,WET,202207271650,water,concrete,slight,20220727165044345,f60849c90523e6b1e3d44c9570c2671db9afe37f23ddec1005e3b3dc8f58cd4c,20220727165044345-water-concrete-slight.jpg,240,360,177.45583333333335,1311.490942384688,False,train
c:/Users/Rivan/Projects/AI_Grand_Prix/data/_hf_snapshot/test_50k/20220727165044349-wet-concrete-slight.jpg,DAMP,202207271650,wet,concrete,slight,20220727165044349,3be699a893e5013643ec32ec3402c71e48db463a224d02db6b76682aa84e28bf,20220727165044349-wet-concrete-slight.jpg,240,360,184.56782407407408,280.92399860896774,False,train
c:/Users/Rivan/Projects/AI_Grand_Prix/data/_hf_snapshot/test_50k/20220727165045497-wet-concrete-severe.jpg,DAMP,202207271650,wet,concrete,severe,20220727165045497,0c34f9d89773eb94ec485af1dce27ee0a738e3180f8067e73eb0e4aa156ed871,20220727165045497-wet-concrete-severe.jpg,240,360,191.1070601851852,623.000599300733,False,train
c:/Users/Rivan/Projects/AI_Grand_Prix/data/_hf_snapshot/test_50k/20220727165046595-wet-concrete-slight.jpg,DAMP,202207271650,wet,concrete,slight,20220727165046595,3fa126dc1ebc9dc0215d22201c59a3f74cb41da9d849375fb3bf6772181e120c,20220727165046595-wet-concrete-slight.jpg,240,360,179.38297453703703,720.6010385716735,False,train
c:/Users/Rivan/Projects/AI_Grand_Prix/data/_hf_snapshot/test_50k/20220727165046599-wet-concrete-slight.jpg,DAMP,202207271650,wet,concrete,slight,20220727165046599,8f698cc26767d88a50a75d054bc49666cd75b48f8aeea3732a81ea3443d88ee9,20220727165046599-wet-concrete-slight.jpg,240,360,183.08984953703703,843.3593733790938,False,train
c:/Users/Rivan/Projects/AI_Grand_Prix/data/_hf_snapshot/test_50k/20220727165047731-water-concrete-severe.jpg,WET,202207271650,water,concrete,severe,20220727165047731,56aeeefecfddab94afaf28fed9d776b6f3e882ebbf84ab39fa34f6696c1d48fc,20220727165047731-water-concrete-severe.jpg,240,360,184.2878587962963,555.2107709768037,False,train
c:/Users/Rivan/Projects/AI_Grand_Prix/data/_hf_snapshot/test_50k/20220727165047785-wet-concrete-slight.jpg,DAMP,202207271650,wet,concrete,slight,20220727165047785,c5fbdd7ad5dae1a6b19c5f3b1880e642738e943937df1c530e7c15693aa1682c,20220727165047785-wet-concrete-slight.jpg,240,360,185.50828703703704,490.41956862340857,False,train
c:/Users/Rivan/Projects/AI_Grand_Prix/data/_hf_snapshot/test_50k/20220727165047799-wet-concrete-slight.jpg,DAMP,202207271650,wet,concrete,slight,20220727165047799,5ef21a74458b929c7b812164e6263d6377e69932029f540f8a11f40183fe36db,20220727165047799-wet-concrete-slight.jpg,240,360,190.32486111111112,367.945333278544,False,train
c:/Users/Rivan/Projects/AI_Grand_Prix/data/_hf_snapshot/test_50k/20220727165048867-water-concrete-severe.jpg,WET,202207271650,water,concrete,severe,20220727165048867,9f6e52993c282f1b8d612d4eb0f8ab3510002e49bb232bac611c048a620e8abd,20220727165048867-water-concrete-severe.jpg,240,360,175.5817361111111,79.24974526534636,False,train
c:/Users/Rivan/Projects/AI_Grand_Prix/data/_hf_snapshot/test_50k/20220727165048883-water-concrete-severe.jpg,WET,202207271650,water,concrete,severe,20220727165048883,68d291108d28a1d189ec0aba2e0bfb358ed886cfcc99e565b7d635ddf37beee1,20220727165048883-water-concrete-severe.jpg,240,360,180.27469907407408,320.9457182013031,False,train
c:/Users/Rivan/Projects/AI_Grand_Prix/data/_hf_snapshot/test_50k/20220727165049191-water-concrete-severe.jpg,WET,202207271650,water,concrete,severe,20220727165049191,1e3168644c5ffafc2df1396d8218b1899a7c648b95ca40dfd334126bf924e5b1,20220727165049191-water-concrete-severe.jpg,240,360,155.9646875,565.4321410106685,False,train
c:/Users/Rivan/Projects/AI_Grand_Prix/data/_hf_snapshot/test_50k/20220728211601308-dry-concrete-smooth.jpg,DRY,202207282116,dry,concrete,smooth,20220728211601308,333a7e909c2401401db32d923cb2eef08abdf0fe8b5fdea358f6204b90596664,20220728211601308-dry-concrete-smooth.jpg,240,360,225.91077546296296,3.4087024171596365,False,train
c:/Users/Rivan/Projects/AI_Grand_Prix/data/_hf_snapshot/test_50k/20220728211602380-dry-concrete-smooth.jpg,DRY,202207282116,dry,concrete,smooth,20220728211602380,ddba690aac97b4fd86270b511e69de5be4325d3168e33ae7da58cd80cc7713f8,20220728211602380-dry-concrete-smooth.jpg,240,360,222.46633101851853,7.418448653978052,False,train
c:/Users/Rivan/Projects/AI_Grand_Prix/data/_hf_snapshot/test_50k/20220728211609827-dry-concrete-smooth.jpg,DRY,202207282116,dry,concrete,smooth,20220728211609827,1f09138d817f4a5644da6293511c208341ca5900139dff1fed81ae902a989e32,20220728211609827-dry-concrete-smooth.jpg,240,360,220.8571875,1.8645486002604168,False,train
c:/Users/Rivan/Projects/AI_Grand_Prix/data/_hf_snapshot/test_50k/2022072821161014-dry-concrete-smooth.jpg,DRY,202207282116,dry,concrete,smooth,2022072821161014,02e14179a03f3f6c12172735ef786a1c1415641a4f71aea12bdb1c3b9d73fb8b,2022072821161014-dry-concrete-smooth.jpg,240,360,230.1706597222222,2.968355825081447,False,train
c:/Users/Rivan/Projects/AI_Grand_Prix/data/_hf_snapshot/test_50k/20220728211612149-dry-concrete-smooth.jpg,DRY,202207282116,dry,concrete,smooth,20220728211612149,3c163672af2eb4bc6b96d13a2a68f929bbac90ebbf0c81d759b6cf74cc0824fa,20220728211612149-dry-concrete-smooth.jpg,240,360,215.73641203703704,7.819525334228181,False,train
c:/Users/Rivan/Projects/AI_Grand_Prix/data/_hf_snapshot/test_50k/20220728211615341-dry-concrete-smooth.jpg,DRY,202207282116,dry,concrete,smooth,20220728211615341,38bb6102791427932dbe6526080e85413adf94b0dd6c0b1f91f9127df6b76e45,20220728211615341-dry-concrete-smooth.jpg,240,360,221.34010416666666,4.4088184536822705,False,train
c:/Users/Rivan/Projects/AI_Grand_Prix/data/_hf_snapshot/test_50k/20220728211620196-dry-concrete-smooth.jpg,DRY,202207282116,dry,concrete,smooth,20220728211620196,656505f80686117987a41d6f2b07dceb4239e575b3950c23e7e9c3ce614f1ae9,20220728211620196-dry-concrete-smooth.jpg,240,360,228.40975694444444,14.01600380859375,False,train
c:/Users/Rivan/Projects/AI_Grand_Prix/data/_hf_snapshot/test_50k/20220728211621382-dry-concrete-smooth.jpg,DRY,202207282116,dry,concrete,smooth,20220728211621382,7dbddb02b9ca87445fc55fb2db27e3868a52900d864d0d7ee1f234b0d1f0d351,20220728211621382-dry-concrete-smooth.jpg,240,360,228.13293981481482,2.8021180329164523,False,train
c:/Users/Rivan/Projects/AI_Grand_Prix/data/_hf_snapshot/test_50k/20220728211623723-dry-concrete-smooth.jpg,DRY,202207282116,dry,concrete,smooth,20220728211623723,25e2e56f50f49fdd7b3020dc8d49279823e90eed7cfc87d00e7406c5be032aa7,20220728211623723-dry-concrete-smooth.jpg,240,360,230.5085185185185,6.268182863806371,False,train
c:/Users/Rivan/Projects/AI_Grand_Prix/data/_hf_snapshot/test_50k/20220728211623796-dry-concrete-smooth.jpg,DRY,202207282116,dry,concrete,smooth,20220728211623796,09afc704fce0413ec43fb4ab7bc87f1e39b6ebf09948f216930b60680840b274,20220728211623796-dry-concrete-smooth.jpg,240,360,221.66050925925927,4.77371522941851,False,train
c:/Users/Rivan/Projects/AI_Grand_Prix/data/_hf_snapshot/test_50k/20220728211624829-dry-concrete-smooth.jpg,DRY,202207282116,dry,concrete,smooth,20220728211624829,71a8083f75b06a1f41843e3d2c2ec8ac2c2bdea9c0bb791c17a52bbf48c1fe5e,20220728211624829-dry-concrete-smooth.jpg,240,360,234.67471064814814,4.999895822482639,False,train
c:/Users/Rivan/Projects/AI_Grand_Prix/data/_hf_snapshot/test_50k/20220728211627504-dry-concrete-smooth.jpg,DRY,202207282116,dry,concrete,smooth,20220728211627504,47244a57284ad0ca24959e98d8d59c00d50a5a1b2eb44ee230f594cbe16643e4,20220728211627504-dry-concrete-smooth.jpg,240,360,225.59712962962962,3.7569087993773578,False,train
c:/Users/Rivan/Projects/AI_Grand_Prix/data/_hf_snapshot/test_50k/20220728211631217-dry-concrete-smooth.jpg,DRY,202207282116,dry,concrete,smooth,20220728211631217,916bb55bf459f595d7cf71a8e34b8419715b5b28407c911e597faca4324a5483,20220728211631217-dry-concrete-smooth.jpg,240,360,203.35927083333334,35.707575449968914,False,train
c:/Users/Rivan/Projects/AI_Grand_Prix/data/_hf_snapshot/test_50k/20220728211635785-dry-concrete-smooth.jpg,DRY,202207282116,dry,concrete,smooth,20220728211635785,1ef003a21bd43ed166d066cc519fc3448f0781daf99453860162059c62c0ea5f,20220728211635785-dry-concrete-smooth.jpg,240,360,184.36296296296297,925.6548639744888,False,train
c:/Users/Rivan/Projects/AI_Grand_Prix/data/_hf_snapshot/test_50k/20220728211635831-dry-concrete-slight.jpg,DRY,202207282116,dry,concrete,slight,20220728211635831,3d56026af330ab3270341e3e89ca5ed65045f3dc8ed234b883a40c972a01e433,20220728211635831-dry-concrete-slight.jpg,240,360,211.89717592592592,303.9111236062886,False,train
c:/Users/Rivan/Projects/AI_Grand_Prix/data/_hf_snapshot/test_50k/20220728211734118-dry-concrete-smooth.jpg,DRY,202207282117,dry,concrete,smooth,20220728211734118,41ea1ea983948171970416ffe763e3dcb4d9d603efa48aae756f0fec409e8f5a,20220728211734118-dry-concrete-smooth.jpg,240,360,196.34008101851853,9.792104918981481,False,train
c:/Users/Rivan/Projects/AI_Grand_Prix/data/_hf_snapshot/test_50k/20220728211738839-water-concrete-smooth.jpg,WET,202207282117,water,concrete,smooth,20220728211738839,60a16c22925c4a9aab935b072698e1ea6a52de3fefa13241f6f3b1485134d4e9,20220728211738839-water-concrete-smooth.jpg,240,360,150.03694444444446,60.599915155473035,False,train
